Workbook

Sheet Hoja 1
J1: =SUM(J3:J284) -> 1427935.2 | K1: =SUM(K3:K284) -> 876 | W1: =Y1/X1 -> 0.89431335 | X1: =SUM(X3:X284) -> 2023315.5 | Y1: =SUM(Y3:Y284) -> 1809478.1
A2: Articulo | B2: Nombre | C2: UXC | D2: Subfamilia | E2: SN | F2: Categoria | G2: CN | H2: CostoCIVA | I2: CostoXCaja | J2: $Pedido | K2: SumaPedido | L2: 10VentasG | M2: 10ExistenciaG | P2: PedidoLPD | Q2: 30VentasG | R2: 30ExistenciasG | S2: PedMorelia | T2: 50VentasG | U2: 50ExistenciaG | V2: PedidoZam | W2: ExCEDIS | X2: ValorVentaG | Y2: ValorExistenciaG | Z2: 10Actual15 | AA2: 10Actual30R | AB2: 10Anterior15 | AC2: 10Anterior30R | AD2: 10ExistenciaWC | AE2: 40Actual15 | AF2: 40Actual30R | AG2: 40Anterior15 | AH2: 40Anterior30R | AI2: 40ExistenciaWC | AJ2: 42Actual15 | AK2: 42Actual30R | AL2: 42Anterior15 | AM2: 42Anterior30R | AN2: 42ExistenciaWC | AO2: 44Actual15 | AP2: 44Actual30R | AQ2: 44Anterior15 | AR2: 44Anterior30R | AS2: 44ExistenciaWC | AT2: 30Actual15 | AU2: 30Actual30R | AV2: 30Anterior15 | AW2: 30Anterior30R | AX2: 30ExistenciaWC | AY2: 32Actual15 | AZ2: 32Actual30R | BA2: 32Anterior15 | BB2: 32Anterior30R | BC2: 32ExistenciaWC | BD2: 50Actual15 | BE2: 50Actual30R | BF2: 50Anterior15 | BG2: 50Anterior30R | BH2: 50ExistenciaWC | BI2: 54Actual15 | BJ2: 54Actual30R | BK2: 54Anterior15 | BL2: 54Anterior30R | BM2: 54ExistenciaWC
A3: 65124 | B3: SKWINKLES SALSAGHETI SANDIA/12 | C3: 20 | D3: 162 | E3: EFFEM MEXICO INC. Y COMPAÑÍAS EN N.C DE CV | F3: 807 | G3: MATRE MEXICO S DE RL DE CV | H3: 80.936 | I3: 1618.72 | J3: =K3*I3 -> 80936 | K3: =SUM(P3+S3+V3) -> 50 | L3: 49.98 | M3: 43.2 | N3: 42 | O3: 8 | P3: 20 | Q3: 63.85 | R3: 61.2 | S3: 20 | T3: 23.7 | U3: 16.75 | V3: 10 | W3: 0 | X3: 222614.47 | Y3: 196107.93 | Z3: 343 | AA3: 0 | AB3: 474 | AC3: 365 | AD3: 864 | AE3: 0 | AF3: 0 | AG3: 0 | AH3: 0 | AI3: 0 | AJ3: 0 | AK3: 0 | AL3: 0 | AM3: 0 | AN3: 0 | AO3: 0 | AP3: 0 | AQ3: 0 | AR3: 0 | AS3: 0 | AT3: 563 | AU3: 0 | AV3: 497 | AW3: 434 | AX3: 1224 | AY3: 0 | AZ3: 0 | BA3: 0 | BB3: 0 | BC3: 0 | BD3: 400 | BE3: 0 | BF3: 54 | BG3: 40 | BH3: 335 | BI3: 0 | BJ3: 0 | BK3: 0 | BL3: 0 | BM3: 0
A4: 65133 | B4: PANZON LUCAS SANDIA CHAMOY /10 | C4: 24 | D4: 162 | E4: EFFEM MEXICO INC. Y COMPAÑÍAS EN N.C DE CV | F4: 807 | G4: MATRE MEXICO S DE RL DE CV | H4: 76.07 | I4: 1825.68 | J4: =K4*I4 -> 63898.8 | K4: =SUM(P4+S4+V4) -> 35 | L4: 26.29 | M4: 21.58 | N4: 15 | O4: 20 | P4: 10 | Q4: 31.98 | R4: 24.46 | S4: 15 | T4: 14.9 | U4: 16.04 | V4: 10 | W4: 0 | X4: 133578.92 | Y4: 113344.3 | Z4: 228 | AA4: 0 | AB4: 253 | AC4: 300 | AD4: 518 | AE4: 0 | AF4: 0 | AG4: 0 | AH4: 0 | AI4: 0 | AJ4: 0 | AK4: 0 | AL4: 0 | AM4: 0 | AN4: 0 | AO4: 0 | AP4: 0 | AQ4: 0 | AR4: 0 | AS4: 0 | AT4: 229 | AU4: 0 | AV4: 386 | AW4: 305 | AX4: 587 | AY4: 0 | AZ4: 0 | BA4: 0 | BB4: 0 | BC4: 0 | BD4: 225 | BE4: 0 | BF4: 73 | BG4: 119 | BH4: 385 | BI4: 0 | BJ4: 0 | BK4: 0 | BL4: 0 | BM4: 0
A5: 6001 | B5: CHOC SNICKERS /6 | C5: 32 | D5: 162 | E5: EFFEM MEXICO INC. Y COMPAÑÍAS EN N.C DE CV | F5: 558 | G5: CHOCOLATES | H5: 84.1675 | I5: 2693.36 | J5: =K5*I5 -> 94267.6 | K5: =SUM(P5+S5+V5) -> 35 | L5: 15.31 | M5: 6.88 | P5: 15 | Q5: 19.09 | R5: 7.81 | S5: 15 | T5: 12.41 | U5: 8.88 | V5: 5 | W5: 0 | X5: 126082.92 | Y5: 63462.3 | Z5: 161 | AA5: 0 | AB5: 232 | AC5: 194 | AD5: 220 | AE5: 0 | AF5: 0 | AG5: 0 | AH5: 0 | AI5: 0 | AJ5: 0 | AK5: 0 | AL5: 0 | AM5: 0 | AN5: 0 | AO5: 0 | AP5: 0 | AQ5: 0 | AR5: 0 | AS5: 0 | AT5: 195 | AU5: 0 | AV5: 232 | AW5: 368 | AX5: 250 | AY5: 0 | AZ5: 0 | BA5: 0 | BB5: 0 | BC5: 0 | BD5: 205 | BE5: 0 | BF5: 135 | BG5: 114 | BH5: 284 | BI5: 0 | BJ5: 0 | BK5: 0 | BL5: 0 | BM5: 0
A6: 88124 | B6: CH ORBIT 4 S MENTA / 40 | C6: 24 | D6: 162 | E6: EFFEM MEXICO INC. Y COMPAÑÍAS EN N.C DE CV | F6: 974 | G6: CHICLES | H6: 76.9276 | I6: 1846.2624 | J6: =K6*I6 -> 64619.184 | K6: =SUM(P6+S6+V6) -> 35 | L6: 39.02 | M6: 11 | P6: 20 | Q6: 23.94 | R6: 25.75 | S6: 10 | T6: 4.54 | U6: 3.79 | V6: 5 | W6: 0 | X6: 124622.71 | Y6: 74850.55 | Z6: 328 | AA6: 0 | AB6: 451 | AC6: 315 | AD6: 264 | AE6: 0 | AF6: 0 | AG6: 0 | AH6: 0 | AI6: 0 | AJ6: 0 | AK6: 0 | AL6: 0 | AM6: 0 | AN6: 0 | AO6: 0 | AP6: 0 | AQ6: 0 | AR6: 0 | AS6: 0 | AT6: 215 | AU6: 0 | AV6: 248 | AW6: 223 | AX6: 618 | AY6: 0 | AZ6: 0 | BA6: 0 | BB6: 0 | BC6: 0 | BD6: 33 | BE6: 0 | BF6: 55 | BG6: 42 | BH6: 91 | BI6: 0 | BJ6: 0 | BK6: 0 | BL6: 0 | BM6: 0
A7: 65109 | B7: GUSANO LUCAS CHAMOY EXH /10 | C7: 30 | D7: 162 | E7: EFFEM MEXICO INC. Y COMPAÑÍAS EN N.C DE CV | F7: 807 | G7: MATRE MEXICO S DE RL DE CV | H7: 65.2744 | I7: 1958.232 | J7: =K7*I7 -> 58746.96 | K7: =SUM(P7+S7+V7) -> 30 | L7: 16.98 | M7: 16.43 | P7: 5 | Q7: 26 | R7: 15.8 | S7: 15 | T7: 18.35 | U7: 6.57 | V7: 10 | W7: 0 | X7: 120104.9 | Y7: 75979.4 | Z7: 241 | AA7: 0 | AB7: 213 | AC7: 111 | AD7: 493 | AE7: 0 | AF7: 0 | AG7: 0 | AH7: 0 | AI7: 0 | AJ7: 0 | AK7: 0 | AL7: 0 | AM7: 0 | AN7: 0 | AO7: 0 | AP7: 0 | AQ7: 0 | AR7: 0 | AS7: 0 | AT7: 185 | AU7: 0 | AV7: 473 | AW7: 244 | AX7: 474 | AY7: 0 | AZ7: 0 | BA7: 0 | BB7: 0 | BC7: 0 | BD7: 200 | BE7: 0 | BF7: 247 | BG7: 207 | BH7: 197 | BI7: 0 | BJ7: 0 | BK7: 0 | BL7: 0 | BM7: 0
A8: 6002 | B8: CHOC MILKY WAY /6 | C8: 32 | D8: 162 | E8: EFFEM MEXICO INC. Y COMPAÑÍAS EN N.C DE CV | F8: 558 | G8: CHOCOLATES | H8: 84.1675 | I8: 2693.36 | J8: =K8*I8 -> 94267.6 | K8: =SUM(P8+S8+V8) -> 35 | L8: 10.8 | M8: 3.25 | N8: 9 | O8: 26 | P8: 15 | Q8: 16.34 | R8: 7.41 | S8: 15 | T8: 10.64 | U8: 6.19 | V8: 5 | W8: 0 | X8: 101758.51 | Y8: 45366.28 | Z8: 96 | AA8: 0 | AB8: 156 | AC8: 187 | AD8: 104 | AE8: 0 | AF8: 0 | AG8: 0 | AH8: 0 | AI8: 0 | AJ8: 0 | AK8: 0 | AL8: 0 | AM8: 0 | AN8: 0 | AO8: 0 | AP8: 0 | AQ8: 0 | AR8: 0 | AS8: 0 | AT8: 121 | AU8: 0 | AV8: 228 | AW8: 348 | AX8: 237 | AY8: 0 | AZ8: 0 | BA8: 0 | BB8: 0 | BC8: 0 | BD8: 144 | BE8: 0 | BF8: 160 | BG8: 73 | BH8: 198 | BI8: 0 | BJ8: 0 | BK8: 0 | BL8: 0 | BM8: 0
A9: 88102 | B9: CH ORBIT 4 S HIERBABUENA / 40 | C9: 24 | D9: 162 | E9: EFFEM MEXICO INC. Y COMPAÑÍAS EN N.C DE CV | F9: 974 | G9: CHICLES | H9: 76.9276 | I9: 1846.2624 | J9: =K9*I9 -> 18462.624 | K9: =SUM(P9+S9+V9) -> 10 | L9: 19.44 | M9: 36.67 | P9: 0 | Q9: 18.73 | R9: 16.08 | S9: 10 | T9: 4.54 | U9: 5.83 | V9: 0 | W9: 0 | X9: 78850.79 | Y9: 108160.21 | Z9: 232 | AA9: 0 | AB9: 190 | AC9: 89 | AD9: 880 | AE9: 0 | AF9: 0 | AG9: 0 | AH9: 0 | AI9: 0 | AJ9: 0 | AK9: 0 | AL9: 0 | AM9: 0 | AN9: 0 | AO9: 0 | AP9: 0 | AQ9: 0 | AR9: 0 | AS9: 0 | AT9: 153 | AU9: 0 | AV9: 206 | AW9: 181 | AX9: 386 | AY9: 0 | AZ9: 0 | BA9: 0 | BB9: 0 | BC9: 0 | BD9: 32 | BE9: 0 | BF9: 61 | BG9: 32 | BH9: 140 | BI9: 0 | BJ9: 0 | BK9: 0 | BL9: 0 | BM9: 0
A10: 88135 | B10: CH ORBIT 4 S POLAR MINT 4 S / 40 | C10: 24 | D10: 162 | E10: EFFEM MEXICO INC. Y COMPAÑÍAS EN N.C DE CV | F10: 974 | G10: CHICLES | H10: 76.9276 | I10: 1846.2624 | J10: =K10*I10 -> 27693.936 | K10: =SUM(P10+S10+V10) -> 15 | L10: 17.29 | M10: 28.33 | P10: 0 | Q10: 19.17 | R10: 16.17 | S10: 10 | T10: 3.67 | U10: 2.92 | V10: 5 | W10: 0 | X10: 74081.28 | Y10: 87543.61 | Z10: 135 | AA10: 0 | AB10: 218 | AC10: 124 | AD10: 680 | AE10: 0 | AF10: 0 | AG10: 0 | AH10: 0 | AI10: 0 | AJ10: 0 | AK10: 0 | AL10: 0 | AM10: 0 | AN10: 0 | AO10: 0 | AP10: 0 | AQ10: 0 | AR10: 0 | AS10: 0 | AT10: 149 | AU10: 0 | AV10: 248 | AW10: 126 | AX10: 388 | AY10: 0 | AZ10: 0 | BA10: 0 | BB10: 0 | BC10: 0 | BD10: 19 | BE10: 0 | BF10: 53 | BG10: 32 | BH10: 70 | BI10: 0 | BJ10: 0 | BK10: 0 | BL10: 0 | BM10: 0
A11: 88060 | B11: SKITTLES ORIGINAL /10 | C11: 24 | D11: 162 | E11: EFFEM MEXICO INC. Y COMPAÑÍAS EN N.C DE CV | F11: 807 | G11: MATRE MEXICO S DE RL DE CV | H11: 61.51 | I11: 1476.24 | J11: =K11*I11 -> 73812 | K11: =SUM(P11+S11+V11) -> 50 | L11: 12.4 | M11: 1.54 | N11: 10 | O11: 40 | P11: 25 | Q11: 25.94 | R11: 13.21 | S11: 20 | T11: 9.15 | U11: 5.79 | V11: 5 | W11: 0 | X11: 70090.64 | Y11: 30324.43 | Z11: 132 | AA11: 0 | AB11: 103 | AC11: 125 | AD11: 37 | AE11: 0 | AF11: 0 | AG11: 0 | AH11: 0 | AI11: 0 | AJ11: 0 | AK11: 0 | AL11: 0 | AM11: 0 | AN11: 0 | AO11: 0 | AP11: 0 | AQ11: 0 | AR11: 0 | AS11: 0 | AT11: 155 | AU11: 0 | AV11: 313 | AW11: 309 | AX11: 317 | AY11: 0 | AZ11: 0 | BA11: 0 | BB11: 0 | BC11: 0 | BD11: 94 | BE11: 0 | BF11: 106 | BG11: 39 | BH11: 139 | BI11: 0 | BJ11: 0 | BK11: 0 | BL11: 0 | BM11: 0
A12: 65112 | B12: MUECAS LUCAS CHAMOY EXH /10 | C12: 24 | D12: 162 | E12: EFFEM MEXICO INC. Y COMPAÑÍAS EN N.C DE CV | F12: 807 | G12: MATRE MEXICO S DE RL DE CV | H12: 63.79 | I12: 1530.96 | J12: =K12*I12 -> 22964.4 | K12: =SUM(P12+S12+V12) -> 15 | L12: 12.1 | M12: 17.08 | N12: 5 | O12: 10 | P12: 5 | Q12: 24.92 | R12: 25.17 | S12: 5 | T12: 8.15 | U12: 9.71 | V12: 5 | W12: 0 | X12: 69148.36 | Y12: 79546.13 | Z12: 91 | AA12: 0 | AB12: 137 | AC12: 125 | AD12: 410 | AE12: 0 | AF12: 0 | AG12: 0 | AH12: 0 | AI12: 0 | AJ12: 0 | AK12: 0 | AL12: 0 | AM12: 0 | AN12: 0 | AO12: 0 | AP12: 0 | AQ12: 0 | AR12: 0 | AS12: 0 | AT12: 223 | AU12: 0 | AV12: 282 | AW12: 186 | AX12: 604 | AY12: 0 | AZ12: 0 | BA12: 0 | BB12: 0 | BC12: 0 | BD12: 89 | BE12: 0 | BF12: 83 | BG12: 47 | BH12: 233 | BI12: 0 | BJ12: 0 | BK12: 0 | BL12: 0 | BM12: 0
A13: 88158 | B13: CH ORBIT 4 S FRESA / 40 | C13: 24 | D13: 162 | E13: EFFEM MEXICO INC. Y COMPAÑÍAS EN N.C DE CV | F13: 974 | G13: CHICLES | H13: 76.9276 | I13: 1846.2624 | J13: =K13*I13 -> 18462.624 | K13: =SUM(P13+S13+V13) -> 10 | L13: 11.73 | M13: 29.29 | P13: 0 | Q13: 15.88 | R13: 14.92 | S13: 5 | T13: 2.1 | U13: 4.71 | V13: 5 | W13: 0 | X13: 54849.38 | Y13: 90313 | Z13: 109 | AA13: 0 | AB13: 114 | AC13: 117 | AD13: 703 | AE13: 0 | AF13: 0 | AG13: 0 | AH13: 0 | AI13: 0 | AJ13: 0 | AK13: 0 | AL13: 0 | AM13: 0 | AN13: 0 | AO13: 0 | AP13: 0 | AQ13: 0 | AR13: 0 | AS13: 0 | AT13: 129 | AU13: 0 | AV13: 177 | AW13: 150 | AX13: 358 | AY13: 0 | AZ13: 0 | BA13: 0 | BB13: 0 | BC13: 0 | BD13: 16 | BE13: 0 | BF13: 23 | BG13: 23 | BH13: 113 | BI13: 0 | BJ13: 0 | BK13: 0 | BL13: 0 | BM13: 0
A14: 65123 | B14: SKWINKLES CHAMOY EXH /12 | C14: 24 | D14: 162 | E14: EFFEM MEXICO INC. Y COMPAÑÍAS EN N.C DE CV | F14: 807 | G14: MATRE MEXICO S DE RL DE CV | H14: 69.9875 | I14: 1679.7 | J14: =K14*I14 -> 75586.5 | K14: =SUM(P14+S14+V14) -> 45 | L14: 8.44 | M14: 9.83 | N14: 36 | O14: 9 | P14: 10 | Q14: 16.44 | R14: 3.12 | S14: 25 | T14: 7.27 | U14: 3.5 | V14: 10 | W14: 0 | X14: 53995.36 | Y14: 27645.06 | Z14: 61 | AA14: 0 | AB14: 104 | AC14: 75 | AD14: 236 | AE14: 0 | AF14: 0 | AG14: 0 | AH14: 0 | AI14: 0 | AJ14: 0 | AK14: 0 | AL14: 0 | AM14: 0 | AN14: 0 | AO14: 0 | AP14: 0 | AQ14: 0 | AR14: 0 | AS14: 0 | AT14: 145 | AU14: 0 | AV14: 185 | AW14: 129 | AX14: 75 | AY14: 0 | AZ14: 0 | BA14: 0 | BB14: 0 | BC14: 0 | BD14: 77 | BE14: 0 | BF14: 80 | BG14: 35 | BH14: 84 | BI14: 0 | BJ14: 0 | BK14: 0 | BL14: 0 | BM14: 0
A15: 65117 | B15: MUECAS LUCAS CEREZA EXH /10 | C15: 24 | D15: 162 | E15: EFFEM MEXICO INC. Y COMPAÑÍAS EN N.C DE CV | F15: 807 | G15: MATRE MEXICO S DE RL DE CV | H15: 63.79 | I15: 1530.96 | J15: =K15*I15 -> 45928.8 | K15: =SUM(P15+S15+V15) -> 30 | L15: 9.46 | M15: 3.29 | P15: 10 | Q15: 14.79 | R15: 2.96 | S15: 20 | T15: 5.02 | U15: 5.58 | V15: 0 | W15: 0 | X15: 44812.48 | Y15: 18116.36 | Z15: 83 | AA15: 0 | AB15: 102 | AC15: 84 | AD15: 79 | AE15: 0 | AF15: 0 | AG15: 0 | AH15: 0 | AI15: 0 | AJ15: 0 | AK15: 0 | AL15: 0 | AM15: 0 | AN15: 0 | AO15: 0 | AP15: 0 | AQ15: 0 | AR15: 0 | AS15: 0 | AT15: 114 | AU15: 0 | AV15: 173 | AW15: 136 | AX15: 71 | AY15: 0 | AZ15: 0 | BA15: 0 | BB15: 0 | BC15: 0 | BD15: 9 | BE15: 0 | BF15: 68 | BG15: 87 | BH15: 134 | BI15: 0 | BJ15: 0 | BK15: 0 | BL15: 0 | BM15: 0
A16: 6004 | B16: CHOC M&M S PEANUT /6 | C16: 32 | D16: 162 | E16: EFFEM MEXICO INC. Y COMPAÑÍAS EN N.C DE CV | F16: 558 | G16: CHOCOLATES | H16: 80.55 | I16: 2577.6 | J16: =K16*I16 -> 51552 | K16: =SUM(P16+S16+V16) -> 20 | L16: 5.81 | M16: 0.12 | N16: 8 | O16: 12 | P16: 10 | Q16: 8.2 | R16: 2.5 | S16: 10 | T16: 2.28 | U16: 3.44 | V16: 0 | W16: 0 | X16: 42006.82 | Y16: 15626.7 | Z16: 60 | AA16: 0 | AB16: 93 | AC16: 66 | AD16: 4 | AE16: 0 | AF16: 0 | AG16: 0 | AH16: 0 | AI16: 0 | AJ16: 0 | AK16: 0 | AL16: 0 | AM16: 0 | AN16: 0 | AO16: 0 | AP16: 0 | AQ16: 0 | AR16: 0 | AS16: 0 | AT16: 140 | AU16: 0 | AV16: 79 | AW16: 87 | AX16: 80 | AY16: 0 | AZ16: 0 | BA16: 0 | BB16: 0 | BC16: 0 | BD16: 18 | BE16: 0 | BF16: 35 | BG16: 40 | BH16: 110 | BI16: 0 | BJ16: 0 | BK16: 0 | BL16: 0 | BM16: 0
A17: 65120 | B17: MUECAS LUCAS SANDIA EXH /10 | C17: 24 | D17: 162 | E17: EFFEM MEXICO INC. Y COMPAÑÍAS EN N.C DE CV | F17: 807 | G17: MATRE MEXICO S DE RL DE CV | H17: 63.79 | I17: 1530.96 | J17: =K17*I17 -> 45928.8 | K17: =SUM(P17+S17+V17) -> 30 | L17: 7.19 | M17: 2.75 | P17: 15 | Q17: 12.5 | R17: 8.71 | S17: 5 | T17: 6.62 | U17: 1.71 | V17: 10 | W17: 0 | X17: 40283.38 | Y17: 20157.64 | Z17: 51 | AA17: 0 | AB17: 88 | AC17: 67 | AD17: 66 | AE17: 0 | AF17: 0 | AG17: 0 | AH17: 0 | AI17: 0 | AJ17: 0 | AK17: 0 | AL17: 0 | AM17: 0 | AN17: 0 | AO17: 0 | AP17: 0 | AQ17: 0 | AR17: 0 | AS17: 0 | AT17: 55 | AU17: 0 | AV17: 177 | AW17: 136 | AX17: 209 | AY17: 0 | AZ17: 0 | BA17: 0 | BB17: 0 | BC17: 0 | BD17: 66 | BE17: 0 | BF17: 69 | BG17: 48 | BH17: 41 | BI17: 0 | BJ17: 0 | BK17: 0 | BL17: 0 | BM17: 0
A18: 88033 | B18: CH WRIGLEY S WINTERFRESH 5 S / 20 | C18: 40 | D18: 162 | E18: EFFEM MEXICO INC. Y COMPAÑÍAS EN N.C DE CV | F18: 974 | G18: CHICLES | H18: 123.2556 | I18: 4930.224 | J18: =K18*I18 -> 29581.344 | K18: =SUM(P18+S18+V18) -> 6 | L18: 3 | M18: 1.65 | P18: 3 | Q18: 2.72 | R18: 3.95 | S18: 0 | T18: 2.38 | U18: 0.72 | V18: 3 | W18: 0 | X18: 39934.81 | Y18: 31183.67 | Z18: 54 | AA18: 0 | AB18: 61 | AC18: 10 | AD18: 66 | AE18: 0 | AF18: 0 | AG18: 0 | AH18: 0 | AI18: 0 | AJ18: 0 | AK18: 0 | AL18: 0 | AM18: 0 | AN18: 0 | AO18: 0 | AP18: 0 | AQ18: 0 | AR18: 0 | AS18: 0 | AT18: 42 | AU18: 0 | AV18: 42 | AW18: 50 | AX18: 158 | AY18: 0 | AZ18: 0 | BA18: 0 | BB18: 0 | BC18: 0 | BD18: 55 | BE18: 0 | BF18: 40 | BG18: 0 | BH18: 29 | BI18: 0 | BJ18: 0 | BK18: 0 | BL18: 0 | BM18: 0
A19: 65113 | B19: MUECAS LUCAS MANGO EXH /10 | C19: 24 | D19: 162 | E19: EFFEM MEXICO INC. Y COMPAÑÍAS EN N.C DE CV | F19: 807 | G19: MATRE MEXICO S DE RL DE CV | H19: 63.79 | I19: 1530.96 | J19: =K19*I19 -> 7654.8 | K19: =SUM(P19+S19+V19) -> 5 | L19: 6.25 | M19: 17.33 | O19: 2 | P19: 0 | Q19: 12.29 | R19: 11.71 | S19: 5 | T19: 5.73 | U19: 7.33 | V19: 0 | W19: 0 | X19: 37157.67 | Y19: 55688.67 | Z19: 35 | AA19: 0 | AB19: 90 | AC19: 50 | AD19: 416 | AE19: 0 | AF19: 0 | AG19: 0 | AH19: 0 | AI19: 0 | AJ19: 0 | AK19: 0 | AL19: 0 | AM19: 0 | AN19: 0 | AO19: 0 | AP19: 0 | AQ19: 0 | AR19: 0 | AS19: 0 | AT19: 53 | AU19: 0 | AV19: 195 | AW19: 94 | AX19: 281 | AY19: 0 | AZ19: 0 | BA19: 0 | BB19: 0 | BC19: 0 | BD19: 77 | BE19: 0 | BF19: 34 | BG19: 53 | BH19: 176 | BI19: 0 | BJ19: 0 | BK19: 0 | BL19: 0 | BM19: 0
A20: 6003 | B20: CHOC M&M S PLAIN /6 | C20: 32 | D20: 162 | E20: EFFEM MEXICO INC. Y COMPAÑÍAS EN N.C DE CV | F20: 558 | G20: CHOCOLATES | H20: 80.55 | I20: 2577.6 | J20: =K20*I20 -> 25776 | K20: =SUM(P20+S20+V20) -> 10 | L20: 5 | M20: 0.59 | O20: 8 | P20: 5 | Q20: 6.48 | R20: 4.09 | S20: 5 | T20: 2.25 | U20: 2.38 | V20: 0 | W20: 0 | X20: 35401.72 | Y20: 18204.3 | Z20: 52 | AA20: 0 | AB20: 71 | AC20: 74 | AD20: 19 | AE20: 0 | AF20: 0 | AG20: 0 | AH20: 0 | AI20: 0 | AJ20: 0 | AK20: 0 | AL20: 0 | AM20: 0 | AN20: 0 | AO20: 0 | AP20: 0 | AQ20: 0 | AR20: 0 | AS20: 0 | AT20: 82 | AU20: 0 | AV20: 68 | AW20: 115 | AX20: 131 | AY20: 0 | AZ20: 0 | BA20: 0 | BB20: 0 | BC20: 0 | BD20: 20 | BE20: 0 | BF20: 34 | BG20: 36 | BH20: 76 | BI20: 0 | BJ20: 0 | BK20: 0 | BL20: 0 | BM20: 0
A21: 65152 | B21: SKWINKLOTE SANDIA (240G) /6 | C21: 24 | D21: 162 | E21: EFFEM MEXICO INC. Y COMPAÑÍAS EN N.C DE CV | F21: 807 | G21: MATRE MEXICO S DE RL DE CV | H21: 63.0306 | I21: 1512.7344 | J21: =K21*I21 -> 30254.688 | K21: =SUM(P21+S21+V21) -> 20 | L21: 9.35 | M21: 1.54 | P21: 10 | Q21: 6.83 | R21: 4.42 | S21: 10 | T21: 5.12 | U21: 5.54 | V21: 0 | W21: 0 | X21: 32240.15 | Y21: 17396.45 | Z21: 107 | AA21: 0 | AB21: 100 | AC21: 35 | AD21: 37 | AE21: 0 | AF21: 0 | AG21: 0 | AH21: 0 | AI21: 0 | AJ21: 0 | AK21: 0 | AL21: 0 | AM21: 0 | AN21: 0 | AO21: 0 | AP21: 0 | AQ21: 0 | AR21: 0 | AS21: 0 | AT21: 80 | AU21: 0 | AV21: 48 | AW21: 72 | AX21: 106 | AY21: 0 | AZ21: 0 | BA21: 0 | BB21: 0 | BC21: 0 | BD21: 40 | BE21: 0 | BF21: 49 | BG21: 68 | BH21: 133 | BI21: 0 | BJ21: 0 | BK21: 0 | BL21: 0 | BM21: 0
A22: 65165 | B22: MUECAS LUCAS PEPINO EXH /10 | C22: 24 | D22: 162 | E22: EFFEM MEXICO INC. Y COMPAÑÍAS EN N.C DE CV | F22: 807 | G22: MATRE MEXICO S DE RL DE CV | H22: 63.79 | I22: 1530.96 | J22: =K22*I22 -> 7654.8 | K22: =SUM(P22+S22+V22) -> 5 | L22: 4.75 | M22: 17.38 | P22: 0 | Q22: 8.9 | R22: 6.25 | S22: 5 | T22: 5.62 | U22: 2.92 | V22: 0 | W22: 0 | X22: 29502.88 | Y22: 40634.23 | Z22: 27 | AA22: 0 | AB22: 63 | AC22: 48 | AD22: 417 | AE22: 0 | AF22: 0 | AG22: 0 | AH22: 0 | AI22: 0 | AJ22: 0 | AK22: 0 | AL22: 0 | AM22: 0 | AN22: 0 | AO22: 0 | AP22: 0 | AQ22: 0 | AR22: 0 | AS22: 0 | AT22: 51 | AU22: 0 | AV22: 111 | AW22: 103 | AX22: 150 | AY22: 0 | AZ22: 0 | BA22: 0 | BB22: 0 | BC22: 0 | BD22: 50 | BE22: 0 | BF22: 63 | BG22: 44 | BH22: 70 | BI22: 0 | BJ22: 0 | BK22: 0 | BL22: 0 | BM22: 0
A23: 88161 | B23: SKITTLES WILDBERRIES /10 | C23: 24 | D23: 162 | E23: EFFEM MEXICO INC. Y COMPAÑÍAS EN N.C DE CV | F23: 807 | G23: MATRE MEXICO S DE RL DE CV | H23: 61.51 | I23: 1476.24 | J23: =K23*I23 -> 22143.6 | K23: =SUM(P23+S23+V23) -> 15 | L23: 5.79 | M23: 2.46 | P23: 10 | Q23: 9.35 | R23: 15.29 | S23: 0 | T23: 4.21 | U23: 0.96 | V23: 5 | W23: 0 | X23: 28571.4 | Y23: 27617.99 | Z23: 40 | AA23: 0 | AB23: 76 | AC23: 46 | AD23: 59 | AE23: 0 | AF23: 0 | AG23: 0 | AH23: 0 | AI23: 0 | AJ23: 0 | AK23: 0 | AL23: 0 | AM23: 0 | AN23: 0 | AO23: 0 | AP23: 0 | AQ23: 0 | AR23: 0 | AS23: 0 | AT23: 57 | AU23: 0 | AV23: 121 | AW23: 93 | AX23: 367 | AY23: 0 | AZ23: 0 | BA23: 0 | BB23: 0 | BC23: 0 | BD23: 31 | BE23: 0 | BF23: 69 | BG23: 2 | BH23: 23 | BI23: 0 | BJ23: 0 | BK23: 0 | BL23: 0 | BM23: 0
A24: 6041 | B24: EXHIBIDOR VARIETY PACK/14 630.6GR | C24: 10 | D24: 162 | E24: EFFEM MEXICO INC. Y COMPAÑÍAS EN N.C DE CV | F24: 558 | G24: CHOCOLATES | H24: 181.19 | I24: 1811.9 | J24: =K24*I24 -> 27178.5 | K24: =SUM(P24+S24+V24) -> 15 | L24: 0 | M24: 0 | P24: =L24*0.8-M24 -> 0 | Q24: 0 | R24: 0 | S24: 15 | T24: 0 | U24: 0 | V24: =T24*0.8-U24 -> 0 | W24: 0 | X24: 0 | Y24: 0 | Z24: 0 | AA24: 0 | AB24: 0 | AC24: 0 | AD24: 0 | AE24: 0 | AF24: 0 | AG24: 0 | AH24: 0 | AI24: 0 | AJ24: 0 | AK24: 0 | AL24: 0 | AM24: 0 | AN24: 0 | AO24: 0 | AP24: 0 | AQ24: 0 | AR24: 0 | AS24: 0 | AT24: 0 | AU24: 0 | AV24: 0 | AW24: 0 | AX24: 0 | AY24: 0 | AZ24: 0 | BA24: 0 | BB24: 0 | BC24: 0 | BD24: 0 | BE24: 0 | BF24: 0 | BG24: 0 | BH24: 0 | BI24: 0 | BJ24: 0 | BK24: 0 | BL24: 0 | BM24: 0
A25: 6020 | B25: CH HUBBA BUBBA ORIGINAL / 6 | C25: 24 | D25: 162 | E25: EFFEM MEXICO INC. Y COMPAÑÍAS EN N.C DE CV | F25: 974 | G25: CHICLES | H25: 107.6336 | I25: 2583.2064 | J25: =K25*I25 -> 25832.064 | K25: =SUM(P25+S25+V25) -> 10 | L25: 0.9 | M25: 0.79 | P25: 5 | Q25: 4.62 | R25: 1.62 | S25: 5 | T25: 2.08 | U25: 2.75 | V25: 0 | W25: 0 | X25: 19643.13 | Y25: 13346.57 | Z25: 0 | AA25: 0 | AB25: 14 | AC25: 15 | AD25: 19 | AE25: 0 | AF25: 0 | AG25: 0 | AH25: 0 | AI25: 0 | AJ25: 0 | AK25: 0 | AL25: 0 | AM25: 0 | AN25: 0 | AO25: 0 | AP25: 0 | AQ25: 0 | AR25: 0 | AS25: 0 | AT25: 47 | AU25: 0 | AV25: 45 | AW25: 38 | AX25: 39 | AY25: 0 | AZ25: 0 | BA25: 0 | BB25: 0 | BC25: 0 | BD25: 21 | BE25: 0 | BF25: 20 | BG25: 18 | BH25: 66 | BI25: 0 | BJ25: 0 | BK25: 0 | BL25: 0 | BM25: 0
A26: 65100 | B26: SKWINKLES SANDIA C/CHILE RELLENOS /12 | C26: 24 | D26: 162 | E26: EFFEM MEXICO INC. Y COMPAÑÍAS EN N.C DE CV | F26: 807 | G26: MATRE MEXICO S DE RL DE CV | H26: 80.9362 | I26: 1942.4688 | J26: =K26*I26 -> 15539.75 | K26: =SUM(P26+S26+V26) -> 8 | L26: 2.4 | M26: 0 | P26: 5 | Q26: 3.98 | R26: 2.42 | S26: 3 | T26: 1.96 | U26: 6.33 | V26: 0 | W26: 0 | X26: 16187.24 | Y26: 16996.6 | Z26: 24 | AA26: 0 | AB26: 0 | AC26: 67 | AD26: 0 | AE26: 0 | AF26: 0 | AG26: 0 | AH26: 0 | AI26: 0 | AJ26: 0 | AK26: 0 | AL26: 0 | AM26: 0 | AN26: 0 | AO26: 0 | AP26: 0 | AQ26: 0 | AR26: 0 | AS26: 0 | AT26: 51 | AU26: 0 | AV26: 16 | AW26: 57 | AX26: 58 | AY26: 0 | AZ26: 0 | BA26: 0 | BB26: 0 | BC26: 0 | BD26: 47 | BE26: 0 | BF26: 0 | BG26: 0 | BH26: 152 | BI26: 0 | BJ26: 0 | BK26: 0 | BL26: 0 | BM26: 0
A27: 6015 | B27: CHOC SNICKERS SNACK 21.5GR /11 | C27: 18 | D27: 162 | E27: EFFEM MEXICO INC. Y COMPAÑÍAS EN N.C DE CV | F27: 558 | G27: CHOCOLATES | H27: 96.61 | I27: 1738.98 | J27: =K27*I27 -> 19128.78 | K27: =SUM(P27+S27+V27) -> 11 | L27: 1.08 | M27: 0 | P27: 4 | Q27: 7.94 | R27: 4.11 | S27: 5 | T27: 0.22 | U27: 0.11 | V27: 2 | W27: 0 | X27: 16085.56 | Y27: 7342.36 | Z27: 0 | AA27: 0 | AB27: 9 | AC27: 21 | AD27: 0 | AE27: 0 | AF27: 0 | AG27: 0 | AH27: 0 | AI27: 0 | AJ27: 0 | AK27: 0 | AL27: 0 | AM27: 0 | AN27: 0 | AO27: 0 | AP27: 0 | AQ27: 0 | AR27: 0 | AS27: 0 | AT27: 51 | AU27: 0 | AV27: 55 | AW27: 74 | AX27: 74 | AY27: 0 | AZ27: 0 | BA27: 0 | BB27: 0 | BC27: 0 | BD27: 4 | BE27: 0 | BF27: 0 | BG27: 0 | BH27: 2 | BI27: 0 | BJ27: 0 | BK27: 0 | BL27: 0 | BM27: 0
A28: 6021 | B28: CH HUBBA BUBBA GRAPE / 6 | C28: 24 | D28: 162 | E28: EFFEM MEXICO INC. Y COMPAÑÍAS EN N.C DE CV | F28: 974 | G28: CHICLES | H28: 107.6336 | I28: 2583.2064 | J28: =K28*I28 -> 33581.683 | K28: =SUM(P28+S28+V28) -> 13 | L28: 1.08 | M28: -0.17 | P28: 5 | Q28: 3.42 | R28: 0.08 | S28: 5 | T28: 1.6 | U28: 0.17 | V28: 3 | W28: 0 | X28: 15768.32 | Y28: 215.27 | Z28: 11 | AA28: 0 | AB28: 10 | AC28: 10 | AD28: -4 | AE28: 0 | AF28: 0 | AG28: 0 | AH28: 0 | AI28: 0 | AJ28: 0 | AK28: 0 | AL28: 0 | AM28: 0 | AN28: 0 | AO28: 0 | AP28: 0 | AQ28: 0 | AR28: 0 | AS28: 0 | AT28: 22 | AU28: 0 | AV28: 44 | AW28: 32 | AX28: 2 | AY28: 0 | AZ28: 0 | BA28: 0 | BB28: 0 | BC28: 0 | BD28: 18 | BE28: 0 | BF28: 10 | BG28: 21 | BH28: 4 | BI28: 0 | BJ28: 0 | BK28: 0 | BL28: 0 | BM28: 0
A29: 96183 | B29: EXH SKWINKLES CHUNKS MANGO 270GR/ 6 | C29: 20 | D29: 162 | E29: EFFEM MEXICO INC. Y COMPAÑÍAS EN N.C DE CV | F29: 807 | G29: MATRE MEXICO S DE RL DE CV | H29: 73.9487 | I29: 1478.974 | J29: =K29*I29 -> 19226.662 | K29: =SUM(P29+S29+V29) -> 13 | L29: 1.98 | M29: 0.55 | N29: 10 | P29: 3 | Q29: 7.15 | R29: 1.9 | S29: 8 | T29: 0.5 | U29: 0.55 | V29: 2 | W29: 0 | X29: 14235.12 | Y29: 4436.92 | Z29: 15 | AA29: 0 | AB29: 14 | AC29: 21 | AD29: 11 | AE29: 0 | AF29: 0 | AG29: 0 | AH29: 0 | AI29: 0 | AJ29: 0 | AK29: 0 | AL29: 0 | AM29: 0 | AN29: 0 | AO29: 0 | AP29: 0 | AQ29: 0 | AR29: 0 | AS29: 0 | AT29: 39 | AU29: 0 | AV29: 82 | AW29: 44 | AX29: 38 | AY29: 0 | AZ29: 0 | BA29: 0 | BB29: 0 | BC29: 0 | BD29: 9 | BE29: 0 | BF29: 1 | BG29: 0 | BH29: 11 | BI29: 0 | BJ29: 0 | BK29: 0 | BL29: 0 | BM29: 0
A30: 6093 | B30: CHOC SNICKERS ALMOND 260G / 6 | C30: 12 | D30: 162 | E30: EFFEM MEXICO INC. Y COMPAÑÍAS EN N.C DE CV | F30: 558 | G30: CHOCOLATES | H30: 84.1675 | I30: 1010.01 | J30: =K30*I30 -> 13130.13 | K30: =SUM(P30+S30+V30) -> 13 | L30: 4.12 | M30: 0.5 | P30: 5 | Q30: 7.08 | R30: 4.75 | S30: 5 | T30: 2 | U30: 0 | V30: 3 | W30: 0 | X30: 13340.55 | Y30: 5302.55 | Z30: 6 | AA30: 0 | AB30: 26 | AC30: 35 | AD30: 6 | AE30: 0 | AF30: 0 | AG30: 0 | AH30: 0 | AI30: 0 | AJ30: 0 | AK30: 0 | AL30: 0 | AM30: 0 | AN30: 0 | AO30: 0 | AP30: 0 | AQ30: 0 | AR30: 0 | AS30: 0 | AT30: 21 | AU30: 0 | AV30: 43 | AW30: 42 | AX30: 57 | AY30: 0 | AZ30: 0 | BA30: 0 | BB30: 0 | BC30: 0 | BD30: 0 | BE30: 0 | BF30: 24 | BG30: 0 | BH30: 0 | BI30: 0 | BJ30: 0 | BK30: 0 | BL30: 0 | BM30: 0
A31: 97317 | B31: CAJA SNICKERS MINIS 81GR / MARS | C31: 20 | D31: 162 | E31: EFFEM MEXICO INC. Y COMPAÑÍAS EN N.C DE CV | F31: 162 | G31: EFFEM MEXICO INC. Y COMPAÑÍA S EN N.C DE CV | H31: 33.9863 | I31: 679.726 | J31: =K31*I31 -> 6797.26 | K31: =SUM(P31+S31+V31) -> 10 | L31: 6.3 | M31: 3.7 | P31: 4 | Q31: 10.85 | R31: 2.15 | S31: 6 | T31: 1.3 | U31: 7.35 | V31: 0 | W31: 0 | X31: 12540.94 | Y31: 8972.38 | Z31: 126 | AA31: 0 | AB31: 0 | AC31: 0 | AD31: 74 | AE31: 0 | AF31: 0 | AG31: 0 | AH31: 0 | AI31: 0 | AJ31: 0 | AK31: 0 | AL31: 0 | AM31: 0 | AN31: 0 | AO31: 0 | AP31: 0 | AQ31: 0 | AR31: 0 | AS31: 0 | AT31: 217 | AU31: 0 | AV31: 0 | AW31: 0 | AX31: 43 | AY31: 0 | AZ31: 0 | BA31: 0 | BB31: 0 | BC31: 0 | BD31: 26 | BE31: 0 | BF31: 0 | BG31: 0 | BH31: 147 | BI31: 0 | BJ31: 0 | BK31: 0 | BL31: 0 | BM31: 0
A32: 65103 | B32: BOMVASO LUCAS LIMON /10 LUCAS | C32: 24 | D32: 162 | E32: EFFEM MEXICO INC. Y COMPAÑÍAS EN N.C DE CV | F32: 807 | G32: MATRE MEXICO S DE RL DE CV | H32: 61.1678 | I32: 1468.0272 | J32: =K32*I32 -> 14680.272 | K32: =SUM(P32+S32+V32) -> 10 | L32: 1.35 | M32: 0 | P32: 3 | Q32: 5.15 | R32: 0 | S32: 5 | T32: 1.9 | U32: 0 | V32: 2 | W32: 0 | X32: 12325.31 | Y32: 0 | Z32: 0 | AA32: 0 | AB32: 20 | AC32: 25 | AD32: 0 | AE32: 0 | AF32: 0 | AG32: 0 | AH32: 0 | AI32: 0 | AJ32: 0 | AK32: 0 | AL32: 0 | AM32: 0 | AN32: 0 | AO32: 0 | AP32: 0 | AQ32: 0 | AR32: 0 | AS32: 0 | AT32: 0 | AU32: 0 | AV32: 97 | AW32: 53 | AX32: 0 | AY32: 0 | AZ32: 0 | BA32: 0 | BB32: 0 | BC32: 0 | BD32: 0 | BE32: 0 | BF32: 28 | BG32: 35 | BH32: 0 | BI32: 0 | BJ32: 0 | BK32: 0 | BL32: 0 | BM32: 0
A33: 65126 | B33: SKWINKLES PIÑA/TAM RELLENO /12 | C33: 24 | D33: 162 | E33: EFFEM MEXICO INC. Y COMPAÑÍAS EN N.C DE CV | F33: 807 | G33: MATRE MEXICO S DE RL DE CV | H33: 80.9362 | I33: 1942.4688 | J33: =K33*I33 -> 0 | K33: =SUM(P33+S33+V33) -> 0 | L33: 3.52 | M33: 6.04 | P33: 0 | Q33: 2.52 | R33: 2.71 | S33: 0 | T33: 0.29 | U33: 3 | V33: 0 | W33: 0 | X33: 12302.3 | Y33: 22824.01 | Z33: 70 | AA33: 0 | AB33: 9 | AC33: 11 | AD33: 145 | AE33: 0 | AF33: 0 | AG33: 0 | AH33: 0 | AI33: 0 | AJ33: 0 | AK33: 0 | AL33: 0 | AM33: 0 | AN33: 0 | AO33: 0 | AP33: 0 | AQ33: 0 | AR33: 0 | AS33: 0 | AT33: 36 | AU33: 0 | AV33: 0 | AW33: 49 | AX33: 65 | AY33: 0 | AZ33: 0 | BA33: 0 | BB33: 0 | BC33: 0 | BD33: 7 | BE33: 0 | BF33: 0 | BG33: 0 | BH33: 72 | BI33: 0 | BJ33: 0 | BK33: 0 | BL33: 0 | BM33: 0
A34: 88031 | B34: CH WRIGLEY S DOUBLEMINT /20 | C34: 40 | D34: 162 | E34: EFFEM MEXICO INC. Y COMPAÑÍAS EN N.C DE CV | F34: 974 | G34: CHICLES | H34: 123.2556 | I34: 4930.224 | J34: =K34*I34 -> 24651.12 | K34: =SUM(P34+S34+V34) -> 5 | L34: 0.75 | M34: 0.12 | P34: 3 | Q34: 1 | R34: 1 | S34: 1 | T34: 0.62 | U34: 0.32 | V34: 1 | W34: 0 | X34: 11709.28 | Y34: 7148.82 | Z34: 30 | AA34: 0 | AB34: 0 | AC34: 0 | AD34: 5 | AE34: 0 | AF34: 0 | AG34: 0 | AH34: 0 | AI34: 0 | AJ34: 0 | AK34: 0 | AL34: 0 | AM34: 0 | AN34: 0 | AO34: 0 | AP34: 0 | AQ34: 0 | AR34: 0 | AS34: 0 | AT34: 40 | AU34: 0 | AV34: 0 | AW34: 0 | AX34: 40 | AY34: 0 | AZ34: 0 | BA34: 0 | BB34: 0 | BC34: 0 | BD34: 25 | BE34: 0 | BF34: 0 | BG34: 0 | BH34: 13 | BI34: 0 | BJ34: 0 | BK34: 0 | BL34: 0 | BM34: 0
A35: 65045 | B35: CHOC CONEJO MINI (120 GR) / 12 TURIN | C35: 18 | D35: 162 | E35: EFFEM MEXICO INC. Y COMPAÑÍAS EN N.C DE CV | F35: 123 | G35: CHOCOLATES TURIN S.A. DE C.V. | H35: 60.8763 | I35: 1095.7734 | J35: =K35*I35 -> 13149.281 | K35: =SUM(P35+S35+V35) -> 12 | L35: 2.97 | M35: 0 | P35: 3 | Q35: 6.25 | R35: 0.11 | S35: 7 | T35: 1.42 | U35: 0.06 | V35: 2 | W35: 0 | X35: 11657.81 | Y35: 182.63 | Z35: 0 | AA35: 0 | AB35: 18 | AC35: 71 | AD35: 0 | AE35: 0 | AF35: 0 | AG35: 0 | AH35: 0 | AI35: 0 | AJ35: 0 | AK35: 0 | AL35: 0 | AM35: 0 | AN35: 0 | AO35: 0 | AP35: 0 | AQ35: 0 | AR35: 0 | AS35: 0 | AT35: 27 | AU35: 0 | AV35: 51 | AW35: 69 | AX35: 2 | AY35: 0 | AZ35: 0 | BA35: 0 | BB35: 0 | BC35: 0 | BD35: 9 | BE35: 0 | BF35: 15 | BG35: 3 | BH35: 1 | BI35: 0 | BJ35: 0 | BK35: 0 | BL35: 0 | BM35: 0
A36: 65140 | B36: SKWINKLES MANGO CHAMOY ENCHILADO /12 | C36: 24 | D36: 162 | E36: EFFEM MEXICO INC. Y COMPAÑÍAS EN N.C DE CV | F36: 807 | G36: MATRE MEXICO S DE RL DE CV | H36: 69.9875 | I36: 1679.7 | J36: =K36*I36 -> 0 | K36: =SUM(P36+S36+V36) -> 0 | L36: 2.5 | M36: 0.04 | P36: 0 | Q36: 3.75 | R36: 12.62 | S36: 0 | T36: 0.67 | U36: 3.83 | V36: 0 | W36: 0 | X36: 11617.92 | Y36: 27715.05 | Z36: 23 | AA36: 0 | AB36: 34 | AC36: 6 | AD36: 1 | AE36: 0 | AF36: 0 | AG36: 0 | AH36: 0 | AI36: 0 | AJ36: 0 | AK36: 0 | AL36: 0 | AM36: 0 | AN36: 0 | AO36: 0 | AP36: 0 | AQ36: 0 | AR36: 0 | AS36: 0 | AT36: 37 | AU36: 0 | AV36: 25 | AW36: 56 | AX36: 303 | AY36: 0 | AZ36: 0 | BA36: 0 | BB36: 0 | BC36: 0 | BD36: 16 | BE36: 0 | BF36: 0 | BG36: 0 | BH36: 92 | BI36: 0 | BJ36: 0 | BK36: 0 | BL36: 0 | BM36: 0
A37: 2048 | B37: CH HUBBA BUBBA FRESA / 6 MARS | C37: 24 | D37: 162 | E37: EFFEM MEXICO INC. Y COMPAÑÍAS EN N.C DE CV | F37: 974 | G37: CHICLES | H37: 107.6336 | I37: 2583.2064 | J37: =K37*I37 -> 20665.651 | K37: =SUM(P37+S37+V37) -> 8 | L37: 0.33 | M37: 0 | P37: 3 | Q37: 3.29 | R37: 1.17 | S37: 3 | T37: 0.71 | U37: 0.5 | V37: 2 | W37: 0 | X37: 11193.89 | Y37: 4305.34 | Z37: 0 | AA37: 0 | AB37: 8 | AC37: 0 | AD37: 0 | AE37: 0 | AF37: 0 | AG37: 0 | AH37: 0 | AI37: 0 | AJ37: 0 | AK37: 0 | AL37: 0 | AM37: 0 | AN37: 0 | AO37: 0 | AP37: 0 | AQ37: 0 | AR37: 0 | AS37: 0 | AT37: 29 | AU37: 0 | AV37: 36 | AW37: 28 | AX37: 28 | AY37: 0 | AZ37: 0 | BA37: 0 | BB37: 0 | BC37: 0 | BD37: 17 | BE37: 0 | BF37: 0 | BG37: 0 | BH37: 12 | BI37: 0 | BJ37: 0 | BK37: 0 | BL37: 0 | BM37: 0
A38: 65890 | B38: MUECAS LUCAS TAMARINDO EXH /10 | C38: 24 | D38: 162 | E38: EFFEM MEXICO INC. Y COMPAÑÍAS EN N.C DE CV | F38: 807 | G38: MATRE MEXICO S DE RL DE CV | H38: 63.79 | I38: 1530.96 | J38: =K38*I38 -> 0 | K38: =SUM(P38+S38+V38) -> 0 | L38: 1.4 | M38: 3.46 | P38: 0 | Q38: 3.81 | R38: 6.54 | S38: 0 | T38: 1.79 | U38: 0.29 | V38: 0 | W38: 0 | X38: 10716.72 | Y38: 15756.13 | Z38: 33 | AA38: 0 | AB38: 0 | AC38: 1 | AD38: 83 | AE38: 0 | AF38: 0 | AG38: 0 | AH38: 0 | AI38: 0 | AJ38: 0 | AK38: 0 | AL38: 0 | AM38: 0 | AN38: 0 | AO38: 0 | AP38: 0 | AQ38: 0 | AR38: 0 | AS38: 0 | AT38: 73 | AU38: 0 | AV38: 11 | AW38: 15 | AX38: 157 | AY38: 0 | AZ38: 0 | BA38: 0 | BB38: 0 | BC38: 0 | BD38: 43 | BE38: 0 | BF38: 0 | BG38: 0 | BH38: 7 | BI38: 0 | BJ38: 0 | BK38: 0 | BL38: 0 | BM38: 0
A39: 97315 | B39: CORAZON M&M & SKITTLES 100GR / MARS | C39: 14 | D39: 162 | E39: EFFEM MEXICO INC. Y COMPAÑÍAS EN N.C DE CV | F39: 162 | G39: EFFEM MEXICO INC. Y COMPAÑÍA S EN N.C DE CV | H39: 56.568 | I39: 791.952 | J39: =K39*I39 -> 7919.52 | K39: =SUM(P39+S39+V39) -> 10 | L39: 1.64 | M39: 4.36 | P39: 0 | Q39: 7.93 | R39: 0.07 | S39: 10 | T39: 2.71 | U39: 3.29 | V39: 0 | W39: 0 | X39: 9729.7 | Y39: 6109.34 | Z39: 23 | AA39: 0 | AB39: 0 | AC39: 0 | AD39: 61 | AE39: 0 | AF39: 0 | AG39: 0 | AH39: 0 | AI39: 0 | AJ39: 0 | AK39: 0 | AL39: 0 | AM39: 0 | AN39: 0 | AO39: 0 | AP39: 0 | AQ39: 0 | AR39: 0 | AS39: 0 | AT39: 111 | AU39: 0 | AV39: 0 | AW39: 0 | AX39: 1 | AY39: 0 | AZ39: 0 | BA39: 0 | BB39: 0 | BC39: 0 | BD39: 38 | BE39: 0 | BF39: 0 | BG39: 0 | BH39: 46 | BI39: 0 | BJ39: 0 | BK39: 0 | BL39: 0 | BM39: 0
A40: 91046 | B40: CHOC JOSE CUERVO TUBO 180GR 2786 | C40: 6 | D40: 162 | E40: EFFEM MEXICO INC. Y COMPAÑÍAS EN N.C DE CV | F40: 123 | G40: CHOCOLATES TURIN S.A. DE C.V. | H40: 119.37 | I40: 716.22 | J40: =K40*I40 -> 9310.86 | K40: =SUM(P40+S40+V40) -> 13 | L40: 2.42 | M40: 0 | P40: 5 | Q40: 10.33 | R40: 5 | S40: 8 | T40: 0.25 | U40: 1.5 | V40: 0 | W40: 0 | X40: 9310.86 | Y40: 4655.43 | Z40: 0 | AA40: 0 | AB40: 6 | AC40: 17 | AD40: 0 | AE40: 0 | AF40: 0 | AG40: 0 | AH40: 0 | AI40: 0 | AJ40: 0 | AK40: 0 | AL40: 0 | AM40: 0 | AN40: 0 | AO40: 0 | AP40: 0 | AQ40: 0 | AR40: 0 | AS40: 0 | AT40: 12 | AU40: 0 | AV40: 32 | AW40: 36 | AX40: 30 | AY40: 0 | AZ40: 0 | BA40: 0 | BB40: 0 | BC40: 0 | BD40: 1 | BE40: 0 | BF40: 0 | BG40: 1 | BH40: 9 | BI40: 0 | BJ40: 0 | BK40: 0 | BL40: 0 | BM40: 0
A41: 91013 | B41: CHOC BAILEYS BLS 120GR TURIN 3055 | C41: 12 | D41: 162 | E41: EFFEM MEXICO INC. Y COMPAÑÍAS EN N.C DE CV | F41: 123 | G41: CHOCOLATES TURIN S.A. DE C.V. | H41: 101.8831 | I41: 1222.5972 | J41: =K41*I41 -> 8558.1804 | K41: =SUM(P41+S41+V41) -> 7 | L41: 2.33 | M41: 1 | P41: 2 | Q41: 5 | R41: 1.58 | S41: 5 | T41: 0.25 | U41: 2 | V41: 0 | W41: 0 | X41: 9271.36 | Y41: 5603.57 | Z41: 0 | AA41: 0 | AB41: 14 | AC41: 28 | AD41: 12 | AE41: 0 | AF41: 0 | AG41: 0 | AH41: 0 | AI41: 0 | AJ41: 0 | AK41: 0 | AL41: 0 | AM41: 0 | AN41: 0 | AO41: 0 | AP41: 0 | AQ41: 0 | AR41: 0 | AS41: 0 | AT41: 21 | AU41: 0 | AV41: 24 | AW41: 30 | AX41: 19 | AY41: 0 | AZ41: 0 | BA41: 0 | BB41: 0 | BC41: 0 | BD41: 1 | BE41: 0 | BF41: 2 | BG41: 0 | BH41: 24 | BI41: 0 | BJ41: 0 | BK41: 0 | BL41: 0 | BM41: 0
... A46: 6022 | B46: CH HUBBA BUBBA TRIPLE TREAT | C46: 24 | D46: 162 | E46: EFFEM MEXICO INC. Y COMPAÑÍAS EN N.C DE CV | F46: 974 | G46: CHICLES | H46: 107.6336 | I46: 2583.2064 | J46: =K46*I46 -> 0 | K46: =SUM(P46+S46+V46) -> 0 | L46: 0.29 | M46: 0 | P46: 0 | Q46: 2.73 | R46: 1.67 | S46: 0 | T46: 0.12 | U46: 0 | V46: 0 | W46: 0 | X46: 8126.34 | Y46: 4305.34 | Z46: 0 | AA46: 0 | AB46: 1 | AC46: 12 | AD46: 0 | AE46: 0 | AF46: 0 | AG46: 0 | AH46: 0 | AI46: 0 | AJ46: 0 | AK46: 0 | AL46: 0 | AM46: 0 | AN46: 0 | AO46: 0 | AP46: 0 | AQ46: 0 | AR46: 0 | AS46: 0 | AT46: 29 | AU46: 0 | AV46: 24 | AW46: 25 | AX46: 40 | AY46: 0 | AZ46: 0 | BA46: 0 | BB46: 0 | BC46: 0 | BD46: 0 | BE46: 0 | BF46: 3 | BG46: 0 | BH46: 0 | BI46: 0 | BJ46: 0 | BK46: 0 | BL46: 0 | BM46: 0
A47: 65153 | B47: EXH SKWINKLES CHUNKS SANDIA 270GR/ 6 | C47: 20 | D47: 162 | E47: EFFEM MEXICO INC. Y COMPAÑÍAS EN N.C DE CV | F47: 807 | G47: MATRE MEXICO S DE RL DE CV | H47: 73.9487 | I47: 1478.974 | J47: =K47*I47 -> 7394.87 | K47: =SUM(P47+S47+V47) -> 5 | L47: 0.4 | M47: 3 | N47: 7 | P47: 0 | Q47: 4.9 | R47: 0 | S47: 5 | T47: 0 | U47: 0 | V47: =T47*0.8-U47 -> 0 | W47: 0 | X47: 7838.56 | Y47: 4436.92 | Z47: 6 | AA47: 0 | AB47: 0 | AC47: 4 | AD47: 60 | AE47: 0 | AF47: 0 | AG47: 0 | AH47: 0 | AI47: 0 | AJ47: 0 | AK47: 0 | AL47: 0 | AM47: 0 | AN47: 0 | AO47: 0 | AP47: 0 | AQ47: 0 | AR47: 0 | AS47: 0 | AT47: 0 | AU47: 0 | AV47: 68 | AW47: 60 | AX47: 0 | AY47: 0 | AZ47: 0 | BA47: 0 | BB47: 0 | BC47: 0 | BD47: 0 | BE47: 0 | BF47: 0 | BG47: 0 | BH47: 0 | BI47: 0 | BJ47: 0 | BK47: 0 | BL47: 0 | BM47: 0
A48: 6017 | B48: VIT CHOC SNICKERS MINIATURA /45 | C48: 12 | D48: 162 | E48: EFFEM MEXICO INC. Y COMPAÑÍAS EN N.C DE CV | F48: 558 | G48: CHOCOLATES | H48: 151.91 | I48: 1822.92 | J48: =K48*I48 -> 9114.6 | K48: =SUM(P48+S48+V48) -> 5 | L48: 1.08 | M48: 0.42 | P48: 2 | Q48: 2.75 | R48: 0.25 | S48: 3 | T48: 0.17 | U48: 0.42 | V48: 0 | W48: 0 | X48: 7291.68 | Y48: 1974.83 | Z48: 5 | AA48: 0 | AB48: 0 | AC48: 16 | AD48: 5 | AE48: 0 | AF48: 0 | AG48: 0 | AH48: 0 | AI48: 0 | AJ48: 0 | AK48: 0 | AL48: 0 | AM48: 0 | AN48: 0 | AO48: 0 | AP48: 0 | AQ48: 0 | AR48: 0 | AS48: 0 | AT48: 21 | AU48: 0 | AV48: 0 | AW48: 24 | AX48: 3 | AY48: 0 | AZ48: 0 | BA48: 0 | BB48: 0 | BC48: 0 | BD48: 2 | BE48: 0 | BF48: 0 | BG48: 0 | BH48: 5 | BI48: 0 | BJ48: 0 | BK48: 0 | BL48: 0 | BM48: 0
A49: 6045 | B49: LUCAS GOMITAS SANDIA 240GR/ 6 MARS | C49: 12 | D49: 162 | E49: EFFEM MEXICO INC. Y COMPAÑÍAS EN N.C DE CV | F49: 807 | G49: MATRE MEXICO S DE RL DE CV | H49: 73.9791 | I49: 887.7492 | J49: =K49*I49 -> 6214.2444 | K49: =SUM(P49+S49+V49) -> 7 | L49: 1.83 | M49: 0.83 | P49: 2 | Q49: 5.79 | R49: 2.17 | S49: 5 | T49: 0 | U49: 0 | V49: =T49*0.8-U49 -> 0 | W49: 0 | X49: 6769.09 | Y49: 2663.25 | Z49: 2 | AA49: 0 | AB49: 15 | AC49: 10 | AD49: 10 | AE49: 0 | AF49: 0 | AG49: 0 | AH49: 0 | AI49: 0 | AJ49: 0 | AK49: 0 | AL49: 0 | AM49: 0 | AN49: 0 | AO49: 0 | AP49: 0 | AQ49: 0 | AR49: 0 | AS49: 0 | AT49: 19 | AU49: 0 | AV49: 32 | AW49: 37 | AX49: 26 | AY49: 0 | AZ49: 0 | BA49: 0 | BB49: 0 | BC49: 0 | BD49: 0 | BE49: 0 | BF49: 0 | BG49: 0 | BH49: 0 | BI49: 0 | BJ49: 0 | BK49: 0 | BL49: 0 | BM49: 0
A50: 6087 | B50: VIT CHOC CONEJO 600GR/30 TURIN | C50: 4 | D50: 162 | E50: EFFEM MEXICO INC. Y COMPAÑÍAS EN N.C DE CV | F50: 123 | G50: CHOCOLATES TURIN S.A. DE C.V. | H50: 255.4675 | I50: 1021.87 | J50: =K50*I50 -> 6131.22 | K50: =SUM(P50+S50+V50) -> 6 | L50: 1.5 | M50: 0.75 | P50: 1 | Q50: 4.75 | R50: 0 | S50: 5 | T50: 0.25 | U50: 1.5 | V50: 0 | W50: 0 | X50: 6642.16 | Y50: 2299.21 | Z50: 1 | AA50: 0 | AB50: 1 | AC50: 8 | AD50: 3 | AE50: 0 | AF50: 0 | AG50: 0 | AH50: 0 | AI50: 0 | AJ50: 0 | AK50: 0 | AL50: 0 | AM50: 0 | AN50: 0 | AO50: 0 | AP50: 0 | AQ50: 0 | AR50: 0 | AS50: 0 | AT50: 1 | AU50: 0 | AV50: 18 | AW50: 0 | AX50: 0 | AY50: 0 | AZ50: 0 | BA50: 0 | BB50: 0 | BC50: 0 | BD50: 1 | BE50: 0 | BF50: 0 | BG50: 0 | BH50: 6 | BI50: 0 | BJ50: 0 | BK50: 0 | BL50: 0 | BM50: 0
A51: 6029 | B51: CHOC SIN AZUCAR (288G/ 18 TURIN | C51: 5 | D51: 162 | E51: EFFEM MEXICO INC. Y COMPAÑÍAS EN N.C DE CV | F51: 558 | G51: CHOCOLATES | H51: 208.3884 | I51: 1041.942 | J51: =K51*I51 -> 8335.536 | K51: =SUM(P51+S51+V51) -> 8 | L51: 2.4 | M51: 0.2 | P51: 3 | Q51: 3.8 | R51: 0 | S51: 5 | T51: 0 | U51: 0.2 | V51: 0 | W51: 0 | X51: 6460.04 | Y51: 416.78 | Z51: 4 | AA51: 0 | AB51: 5 | AC51: 6 | AD51: 1 | AE51: 0 | AF51: 0 | AG51: 0 | AH51: 0 | AI51: 0 | AJ51: 0 | AK51: 0 | AL51: 0 | AM51: 0 | AN51: 0 | AO51: 0 | AP51: 0 | AQ51: 0 | AR51: 0 | AS51: 0 | AT51: 0 | AU51: 0 | AV51: 19 | AW51: 0 | AX51: 0 | AY51: 0 | AZ51: 0 | BA51: 0 | BB51: 0 | BC51: 0 | BD51: 0 | BE51: 0 | BF51: 0 | BG51: 0 | BH51: 1 | BI51: 0 | BJ51: 0 | BK51: 0 | BL51: 0 | BM51: 0
A52: 91067 | B52: CHOC TEQUILA TUBO 1800 180GR | C52: 6 | D52: 162 | E52: EFFEM MEXICO INC. Y COMPAÑÍAS EN N.C DE CV | F52: 123 | G52: CHOCOLATES TURIN S.A. DE C.V. | H52: 119.3709 | I52: 716.2254 | J52: =K52*I52 -> 3581.127 | K52: =SUM(P52+S52+V52) -> 5 | L52: 1.92 | M52: 0 | P52: 3 | Q52: 4.92 | R52: 4.83 | S52: 2 | T52: 1.75 | U52: 0.5 | V52: 0 | W52: 0 | X52: 6147.6 | Y52: 3819.87 | Z52: 0 | AA52: 0 | AB52: 5 | AC52: 13 | AD52: 0 | AE52: 0 | AF52: 0 | AG52: 0 | AH52: 0 | AI52: 0 | AJ52: 0 | AK52: 0 | AL52: 0 | AM52: 0 | AN52: 0 | AO52: 0 | AP52: 0 | AQ52: 0 | AR52: 0 | AS52: 0 | AT52: 7 | AU52: 0 | AV52: 10 | AW52: 25 | AX52: 29 | AY52: 0 | AZ52: 0 | BA52: 0 | BB52: 0 | BC52: 0 | BD52: 3 | BE52: 0 | BF52: 4 | BG52: 7 | BH52: 3 | BI52: 0 | BJ52: 0 | BK52: 0 | BL52: 0 | BM52: 0
A53: 6012 | B53: CHOC MILKY WAY SNACK 242 GR / 11 | C53: 18 | D53: 162 | E53: EFFEM MEXICO INC. Y COMPAÑÍAS EN N.C DE CV | F53: 558 | G53: CHOCOLATES | H53: 96.61 | I53: 1738.98 | J53: =K53*I53 -> 5216.94 | K53: =SUM(P53+S53+V53) -> 3 | L53: 0.61 | M53: 0 | P53: 3 | Q53: 2.5 | R53: 3.89 | S53: 0 | T53: 0.33 | U53: 0.17 | V53: 0 | W53: 0 | X53: 5989.82 | Y53: 7052.53 | Z53: 0 | AA53: 0 | AB53: 6 | AC53: 10 | AD53: 0 | AE53: 0 | AF53: 0 | AG53: 0 | AH53: 0 | AI53: 0 | AJ53: 0 | AK53: 0 | AL53: 0 | AM53: 0 | AN53: 0 | AO53: 0 | AP53: 0 | AQ53: 0 | AR53: 0 | AS53: 0 | AT53: 38 | AU53: 0 | AV53: 7 | AW53: 0 | AX53: 70 | AY53: 0 | AZ53: 0 | BA53: 0 | BB53: 0 | BC53: 0 | BD53: 6 | BE53: 0 | BF53: 0 | BG53: 0 | BH53: 3 | BI53: 0 | BJ53: 0 | BK53: 0 | BL53: 0 | BM53: 0
A54: 65108 | B54: BABY LUCAS MANGO EXH /10 | C54: 30 | D54: 162 | E54: EFFEM MEXICO INC. Y COMPAÑÍAS EN N.C DE CV | F54: 807 | G54: MATRE MEXICO S DE RL DE CV | H54: 57.0544 | I54: 1711.632 | J54: =K54*I54 -> 8558.16 | K54: =SUM(P54+S54+V54) -> 5 | L54: 0.72 | M54: 0 | P54: 2 | Q54: 2.17 | R54: 0.13 | S54: 3 | T54: 0.17 | U54: 0.43 | V54: 0 | W54: 0 | X54: 5220.48 | Y54: 969.92 | Z54: 0 | AA54: 0 | AB54: 21 | AC54: 1 | AD54: 0 | AE54: 0 | AF54: 0 | AG54: 0 | AH54: 0 | AI54: 0 | AJ54: 0 | AK54: 0 | AL54: 0 | AM54: 0 | AN54: 0 | AO54: 0 | AP54: 0 | AQ54: 0 | AR54: 0 | AS54: 0 | AT54: 15 | AU54: 0 | AV54: 37 | AW54: 26 | AX54: 4 | AY54: 0 | AZ54: 0 | BA54: 0 | BB54: 0 | BC54: 0 | BD54: 5 | BE54: 0 | BF54: 0 | BG54: 0 | BH54: 13 | BI54: 0 | BJ54: 0 | BK54: 0 | BL54: 0 | BM54: 0
A55: 6036 | B55: M&M MINIS TUBO 180GR/6 | C55: 24 | D55: 162 | E55: EFFEM MEXICO INC. Y COMPAÑÍAS EN N.C DE CV | F55: 558 | G55: CHOCOLATES | H55: 103.33 | I55: 2479.92 | J55: =K55*I55 -> 12399.6 | K55: =SUM(P55+S55+V55) -> 5 | L55: 1.17 | M55: 0 | P55: 2 | Q55: 0.94 | R55: 0 | S55: 3 | T55: 0 | U55: 0.04 | V55: 0 | W55: 0 | X55: 5218.16 | Y55: 103.33 | Z55: 0 | AA55: 0 | AB55: 12 | AC55: 32 | AD55: 0 | AE55: 0 | AF55: 0 | AG55: 0 | AH55: 0 | AI55: 0 | AJ55: 0 | AK55: 0 | AL55: 0 | AM55: 0 | AN55: 0 | AO55: 0 | AP55: 0 | AQ55: 0 | AR55: 0 | AS55: 0 | AT55: 3 | AU55: 0 | AV55: 0 | AW55: 39 | AX55: 0 | AY55: 0 | AZ55: 0 | BA55: 0 | BB55: 0 | BC55: 0 | BD55: 0 | BE55: 0 | BF55: 0 | BG55: 0 | BH55: 1 | BI55: 0 | BJ55: 0 | BK55: 0 | BL55: 0 | BM55: 0
A56: 78180 | B56: 500 GR CONF BLANCO/ TURIN | C56: 32 | D56: 162 | E56: EFFEM MEXICO INC. Y COMPAÑÍAS EN N.C DE CV | F56: 1 | G56: G INDIVIDUALES | H56: 156.33 | I56: 5002.56 | J56: =K56*I56 -> 0 | K56: =SUM(P56+S56+V56) -> 0 | L56: 0.53 | M56: 1.47 | P56: 0 | Q56: 0.44 | R56: 0 | S56: 0 | T56: 0 | U56: 0 | V56: =T56*0.8-U56 -> 0 | W56: 0 | X56: 4846.23 | Y56: 7347.51 | Z56: 17 | AA56: 0 | AB56: 0 | AC56: 0 | AD56: 47 | AE56: 0 | AF56: 0 | AG56: 0 | AH56: 0 | AI56: 0 | AJ56: 0 | AK56: 0 | AL56: 0 | AM56: 0 | AN56: 0 | AO56: 0 | AP56: 0 | AQ56: 0 | AR56: 0 | AS56: 0 | AT56: 0 | AU56: 0 | AV56: 10 | AW56: 8 | AX56: 0 | AY56: 0 | AZ56: 0 | BA56: 0 | BB56: 0 | BC56: 0 | BD56: 0 | BE56: 0 | BF56: 0 | BG56: 0 | BH56: 0 | BI56: 0 | BJ56: 0 | BK56: 0 | BL56: 0 | BM56: 0
A57: 6171 | B57: CHOC BAILEYS AVELL TUBO 180GR / 1 TURIN | C57: 6 | D57: 162 | E57: EFFEM MEXICO INC. Y COMPAÑÍAS EN N.C DE CV | F57: 123 | G57: CHOCOLATES TURIN S.A. DE C.V. | H57: 119.37 | I57: 716.22 | J57: =K57*I57 -> 7162.2 | K57: =SUM(P57+S57+V57) -> 10 | L57: 1.5 | M57: 0 | P57: 5 | Q57: 5.08 | R57: 0.33 | S57: 5 | T57: 0.08 | U57: 1 | V57: 0 | W57: 0 | X57: 4774.8 | Y57: 954.96 | Z57: 0 | AA57: 0 | AB57: 0 | AC57: 18 | AD57: 0 | AE57: 0 | AF57: 0 | AG57: 0 | AH57: 0 | AI57: 0 | AJ57: 0 | AK57: 0 | AL57: 0 | AM57: 0 | AN57: 0 | AO57: 0 | AP57: 0 | AQ57: 0 | AR57: 0 | AS57: 0 | AT57: 4 | AU57: 0 | AV57: 5 | AW57: 43 | AX57: 2 | AY57: 0 | AZ57: 0 | BA57: 0 | BB57: 0 | BC57: 0 | BD57: 0 | BE57: 0 | BF57: 0 | BG57: 1 | BH57: 6 | BI57: 0 | BJ57: 0 | BK57: 0 | BL57: 0 | BM57: 0
A58: 6077 | B58: CHOC CONEJO 200gr/ 10 TURIN | C58: 12 | D58: 162 | E58: EFFEM MEXICO INC. Y COMPAÑÍAS EN N.C DE CV | F58: 123 | G58: CHOCOLATES TURIN S.A. DE C.V. | H58: 99.3739 | I58: 1192.4868 | J58: =K58*I58 -> 5962.434 | K58: =SUM(P58+S58+V58) -> 5 | L58: 1.38 | M58: 2.08 | P58: 0 | Q58: 2.46 | R58: 0.83 | S58: 5 | T58: 0.17 | U58: 0 | V58: 0 | W58: 0 | X58: 4769.95 | Y58: 3478.09 | Z58: 14 | AA58: 0 | AB58: 0 | AC58: 5 | AD58: 25 | AE58: 0 | AF58: 0 | AG58: 0 | AH58: 0 | AI58: 0 | AJ58: 0 | AK58: 0 | AL58: 0 | AM58: 0 | AN58: 0 | AO58: 0 | AP58: 0 | AQ58: 0 | AR58: 0 | AS58: 0 | AT58: 17 | AU58: 0 | AV58: 0 | AW58: 25 | AX58: 10 | AY58: 0 | AZ58: 0 | BA58: 0 | BB58: 0 | BC58: 0 | BD58: 0 | BE58: 0 | BF58: 1 | BG58: 2 | BH58: 0 | BI58: 0 | BJ58: 0 | BK58: 0 | BL58: 0 | BM58: 0
A59: 65129 | B59: BABY LUCAS CHAMOY EXH /10 | C59: 30 | D59: 162 | E59: EFFEM MEXICO INC. Y COMPAÑÍAS EN N.C DE CV | F59: 807 | G59: MATRE MEXICO S DE RL DE CV | H59: 57.0544 | I59: 1711.632 | J59: =K59*I59 -> 6846.528 | K59: =SUM(P59+S59+V59) -> 4 | L59: 0.9 | M59: 0.63 | P59: 2 | Q59: 1.67 | R59: 0.53 | S59: 2 | T59: 0.2 | U59: 0.87 | V59: 0 | W59: 0 | X59: 4735.52 | Y59: 3480.32 | Z59: 11 | AA59: 0 | AB59: 15 | AC59: 2 | AD59: 19 | AE59: 0 | AF59: 0 | AG59: 0 | AH59: 0 | AI59: 0 | AJ59: 0 | AK59: 0 | AL59: 0 | AM59: 0 | AN59: 0 | AO59: 0 | AP59: 0 | AQ59: 0 | AR59: 0 | AS59: 0 | AT59: 19 | AU59: 0 | AV59: 19 | AW59: 24 | AX59: 16 | AY59: 0 | AZ59: 0 | BA59: 0 | BB59: 0 | BC59: 0 | BD59: 6 | BE59: 0 | BF59: 0 | BG59: 0 | BH59: 26 | BI59: 0 | BJ59: 0 | BK59: 0 | BL59: 0 | BM59: 0
A60: 65102 | B60: GUSANO LUCAS TAMARINDO EXH /10 | C60: 30 | D60: 162 | E60: EFFEM MEXICO INC. Y COMPAÑÍAS EN N.C DE CV | F60: 807 | G60: MATRE MEXICO S DE RL DE CV | H60: 65.2744 | I60: 1958.232 | J60: =K60*I60 -> 15665.856 | K60: =SUM(P60+S60+V60) -> 8 | L60: 1.12 | M60: 0 | P60: 3 | Q60: 1.17 | R60: 0 | S60: 3 | T60: 0 | U60: 0 | V60: 2 | W60: 0 | X60: 4471.3 | Y60: 0 | Z60: 0 | AA60: 0 | AB60: 13 | AC60: 41 | AD60: 0 | AE60: 0 | AF60: 0 | AG60: 0 | AH60: 0 | AI60: 0 | AJ60: 0 | AK60: 0 | AL60: 0 | AM60: 0 | AN60: 0 | AO60: 0 | AP60: 0 | AQ60: 0 | AR60: 0 | AS60: 0 | AT60: 0 | AU60: 0 | AV60: 29 | AW60: 12 | AX60: 0 | AY60: 0 | AZ60: 0 | BA60: 0 | BB60: 0 | BC60: 0 | BD60: 0 | BE60: 0 | BF60: 0 | BG60: 0 | BH60: 0 | BI60: 0 | BJ60: 0 | BK60: 0 | BL60: 0 | BM60: 0
A61: 88156 | B61: CH ORBIT FRESA 14 S / 12 | C61: 12 | D61: 162 | E61: EFFEM MEXICO INC. Y COMPAÑÍAS EN N.C DE CV | F61: 974 | G61: CHICLES | H61: 140.2991 | I61: 1683.5892 | J61: =K61*I61 -> 0 | K61: =SUM(P61+S61+V61) -> 0 | L61: 1 | M61: 6.83 | P61: 0 | Q61: 1.62 | R61: 10.92 | S61: 0 | T61: 0 | U61: 13.5 | V61: 0 | W61: 0 | X61: 4419.42 | Y61: 52612.16 | Z61: 12 | AA61: 0 | AB61: 0 | AC61: 0 | AD61: 82 | AE61: 0 | AF61: 0 | AG61: 0 | AH61: 0 | AI61: 0 | AJ61: 0 | AK61: 0 | AL61: 0 | AM61: 0 | AN61: 0 | AO61: 0 | AP61: 0 | AQ61: 0 | AR61: 0 | AS61: 0 | AT61: 5 | AU61: 0 | AV61: 11 | AW61: 7 | AX61: 131 | AY61: 0 | AZ61: 0 | BA61: 0 | BB61: 0 | BC61: 0 | BD61: 0 | BE61: 0 | BF61: 0 | BG61: 0 | BH61: 162 | BI61: 0 | BJ61: 0 | BK61: 0 | BL61: 0 | BM61: 0
A62: 6016 | B62: SKWINKLES SANDIA PA COMPARTIR 420GR /6 MARS | C62: 20 | D62: 162 | E62: EFFEM MEXICO INC. Y COMPAÑÍAS EN N.C DE CV | F62: 807 | G62: MATRE MEXICO S DE RL DE CV | H62: 87.817 | I62: 1756.34 | J62: =K62*I62 -> 7025.36 | K62: =SUM(P62+S62+V62) -> 4 | L62: 1.3 | M62: 0 | P62: 0 | Q62: 1.05 | R62: 0 | S62: 4 | T62: 0.1 | U62: 0.1 | V62: 0 | W62: 0 | X62: 4303.03 | Y62: 175.63 | Z62: 26 | AA62: 0 | AB62: 0 | AC62: 0 | AD62: 0 | AE62: 0 | AF62: 0 | AG62: 0 | AH62: 0 | AI62: 0 | AJ62: 0 | AK62: 0 | AL62: 0 | AM62: 0 | AN62: 0 | AO62: 0 | AP62: 0 | AQ62: 0 | AR62: 0 | AS62: 0 | AT62: 8 | AU62: 0 | AV62: 1 | AW62: 24 | AX62: 0 | AY62: 0 | AZ62: 0 | BA62: 0 | BB62: 0 | BC62: 0 | BD62: 2 | BE62: 0 | BF62: 0 | BG62: 0 | BH62: 2 | BI62: 0 | BJ62: 0 | BK62: 0 | BL62: 0 | BM62: 0
A63: 6009 | B63: EST CHOC BAILEYS 120GR/ 12 TURIN | C63: 8 | D63: 162 | E63: EFFEM MEXICO INC. Y COMPAÑÍAS EN N.C DE CV | F63: 123 | G63: CHOCOLATES TURIN S.A. DE C.V. | H63: 78.009 | I63: 624.072 | J63: =K63*I63 -> 4368.504 | K63: =SUM(P63+S63+V63) -> 7 | L63: 0.62 | M63: 0 | P63: 2 | Q63: 6.19 | R63: 0 | S63: 5 | T63: 0 | U63: 0 | V63: =T63*0.8-U63 -> 0 | W63: 0 | X63: 4251.49 | Y63: 0 | Z63: 0 | AA63: 0 | AB63: 3 | AC63: 4 | AD63: 0 | AE63: 0 | AF63: 0 | AG63: 0 | AH63: 0 | AI63: 0 | AJ63: 0 | AK63: 0 | AL63: 0 | AM63: 0 | AN63: 0 | AO63: 0 | AP63: 0 | AQ63: 0 | AR63: 0 | AS63: 0 | AT63: 0 | AU63: 0 | AV63: 26 | AW63: 47 | AX63: 0 | AY63: 0 | AZ63: 0 | BA63: 0 | BB63: 0 | BC63: 0 | BD63: 0 | BE63: 0 | BF63: 0 | BG63: 0 | BH63: 0 | BI63: 0 | BJ63: 0 | BK63: 0 | BL63: 0 | BM63: 0
A64: 91118 | B64: CHOC BAILEYS 80GR BLS TURIN | C64: 12 | D64: 162 | E64: EFFEM MEXICO INC. Y COMPAÑÍAS EN N.C DE CV | F64: 123 | G64: CHOCOLATES TURIN S.A. DE C.V. | H64: 59.0009 | I64: 708.0108 | J64: =K64*I64 -> 7080.108 | K64: =SUM(P64+S64+V64) -> 10 | L64: 3.58 | M64: 0 | P64: 5 | Q64: 2.42 | R64: 0 | S64: 5 | T64: 0 | U64: 0 | V64: =T64*0.8-U64 -> 0 | W64: 0 | X64: 4248.06 | Y64: 0 | Z64: 0 | AA64: 0 | AB64: 1 | AC64: 84 | AD64: 0 | AE64: 0 | AF64: 0 | AG64: 0 | AH64: 0 | AI64: 0 | AJ64: 0 | AK64: 0 | AL64: 0 | AM64: 0 | AN64: 0 | AO64: 0 | AP64: 0 | AQ64: 0 | AR64: 0 | AS64: 0 | AT64: 0 | AU64: 0 | AV64: 0 | AW64: 58 | AX64: 0 | AY64: 0 | AZ64: 0 | BA64: 0 | BB64: 0 | BC64: 0 | BD64: 0 | BE64: 0 | BF64: 0 | BG64: 0 | BH64: 0 | BI64: 0 | BJ64: 0 | BK64: 0 | BL64: 0 | BM64: 0
A65: 6083 | B65: CHOC TURIN ALMEN ZERO 288GR/18 MARS | C65: 5 | D65: 162 | E65: EFFEM MEXICO INC. Y COMPAÑÍAS EN N.C DE CV | F65: 123 | G65: CHOCOLATES TURIN S.A. DE C.V. | H65: 208.3882 | I65: 1041.941 | J65: =K65*I65 -> 8335.528 | K65: =SUM(P65+S65+V65) -> 8 | L65: 0.4 | M65: 0 | P65: 3 | Q65: 3.5 | R65: 0 | S65: 5 | T65: 0 | U65: 0 | V65: =T65*0.8-U65 -> 0 | W65: 0 | X65: 4063.57 | Y65: 0 | Z65: 0 | AA65: 0 | AB65: 1 | AC65: 2 | AD65: 0 | AE65: 0 | AF65: 0 | AG65: 0 | AH65: 0 | AI65: 0 | AJ65: 0 | AK65: 0 | AL65: 0 | AM65: 0 | AN65: 0 | AO65: 0 | AP65: 0 | AQ65: 0 | AR65: 0 | AS65: 0 | AT65: 0 | AU65: 0 | AV65: 11 | AW65: 13 | AX65: 0 | AY65: 0 | AZ65: 0 | BA65: 0 | BB65: 0 | BC65: 0 | BD65: 0 | BE65: 0 | BF65: 0 | BG65: 0 | BH65: 0 | BI65: 0 | BJ65: 0 | BK65: 0 | BL65: 0 | BM65: 0
A66: 59238 | B66: 500 GR CONF AMARGO 70% / TURIN | C66: 24 | D66: 162 | E66: EFFEM MEXICO INC. Y COMPAÑÍAS EN N.C DE CV | F66: 1 | G66: G INDIVIDUALES | H66: 184.23 | I66: 4421.52 | J66: =K66*I66 -> 0 | K66: =SUM(P66+S66+V66) -> 0 | L66: 0.17 | M66: -0.17 | P66: 0 | Q66: 0.73 | R66: 0 | S66: 0 | T66: 0 | U66: 0 | V66: =T66*0.8-U66 -> 0 | W66: 0 | X66: 3960.94 | Y66: -736.92 | Z66: 4 | AA66: 0 | AB66: 0 | AC66: 0 | AD66: -4 | AE66: 0 | AF66: 0 | AG66: 0 | AH66: 0 | AI66: 0 | AJ66: 0 | AK66: 0 | AL66: 0 | AM66: 0 | AN66: 0 | AO66: 0 | AP66: 0 | AQ66: 0 | AR66: 0 | AS66: 0 | AT66: 0 | AU66: 0 | AV66: 14 | AW66: 7 | AX66: 0 | AY66: 0 | AZ66: 0 | BA66: 0 | BB66: 0 | BC66: 0 | BD66: 0 | BE66: 0 | BF66: 0 | BG66: 0 | BH66: 0 | BI66: 0 | BJ66: 0 | BK66: 0 | BL66: 0 | BM66: 0
A67: 65131 | B67: * DESC CHOC CON LECHE TURIN 40GR | C67: 60 | D67: 162 | E67: EFFEM MEXICO INC. Y COMPAÑÍAS EN N.C DE CV | F67: 999 | G67: PRODUCTOS A ELIMINAR | H67: 21.7604 | I67: 1305.624 | J67: =K67*I67 -> 0 | K67: =SUM(P67+S67+V67) -> 0 | L67: 0 | M67: 0 | P67: =L67*0.8-M67 -> 0 | Q67: 2.95 | R67: 0 | S67: 0 | T67: 0 | U67: 0 | V67: =T67*0.8-U67 -> 0 | W67: 0 | X67: 3851.59 | Y67: 0 | Z67: 0 | AA67: 0 | AB67: 0 | AC67: 0 | AD67: 0 | AE67: 0 | AF67: 0 | AG67: 0 | AH67: 0 | AI67: 0 | AJ67: 0 | AK67: 0 | AL67: 0 | AM67: 0 | AN67: 0 | AO67: 0 | AP67: 0 | AQ67: 0 | AR67: 0 | AS67: 0 | AT67: 0 | AU67: 0 | AV67: 149 | AW67: 56 | AX67: 0 | AY67: 0 | AZ67: 0 | BA67: 0 | BB67: 0 | BC67: 0 | BD67: 0 | BE67: 0 | BF67: 0 | BG67: 0 | BH67: 0 | BI67: 0 | BJ67: 0 | BK67: 0 | BL67: 0 | BM67: 0
A68: 97318 | B68: CORAZON LATA 100GR / TURIN | C68: 8 | D68: 162 | E68: EFFEM MEXICO INC. Y COMPAÑÍAS EN N.C DE CV | F68: 162 | G68: EFFEM MEXICO INC. Y COMPAÑÍA S EN N.C DE CV | H68: 92.117 | I68: 736.936 | J68: =K68*I68 -> 0 | K68: =SUM(P68+S68+V68) -> 0 | L68: 3 | M68: 1 | P68: 0 | Q68: 1 | R68: 0.12 | S68: 0 | T68: 1.12 | U68: 4.5 | V68: 0 | W68: 0 | X68: 3776.8 | Y68: 4145.27 | Z68: 24 | AA68: 0 | AB68: 0 | AC68: 0 | AD68: 8 | AE68: 0 | AF68: 0 | AG68: 0 | AH68: 0 | AI68: 0 | AJ68: 0 | AK68: 0 | AL68: 0 | AM68: 0 | AN68: 0 | AO68: 0 | AP68: 0 | AQ68: 0 | AR68: 0 | AS68: 0 | AT68: 8 | AU68: 0 | AV68: 0 | AW68: 0 | AX68: 1 | AY68: 0 | AZ68: 0 | BA68: 0 | BB68: 0 | BC68: 0 | BD68: 9 | BE68: 0 | BF68: 0 | BG68: 0 | BH68: 36 | BI68: 0 | BJ68: 0 | BK68: 0 | BL68: 0 | BM68: 0
A69: 6044 | B69: LUCAS GOMITAS MANGO ENCHILADO 240GR/ 6 MARS | C69: 12 | D69: 162 | E69: EFFEM MEXICO INC. Y COMPAÑÍAS EN N.C DE CV | F69: 807 | G69: MATRE MEXICO S DE RL DE CV | H69: 73.9792 | I69: 887.7504 | J69: =K69*I69 -> 0 | K69: =SUM(P69+S69+V69) -> 0 | L69: 1.5 | M69: 1.17 | P69: 0 | Q69: 2.12 | R69: 4 | S69: 0 | T69: 0.58 | U69: 0.5 | V69: 0 | W69: 0 | X69: 3735.95 | Y69: 5030.59 | Z69: 4 | AA69: 0 | AB69: 9 | AC69: 10 | AD69: 14 | AE69: 0 | AF69: 0 | AG69: 0 | AH69: 0 | AI69: 0 | AJ69: 0 | AK69: 0 | AL69: 0 | AM69: 0 | AN69: 0 | AO69: 0 | AP69: 0 | AQ69: 0 | AR69: 0 | AS69: 0 | AT69: 12 | AU69: 0 | AV69: 7 | AW69: 13 | AX69: 48 | AY69: 0 | AZ69: 0 | BA69: 0 | BB69: 0 | BC69: 0 | BD69: 4 | BE69: 0 | BF69: 3 | BG69: 0 | BH69: 6 | BI69: 0 | BJ69: 0 | BK69: 0 | BL69: 0 | BM69: 0
A70: 91045 | B70: CHOC CEREZA TUBO 180GR TURIN | C70: 6 | D70: 162 | E70: EFFEM MEXICO INC. Y COMPAÑÍAS EN N.C DE CV | F70: 123 | G70: CHOCOLATES TURIN S.A. DE C.V. | H70: 119.37 | I70: 716.22 | J70: =K70*I70 -> 2148.66 | K70: =SUM(P70+S70+V70) -> 3 | L70: 2.5 | M70: 0 | P70: 3 | Q70: 2.17 | R70: 3.33 | S70: 0 | T70: 0.5 | U70: 0 | V70: 0 | W70: 0 | X70: 3700.47 | Y70: 2387.4 | Z70: 0 | AA70: 0 | AB70: 2 | AC70: 26 | AD70: 0 | AE70: 0 | AF70: 0 | AG70: 0 | AH70: 0 | AI70: 0 | AJ70: 0 | AK70: 0 | AL70: 0 | AM70: 0 | AN70: 0 | AO70: 0 | AP70: 0 | AQ70: 0 | AR70: 0 | AS70: 0 | AT70: 10 | AU70: 0 | AV70: 3 | AW70: 0 | AX70: 20 | AY70: 0 | AZ70: 0 | BA70: 0 | BB70: 0 | BC70: 0 | BD70: 0 | BE70: 0 | BF70: 1 | BG70: 4 | BH70: 0 | BI70: 0 | BJ70: 0 | BK70: 0 | BL70: 0 | BM70: 0
A71: 88155 | B71: CH ORBIT MENTA YERBA 14 / 12 | C71: 12 | D71: 162 | E71: EFFEM MEXICO INC. Y COMPAÑÍAS EN N.C DE CV | F71: 974 | G71: CHICLES | H71: 140.2991 | I71: 1683.5892 | J71: =K71*I71 -> 0 | K71: =SUM(P71+S71+V71) -> 0 | L71: 1.25 | M71: 21 | P71: 0 | Q71: 0.92 | R71: 15 | S71: 0 | T71: 0 | U71: 19.58 | V71: 0 | W71: 0 | X71: 3647.78 | Y71: 93579.5 | Z71: 15 | AA71: 0 | AB71: 0 | AC71: 0 | AD71: 252 | AE71: 0 | AF71: 0 | AG71: 0 | AH71: 0 | AI71: 0 | AJ71: 0 | AK71: 0 | AL71: 0 | AM71: 0 | AN71: 0 | AO71: 0 | AP71: 0 | AQ71: 0 | AR71: 0 | AS71: 0 | AT71: 9 | AU71: 0 | AV71: 2 | AW71: 0 | AX71: 180 | AY71: 0 | AZ71: 0 | BA71: 0 | BB71: 0 | BC71: 0 | BD71: 0 | BE71: 0 | BF71: 0 | BG71: 0 | BH71: 235 | BI71: 0 | BJ71: 0 | BK71: 0 | BL71: 0 | BM71: 0
A72: 96910 | B72: 500 GR CONF SEMIAMARGO/ TURIN | C72: 32 | D72: 162 | E72: EFFEM MEXICO INC. Y COMPAÑÍAS EN N.C DE CV | F72: 1 | G72: G INDIVIDUALES | H72: 136.1475 | I72: 4356.72 | J72: =K72*I72 -> 0 | K72: =SUM(P72+S72+V72) -> 0 | L72: 0.34 | M72: 2.25 | P72: 0 | Q72: 0.45 | R72: 0 | S72: 0 | T72: 0 | U72: 0 | V72: =T72*0.8-U72 -> 0 | W72: 0 | X72: 3471.76 | Y72: 9802.62 | Z72: 11 | AA72: 0 | AB72: 0 | AC72: 0 | AD72: 72 | AE72: 0 | AF72: 0 | AG72: 0 | AH72: 0 | AI72: 0 | AJ72: 0 | AK72: 0 | AL72: 0 | AM72: 0 | AN72: 0 | AO72: 0 | AP72: 0 | AQ72: 0 | AR72: 0 | AS72: 0 | AT72: 0 | AU72: 0 | AV72: 6 | AW72: 17 | AX72: 0 | AY72: 0 | AZ72: 0 | BA72: 0 | BB72: 0 | BC72: 0 | BD72: 0 | BE72: 0 | BF72: 0 | BG72: 0 | BH72: 0 | BI72: 0 | BJ72: 0 | BK72: 0 | BL72: 0 | BM72: 0
A73: 6063 | B73: CHOC CONEJO (480 GR) / 24 | C73: 3 | D73: 162 | E73: EFFEM MEXICO INC. Y COMPAÑÍAS EN N.C DE CV | F73: 123 | G73: CHOCOLATES TURIN S.A. DE C.V. | H73: 220.1887 | I73: 660.5661 | J73: =K73*I73 -> 6605.661 | K73: =SUM(P73+S73+V73) -> 10 | L73: 0 | M73: 0 | P73: 5 | Q73: 5.17 | R73: 0 | S73: 5 | T73: 0 | U73: 0 | V73: =T73*0.8-U73 -> 0 | W73: 0 | X73: 3412.92 | Y73: 0 | Z73: 0 | AA73: 0 | AB73: 0 | AC73: 0 | AD73: 0 | AE73: 0 | AF73: 0 | AG73: 0 | AH73: 0 | AI73: 0 | AJ73: 0 | AK73: 0 | AL73: 0 | AM73: 0 | AN73: 0 | AO73: 0 | AP73: 0 | AQ73: 0 | AR73: 0 | AS73: 0 | AT73: 7 | AU73: 0 | AV73: 0 | AW73: 17 | AX73: 0 | AY73: 0 | AZ73: 0 | BA73: 0 | BB73: 0 | BC73: 0 | BD73: 0 | BE73: 0 | BF73: 0 | BG73: 0 | BH73: 0 | BI73: 0 | BJ73: 0 | BK73: 0 | BL73: 0 | BM73: 0
A74: 95253 | B74: CHOC TUBO ZERO 145GR / 1 TURIN | C74: 6 | D74: 162 | E74: EFFEM MEXICO INC. Y COMPAÑÍAS EN N.C DE CV | F74: 123 | G74: CHOCOLATES TURIN S.A. DE C.V. | H74: 119.3709 | I74: 716.2254 | J74: =K74*I74 -> 3581.127 | K74: =SUM(P74+S74+V74) -> 5 | L74: 1.08 | M74: 0 | P74: 3 | Q74: 3.67 | R74: 1.17 | S74: 2 | T74: 0 | U74: 0.67 | V74: 0 | W74: 0 | X74: 3402.07 | Y74: 1313.08 | Z74: 0 | AA74: 0 | AB74: 3 | AC74: 7 | AD74: 0 | AE74: 0 | AF74: 0 | AG74: 0 | AH74: 0 | AI74: 0 | AJ74: 0 | AK74: 0 | AL74: 0 | AM74: 0 | AN74: 0 | AO74: 0 | AP74: 0 | AQ74: 0 | AR74: 0 | AS74: 0 | AT74: 5 | AU74: 0 | AV74: 8 | AW74: 18 | AX74: 7 | AY74: 0 | AZ74: 0 | BA74: 0 | BB74: 0 | BC74: 0 | BD74: 0 | BE74: 0 | BF74: 0 | BG74: 0 | BH74: 4 | BI74: 0 | BJ74: 0 | BK74: 0 | BL74: 0 | BM74: 0
A75: 91115 | B75: CHOC JOSE CUERVO BLS 120G 3098 TURIN | C75: 12 | D75: 162 | E75: EFFEM MEXICO INC. Y COMPAÑÍAS EN N.C DE CV | F75: 123 | G75: CHOCOLATES TURIN S.A. DE C.V. | H75: 101.8825 | I75: 1222.59 | J75: =K75*I75 -> 6112.95 | K75: =SUM(P75+S75+V75) -> 5 | L75: 0 | M75: 0 | P75: 5 | Q75: 2.71 | R75: 2.75 | S75: 0 | T75: 0 | U75: 1.67 | V75: 0 | W75: 0 | X75: 3311.18 | Y75: 5399.77 | Z75: 0 | AA75: 0 | AB75: 0 | AC75: 0 | AD75: 0 | AE75: 0 | AF75: 0 | AG75: 0 | AH75: 0 | AI75: 0 | AJ75: 0 | AK75: 0 | AL75: 0 | AM75: 0 | AN75: 0 | AO75: 0 | AP75: 0 | AQ75: 0 | AR75: 0 | AS75: 0 | AT75: 7 | AU75: 0 | AV75: 18 | AW75: 15 | AX75: 33 | AY75: 0 | AZ75: 0 | BA75: 0 | BB75: 0 | BC75: 0 | BD75: 0 | BE75: 0 | BF75: 0 | BG75: 0 | BH75: 20 | BI75: 0 | BJ75: 0 | BK75: 0 | BL75: 0 | BM75: 0
A76: 91052 | B76: CHOC CONEJOS MINI TUBO 200GR TURIN | C76: 6 | D76: 162 | E76: EFFEM MEXICO INC. Y COMPAÑÍAS EN N.C DE CV | F76: 123 | G76: CHOCOLATES TURIN S.A. DE C.V. | H76: 107.9653 | I76: 647.7918 | J76: =K76*I76 -> 3238.959 | K76: =SUM(P76+S76+V76) -> 5 | L76: 0.42 | M76: 0 | P76: 3 | Q76: 4.67 | R76: 3.5 | S76: 2 | T76: 0 | U76: 0 | V76: =T76*0.8-U76 -> 0 | W76: 0 | X76: 3292.94 | Y76: 2267.27 | Z76: 0 | AA76: 0 | AB76: 2 | AC76: 1 | AD76: 0 | AE76: 0 | AF76: 0 | AG76: 0 | AH76: 0 | AI76: 0 | AJ76: 0 | AK76: 0 | AL76: 0 | AM76: 0 | AN76: 0 | AO76: 0 | AP76: 0 | AQ76: 0 | AR76: 0 | AS76: 0 | AT76: 15 | AU76: 0 | AV76: 0 | AW76: 26 | AX76: 21 | AY76: 0 | AZ76: 0 | BA76: 0 | BB76: 0 | BC76: 0 | BD76: 0 | BE76: 0 | BF76: 0 | BG76: 0 | BH76: 0 | BI76: 0 | BJ76: 0 | BK76: 0 | BL76: 0 | BM76: 0
A77: 91015 | B77: VIT CHOC JOSE CUERVO ESPECIAL 270GR 2837 TURIN | C77: 4 | D77: 162 | E77: EFFEM MEXICO INC. Y COMPAÑÍAS EN N.C DE CV | F77: 123 | G77: CHOCOLATES TURIN S.A. DE C.V. | H77: 181.5642 | I77: 726.2568 | J77: =K77*I77 -> 7262.568 | K77: =SUM(P77+S77+V77) -> 10 | L77: 1.5 | M77: 0 | P77: 5 | Q77: 2.5 | R77: 0.25 | S77: 5 | T77: 0.5 | U77: 0.75 | V77: 0 | W77: 0 | X77: 3268.16 | Y77: 726.26 | Z77: 3 | AA77: 0 | AB77: 1 | AC77: 4 | AD77: 0 | AE77: 0 | AF77: 0 | AG77: 0 | AH77: 0 | AI77: 0 | AJ77: 0 | AK77: 0 | AL77: 0 | AM77: 0 | AN77: 0 | AO77: 0 | AP77: 0 | AQ77: 0 | AR77: 0 | AS77: 0 | AT77: 0 | AU77: 0 | AV77: 8 | AW77: 4 | AX77: 1 | AY77: 0 | AZ77: 0 | BA77: 0 | BB77: 0 | BC77: 0 | BD77: 0 | BE77: 0 | BF77: 2 | BG77: 0 | BH77: 3 | BI77: 0 | BJ77: 0 | BK77: 0 | BL77: 0 | BM77: 0
A78: 91106 | B78: EST CARAJILLO 120GR /15 TURIN | C78: 8 | D78: 162 | E78: EFFEM MEXICO INC. Y COMPAÑÍAS EN N.C DE CV | F78: 123 | G78: CHOCOLATES TURIN S.A. DE C.V. | H78: 83.8254 | I78: 670.6032 | J78: =K78*I78 -> 2011.8096 | K78: =SUM(P78+S78+V78) -> 3 | L78: 0.81 | M78: 0 | P78: 3 | Q78: 3.94 | R78: 6.62 | S78: 0 | T78: 0 | U78: 0 | V78: =T78*0.8-U78 -> 0 | W78: 0 | X78: 3185.37 | Y78: 4442.75 | Z78: 0 | AA78: 0 | AB78: 0 | AC78: 13 | AD78: 0 | AE78: 0 | AF78: 0 | AG78: 0 | AH78: 0 | AI78: 0 | AJ78: 0 | AK78: 0 | AL78: 0 | AM78: 0 | AN78: 0 | AO78: 0 | AP78: 0 | AQ78: 0 | AR78: 0 | AS78: 0 | AT78: 11 | AU78: 0 | AV78: 0 | AW78: 41 | AX78: 53 | AY78: 0 | AZ78: 0 | BA78: 0 | BB78: 0 | BC78: 0 | BD78: 0 | BE78: 0 | BF78: 0 | BG78: 0 | BH78: 0 | BI78: 0 | BJ78: 0 | BK78: 0 | BL78: 0 | BM78: 0
A79: 91051 | B79: CHOC CONEJO (400GR) / 20 | C79: 7 | D79: 162 | E79: EFFEM MEXICO INC. Y COMPAÑÍAS EN N.C DE CV | F79: 123 | G79: CHOCOLATES TURIN S.A. DE C.V. | H79: 191.731 | I79: 1342.117 | J79: =K79*I79 -> 8052.702 | K79: =SUM(P79+S79+V79) -> 6 | L79: 0.43 | M79: 0 | P79: 3 | Q79: 1.93 | R79: 0 | S79: 3 | T79: 0 | U79: 0 | V79: =T79*0.8-U79 -> 0 | W79: 0 | X79: 3163.56 | Y79: 0 | Z79: 0 | AA79: 0 | AB79: 0 | AC79: 6 | AD79: 0 | AE79: 0 | AF79: 0 | AG79: 0 | AH79: 0 | AI79: 0 | AJ79: 0 | AK79: 0 | AL79: 0 | AM79: 0 | AN79: 0 | AO79: 0 | AP79: 0 | AQ79: 0 | AR79: 0 | AS79: 0 | AT79: 5 | AU79: 0 | AV79: 6 | AW79: 5 | AX79: 0 | AY79: 0 | AZ79: 0 | BA79: 0 | BB79: 0 | BC79: 0 | BD79: 0 | BE79: 0 | BF79: 0 | BG79: 0 | BH79: 0 | BI79: 0 | BJ79: 0 | BK79: 0 | BL79: 0 | BM79: 0
A80: 97301 | B80: PAL LUCAS LENWAS SANDIA 560GR/ 40 | C80: 12 | D80: 162 | E80: EFFEM MEXICO INC. Y COMPAÑÍAS EN N.C DE CV | F80: 807 | G80: MATRE MEXICO S DE RL DE CV | H80: 82.115 | I80: 985.38 | J80: =K80*I80 -> 0 | K80: =SUM(P80+S80+V80) -> 0 | L80: 0.75 | M80: 0 | P80: 0 | Q80: 1.42 | R80: 1.75 | S80: 0 | T80: 0.75 | U80: 2.67 | V80: 0 | W80: 0 | X80: 2874.02 | Y80: 4352.09 | Z80: 9 | AA80: 0 | AB80: 0 | AC80: 0 | AD80: 0 | AE80: 0 | AF80: 0 | AG80: 0 | AH80: 0 | AI80: 0 | AJ80: 0 | AK80: 0 | AL80: 0 | AM80: 0 | AN80: 0 | AO80: 0 | AP80: 0 | AQ80: 0 | AR80: 0 | AS80: 0 | AT80: 17 | AU80: 0 | AV80: 0 | AW80: 0 | AX80: 21 | AY80: 0 | AZ80: 0 | BA80: 0 | BB80: 0 | BC80: 0 | BD80: 9 | BE80: 0 | BF80: 0 | BG80: 0 | BH80: 32 | BI80: 0 | BJ80: 0 | BK80: 0 | BL80: 0 | BM80: 0
A81: 91027 | B81: CHOC MINUIT MINT TUBO (145 G) / TURIN | C81: 12 | D81: 162 | E81: EFFEM MEXICO INC. Y COMPAÑÍAS EN N.C DE CV | F81: 123 | G81: CHOCOLATES TURIN S.A. DE C.V. | H81: 115.1885 | I81: 1382.262 | J81: =K81*I81 -> 5529.048 | K81: =SUM(P81+S81+V81) -> 4 | L81: 1.67 | M81: 0.25 | P81: 2 | Q81: 0 | R81: 0 | S81: 2 | T81: 0.29 | U81: 0.75 | V81: 0 | W81: 0 | X81: 2706.93 | Y81: 1382.26 | Z81: 2 | AA81: 0 | AB81: 13 | AC81: 10 | AD81: 3 | AE81: 0 | AF81: 0 | AG81: 0 | AH81: 0 | AI81: 0 | AJ81: 0 | AK81: 0 | AL81: 0 | AM81: 0 | AN81: 0 | AO81: 0 | AP81: 0 | AQ81: 0 | AR81: 0 | AS81: 0 | AT81: 0 | AU81: 0 | AV81: 0 | AW81: 0 | AX81: 0 | AY81: 0 | AZ81: 0 | BA81: 0 | BB81: 0 | BC81: 0 | BD81: 2 | BE81: 0 | BF81: 0 | BG81: 3 | BH81: 9 | BI81: 0 | BJ81: 0 | BK81: 0 | BL81: 0 | BM81: 0
A82: 88216 | B82: CH WRIGLEYS DOUBLEMINT15S/10 | C82: 12 | D82: 162 | E82: EFFEM MEXICO INC. Y COMPAÑÍAS EN N.C DE CV | F82: 162 | G82: EFFEM MEXICO INC. Y COMPAÑÍA S EN N.C DE CV | H82: 161.939 | I82: 1943.268 | J82: =K82*I82 -> 0 | K82: =SUM(P82+S82+V82) -> 0 | L82: 0.33 | M82: 0.92 | P82: 0 | Q82: 0.92 | R82: 6.42 | S82: 0 | T82: 0.08 | U82: 1 | V82: 0 | W82: 0 | X82: 2591.02 | Y82: 16193.9 | Z82: 4 | AA82: 0 | AB82: 0 | AC82: 0 | AD82: 11 | AE82: 0 | AF82: 0 | AG82: 0 | AH82: 0 | AI82: 0 | AJ82: 0 | AK82: 0 | AL82: 0 | AM82: 0 | AN82: 0 | AO82: 0 | AP82: 0 | AQ82: 0 | AR82: 0 | AS82: 0 | AT82: 11 | AU82: 0 | AV82: 0 | AW82: 0 | AX82: 77 | AY82: 0 | AZ82: 0 | BA82: 0 | BB82: 0 | BC82: 0 | BD82: 1 | BE82: 0 | BF82: 0 | BG82: 0 | BH82: 12 | BI82: 0 | BJ82: 0 | BK82: 0 | BL82: 0 | BM82: 0
A83: 91014 | B83: VIT CHOC BAILEYS 270GR TURIN 2934 | C83: 4 | D83: 162 | E83: EFFEM MEXICO INC. Y COMPAÑÍAS EN N.C DE CV | F83: 123 | G83: CHOCOLATES TURIN S.A. DE C.V. | H83: 191.6 | I83: 766.4 | J83: =K83*I83 -> 6131.2 | K83: =SUM(P83+S83+V83) -> 8 | L83: 0.38 | M83: 0 | P83: 3 | Q83: 3 | R83: 0 | S83: 5 | T83: 0 | U83: 0 | V83: =T83*0.8-U83 -> 0 | W83: 0 | X83: 2586.6 | Y83: 0 | Z83: 0 | AA83: 0 | AB83: 0 | AC83: 3 | AD83: 0 | AE83: 0 | AF83: 0 | AG83: 0 | AH83: 0 | AI83: 0 | AJ83: 0 | AK83: 0 | AL83: 0 | AM83: 0 | AN83: 0 | AO83: 0 | AP83: 0 | AQ83: 0 | AR83: 0 | AS83: 0 | AT83: 0 | AU83: 0 | AV83: 7 | AW83: 10 | AX83: 0 | AY83: 0 | AZ83: 0 | BA83: 0 | BB83: 0 | BC83: 0 | BD83: 0 | BE83: 0 | BF83: 0 | BG83: 0 | BH83: 0 | BI83: 0 | BJ83: 0 | BK83: 0 | BL83: 0 | BM83: 0
A84: 88138 | B84: CH HUBBA BUBBA SOUR 340.20GR/ 6 | C84: 24 | D84: 162 | E84: EFFEM MEXICO INC. Y COMPAÑÍAS EN N.C DE CV | F84: 974 | G84: CHICLES | H84: 107.6336 | I84: 2583.2064 | J84: =K84*I84 -> 0 | K84: =SUM(P84+S84+V84) -> 0 | L84: 0.58 | M84: 0 | P84: 0 | Q84: 0.35 | R84: 0 | S84: 0 | T84: 0 | U84: 0 | V84: =T84*0.8-U84 -> 0 | W84: 0 | X84: 2421.76 | Y84: 0 | Z84: 0 | AA84: 0 | AB84: 10 | AC84: 8 | AD84: 0 | AE84: 0 | AF84: 0 | AG84: 0 | AH84: 0 | AI84: 0 | AJ84: 0 | AK84: 0 | AL84: 0 | AM84: 0 | AN84: 0 | AO84: 0 | AP84: 0 | AQ84: 0 | AR84: 0 | AS84: 0 | AT84: 0 | AU84: 0 | AV84: 0 | AW84: 17 | AX84: 0 | AY84: 0 | AZ84: 0 | BA84: 0 | BB84: 0 | BC84: 0 | BD84: 0 | BE84: 0 | BF84: 0 | BG84: 0 | BH84: 0 | BI84: 0 | BJ84: 0 | BK84: 0 | BL84: 0 | BM84: 0
A85: 97316 | B85: EST CHOC BAILEYS MIX 120GR/ 12 TURIN | C85: 8 | D85: 162 | E85: EFFEM MEXICO INC. Y COMPAÑÍAS EN N.C DE CV | F85: 162 | G85: EFFEM MEXICO INC. Y COMPAÑÍA S EN N.C DE CV | H85: 92.1508 | I85: 737.2064 | J85: =K85*I85 -> 0 | K85: =SUM(P85+S85+V85) -> 0 | L85: 1 | M85: 0.12 | P85: 0 | Q85: 0.5 | R85: 0 | S85: 0 | T85: 1.25 | U85: 5.62 | V85: 0 | W85: 0 | X85: 2027.32 | Y85: 4238.94 | Z85: 8 | AA85: 0 | AB85: 0 | AC85: 0 | AD85: 1 | AE85: 0 | AF85: 0 | AG85: 0 | AH85: 0 | AI85: 0 | AJ85: 0 | AK85: 0 | AL85: 0 | AM85: 0 | AN85: 0 | AO85: 0 | AP85: 0 | AQ85: 0 | AR85: 0 | AS85: 0 | AT85: 4 | AU85: 0 | AV85: 0 | AW85: 0 | AX85: 0 | AY85: 0 | AZ85: 0 | BA85: 0 | BB85: 0 | BC85: 0 | BD85: 10 | BE85: 0 | BF85: 0 | BG85: 0 | BH85: 45 | BI85: 0 | BJ85: 0 | BK85: 0 | BL85: 0 | BM85: 0
A86: 6019 | B86: * DESC CHOC CAJA SV M&M 82.8GR MARS | C86: 20 | D86: 162 | E86: EFFEM MEXICO INC. Y COMPAÑÍAS EN N.C DE CV | F86: 999 | G86: PRODUCTOS A ELIMINAR | H86: 34.3513 | I86: 687.026 | J86: =K86*I86 -> 0 | K86: =SUM(P86+S86+V86) -> 0 | L86: 0 | M86: 0 | P86: =L86*0.8-M86 -> 0 | Q86: 2.68 | R86: 0 | S86: 0 | T86: 0 | U86: 0 | V86: =T86*0.8-U86 -> 0 | W86: 0 | X86: 1837.79 | Y86: 0 | Z86: 0 | AA86: 0 | AB86: 0 | AC86: 0 | AD86: 0 | AE86: 0 | AF86: 0 | AG86: 0 | AH86: 0 | AI86: 0 | AJ86: 0 | AK86: 0 | AL86: 0 | AM86: 0 | AN86: 0 | AO86: 0 | AP86: 0 | AQ86: 0 | AR86: 0 | AS86: 0 | AT86: 0 | AU86: 0 | AV86: 46 | AW86: 15 | AX86: 0 | AY86: 0 | AZ86: 0 | BA86: 0 | BB86: 0 | BC86: 0 | BD86: 0 | BE86: 0 | BF86: 0 | BG86: 0 | BH86: 0 | BI86: 0 | BJ86: 0 | BK86: 0 | BL86: 0 | BM86: 0
A87: 97300 | B87: PAL LUCAS LENWAS MANGO 560GR/ 40 | C87: 12 | D87: 162 | E87: EFFEM MEXICO INC. Y COMPAÑÍAS EN N.C DE CV | F87: 807 | G87: MATRE MEXICO S DE RL DE CV | H87: 82.115 | I87: 985.38 | J87: =K87*I87 -> 0 | K87: =SUM(P87+S87+V87) -> 0 | L87: 0.75 | M87: 1.58 | P87: 0 | Q87: 0.5 | R87: 0.08 | S87: 0 | T87: 0.58 | U87: 0.08 | V87: 0 | W87: 0 | X87: 1806.53 | Y87: 1724.41 | Z87: 9 | AA87: 0 | AB87: 0 | AC87: 0 | AD87: 19 | AE87: 0 | AF87: 0 | AG87: 0 | AH87: 0 | AI87: 0 | AJ87: 0 | AK87: 0 | AL87: 0 | AM87: 0 | AN87: 0 | AO87: 0 | AP87: 0 | AQ87: 0 | AR87: 0 | AS87: 0 | AT87: 6 | AU87: 0 | AV87: 0 | AW87: 0 | AX87: 1 | AY87: 0 | AZ87: 0 | BA87: 0 | BB87: 0 | BC87: 0 | BD87: 7 | BE87: 0 | BF87: 0 | BG87: 0 | BH87: 1 | BI87: 0 | BJ87: 0 | BK87: 0 | BL87: 0 | BM87: 0
A88: 65105 | B88: BOMVASO LUCAS TAMARINDO/10 | C88: 24 | D88: 162 | E88: EFFEM MEXICO INC. Y COMPAÑÍAS EN N.C DE CV | F88: 807 | G88: MATRE MEXICO S DE RL DE CV | H88: 61.1734 | I88: 1468.1616 | J88: =K88*I88 -> 0 | K88: =SUM(P88+S88+V88) -> 0 | L88: 0 | M88: 0 | P88: =L88*0.8-M88 -> 0 | Q88: 1.17 | R88: 0 | S88: 0 | T88: 0 | U88: 0 | V88: =T88*0.8-U88 -> 0 | W88: 0 | X88: 1712.86 | Y88: 0 | Z88: 0 | AA88: 0 | AB88: 0 | AC88: 0 | AD88: 0 | AE88: 0 | AF88: 0 | AG88: 0 | AH88: 0 | AI88: 0 | AJ88: 0 | AK88: 0 | AL88: 0 | AM88: 0 | AN88: 0 | AO88: 0 | AP88: 0 | AQ88: 0 | AR88: 0 | AS88: 0 | AT88: 0 | AU88: 0 | AV88: 20 | AW88: 16 | AX88: 0 | AY88: 0 | AZ88: 0 | BA88: 0 | BB88: 0 | BC88: 0 | BD88: 0 | BE88: 0 | BF88: 0 | BG88: 0 | BH88: 0 | BI88: 0 | BJ88: 0 | BK88: 0 | BL88: 0 | BM88: 0
A89: 96418 | B89: TURIN COCOA NATURAL BOLSA 1KG | C89: 6 | D89: 162 | E89: EFFEM MEXICO INC. Y COMPAÑÍAS EN N.C DE CV | F89: 999 | G89: PRODUCTOS A ELIMINAR | H89: 447.48 | I89: 2684.88 | J89: =K89*I89 -> 0 | K89: =SUM(P89+S89+V89) -> 0 | L89: 0.5 | M89: 1.83 | P89: 0 | Q89: 0.08 | R89: 0 | S89: 0 | T89: 0 | U89: 0 | V89: =T89*0.8-U89 -> 0 | W89: 0 | X89: 1566.18 | Y89: 4922.28 | Z89: 1 | AA89: 0 | AB89: 2 | AC89: 0 | AD89: 11 | AE89: 0 | AF89: 0 | AG89: 0 | AH89: 0 | AI89: 0 | AJ89: 0 | AK89: 0 | AL89: 0 | AM89: 0 | AN89: 0 | AO89: 0 | AP89: 0 | AQ89: 0 | AR89: 0 | AS89: 0 | AT89: 0 | AU89: 0 | AV89: 0 | AW89: 1 | AX89: 0 | AY89: 0 | AZ89: 0 | BA89: 0 | BB89: 0 | BC89: 0 | BD89: 0 | BE89: 0 | BF89: 0 | BG89: 0 | BH89: 0 | BI89: 0 | BJ89: 0 | BK89: 0 | BL89: 0 | BM89: 0
A90: 88136 | B90: VIT CH ORBIT 2´S SURTIDO /100 MARS | C90: 12 | D90: 162 | E90: EFFEM MEXICO INC. Y COMPAÑÍAS EN N.C DE CV | F90: 974 | G90: CHICLES | H90: 107.7872 | I90: 1293.4464 | J90: =K90*I90 -> 0 | K90: =SUM(P90+S90+V90) -> 0 | L90: 0 | M90: 0 | P90: =L90*0.8-M90 -> 0 | Q90: 1.12 | R90: 0 | S90: 0 | T90: 0.04 | U90: 0 | V90: 0 | W90: 0 | X90: 1509.02 | Y90: 0 | Z90: 0 | AA90: 0 | AB90: 0 | AC90: 0 | AD90: 0 | AE90: 0 | AF90: 0 | AG90: 0 | AH90: 0 | AI90: 0 | AJ90: 0 | AK90: 0 | AL90: 0 | AM90: 0 | AN90: 0 | AO90: 0 | AP90: 0 | AQ90: 0 | AR90: 0 | AS90: 0 | AT90: 0 | AU90: 0 | AV90: 8 | AW90: 11 | AX90: 0 | AY90: 0 | AZ90: 0 | BA90: 0 | BB90: 0 | BC90: 0 | BD90: 0 | BE90: 0 | BF90: 0 | BG90: 1 | BH90: 0 | BI90: 0 | BJ90: 0 | BK90: 0 | BL90: 0 | BM90: 0
A91: 269 | B91: IND CH HUBBA BUBBA SURTIDO / 1 | C91: 144 | D91: 162 | E91: EFFEM MEXICO INC. Y COMPAÑÍAS EN N.C DE CV | F91: 1 | G91: G INDIVIDUALES | H91: 18.5505 | I91: 2671.272 | J91: =K91*I91 -> 0 | K91: =SUM(P91+S91+V91) -> 0 | L91: 0.44 | M91: -0.11 | P91: 0 | Q91: 0 | R91: 0 | S91: =Q91*0.8-R91 -> 0 | T91: 0.09 | U91: -0.01 | V91: 0 | W91: 0 | X91: 1419.11 | Y91: -315.36 | Z91: 10 | AA91: 0 | AB91: 28 | AC91: 51 | AD91: -16 | AE91: 0 | AF91: 0 | AG91: 0 | AH91: 0 | AI91: 0 | AJ91: 0 | AK91: 0 | AL91: 0 | AM91: 0 | AN91: 0 | AO91: 0 | AP91: 0 | AQ91: 0 | AR91: 0 | AS91: 0 | AT91: 0 | AU91: 0 | AV91: 0 | AW91: 0 | AX91: 0 | AY91: 0 | AZ91: 0 | BA91: 0 | BB91: 0 | BC91: 0 | BD91: 9 | BE91: 0 | BF91: 2 | BG91: 4 | BH91: -1 | BI91: 0 | BJ91: 0 | BK91: 0 | BL91: 0 | BM91: 0
A92: 88153 | B92: CH ORBIT MENTA 14 S /12 | C92: 12 | D92: 162 | E92: EFFEM MEXICO INC. Y COMPAÑÍAS EN N.C DE CV | F92: 974 | G92: CHICLES | H92: 140.2991 | I92: 1683.5892 | J92: =K92*I92 -> 0 | K92: =SUM(P92+S92+V92) -> 0 | L92: 0 | M92: 8 | P92: 0 | Q92: 0.83 | R92: 6.33 | S92: 0 | T92: 0 | U92: 9 | V92: 0 | W92: 0 | X92: 1402.99 | Y92: 39283.75 | Z92: 0 | AA92: 0 | AB92: 0 | AC92: 0 | AD92: 96 | AE92: 0 | AF92: 0 | AG92: 0 | AH92: 0 | AI92: 0 | AJ92: 0 | AK92: 0 | AL92: 0 | AM92: 0 | AN92: 0 | AO92: 0 | AP92: 0 | AQ92: 0 | AR92: 0 | AS92: 0 | AT92: 8 | AU92: 0 | AV92: 0 | AW92: 4 | AX92: 76 | AY92: 0 | AZ92: 0 | BA92: 0 | BB92: 0 | BC92: 0 | BD92: 0 | BE92: 0 | BF92: 0 | BG92: 0 | BH92: 108 | BI92: 0 | BJ92: 0 | BK92: 0 | BL92: 0 | BM92: 0
A93: 95804 | B93: SKWINKLES CHUNKS SANDIA 130GR/ | C93: 12 | D93: 162 | E93: EFFEM MEXICO INC. Y COMPAÑÍAS EN N.C DE CV | F93: 807 | G93: MATRE MEXICO S DE RL DE CV | H93: 33.9102 | I93: 406.9224 | J93: =K93*I93 -> 2034.612 | K93: =SUM(P93+S93+V93) -> 5 | L93: 0 | M93: 0 | P93: =L93*0.8-M93 -> 0 | Q93: 3.25 | R93: 0 | S93: 5 | T93: 0 | U93: 0 | V93: =T93*0.8-U93 -> 0 | W93: 0 | X93: 1322.5 | Y93: 0 | Z93: 0 | AA93: 0 | AB93: 0 | AC93: 0 | AD93: 0 | AE93: 0 | AF93: 0 | AG93: 0 | AH93: 0 | AI93: 0 | AJ93: 0 | AK93: 0 | AL93: 0 | AM93: 0 | AN93: 0 | AO93: 0 | AP93: 0 | AQ93: 0 | AR93: 0 | AS93: 0 | AT93: 0 | AU93: 0 | AV93: 31 | AW93: 16 | AX93: 0 | AY93: 0 | AZ93: 0 | BA93: 0 | BB93: 0 | BC93: 0 | BD93: 0 | BE93: 0 | BF93: 0 | BG93: 0 | BH93: 0 | BI93: 0 | BJ93: 0 | BK93: 0 | BL93: 0 | BM93: 0
A94: 78155 | B94: 500 GR CONF CLARO / TURIN | C94: 32 | D94: 162 | E94: EFFEM MEXICO INC. Y COMPAÑÍAS EN N.C DE CV | F94: 1 | G94: G INDIVIDUALES | H94: 82.3925 | I94: 2636.56 | J94: =K94*I94 -> 0 | K94: =SUM(P94+S94+V94) -> 0 | L94: 0.03 | M94: 0.19 | P94: 0 | Q94: 0.44 | R94: 0 | S94: 0 | T94: 0 | U94: 0 | V94: =T94*0.8-U94 -> 0 | W94: 0 | X94: 1235.89 | Y94: 494.36 | Z94: 0 | AA94: 0 | AB94: 1 | AC94: 0 | AD94: 6 | AE94: 0 | AF94: 0 | AG94: 0 | AH94: 0 | AI94: 0 | AJ94: 0 | AK94: 0 | AL94: 0 | AM94: 0 | AN94: 0 | AO94: 0 | AP94: 0 | AQ94: 0 | AR94: 0 | AS94: 0 | AT94: 0 | AU94: 0 | AV94: 10 | AW94: 8 | AX94: 0 | AY94: 0 | AZ94: 0 | BA94: 0 | BB94: 0 | BC94: 0 | BD94: 0 | BE94: 0 | BF94: 0 | BG94: 0 | BH94: 0 | BI94: 0 | BJ94: 0 | BK94: 0 | BL94: 0 | BM94: 0
A95: 65136 | B95: * DESC CHOC REGALO CHICO SV M&M 34GR MARS | C95: 20 | D95: 162 | E95: EFFEM MEXICO INC. Y COMPAÑÍAS EN N.C DE CV | F95: 999 | G95: PRODUCTOS A ELIMINAR | H95: 18.6583 | I95: 373.166 | J95: =K95*I95 -> 0 | K95: =SUM(P95+S95+V95) -> 0 | L95: 0 | M95: 0 | P95: =L95*0.8-M95 -> 0 | Q95: 3.3 | R95: 0 | S95: 0 | T95: 0 | U95: 0 | V95: =T95*0.8-U95 -> 0 | W95: 0 | X95: 1231.45 | Y95: 0 | Z95: 0 | AA95: 0 | AB95: 0 | AC95: 0 | AD95: 0 | AE95: 0 | AF95: 0 | AG95: 0 | AH95: 0 | AI95: 0 | AJ95: 0 | AK95: 0 | AL95: 0 | AM95: 0 | AN95: 0 | AO95: 0 | AP95: 0 | AQ95: 0 | AR95: 0 | AS95: 0 | AT95: 0 | AU95: 0 | AV95: 66 | AW95: 0 | AX95: 0 | AY95: 0 | AZ95: 0 | BA95: 0 | BB95: 0 | BC95: 0 | BD95: 0 | BE95: 0 | BF95: 0 | BG95: 0 | BH95: 0 | BI95: 0 | BJ95: 0 | BK95: 0 | BL95: 0 | BM95: 0
A96: 24 | B96: IND SKWINKLES SALSAGHETI SANDIA 24GR | C96: 240 | D96: 162 | E96: EFFEM MEXICO INC. Y COMPAÑÍAS EN N.C DE CV | F96: 1 | G96: G INDIVIDUALES | H96: 5.716 | I96: 1371.84 | J96: =K96*I96 -> 0 | K96: =SUM(P96+S96+V96) -> 0 | L96: 0.63 | M96: 0.01 | P96: 0 | Q96: 0 | R96: 0 | S96: 0 | T96: 0.22 | U96: -0.2 | V96: 0 | W96: 0 | X96: 1160.35 | Y96: -262.94 | Z96: 45 | AA96: 0 | AB96: 78 | AC96: 56 | AD96: 3 | AE96: 0 | AF96: 0 | AG96: 0 | AH96: 0 | AI96: 0 | AJ96: 0 | AK96: 0 | AL96: 0 | AM96: 0 | AN96: 0 | AO96: 0 | AP96: 0 | AQ96: 0 | AR96: 0 | AS96: 0 | AT96: 0 | AU96: 0 | AV96: 0 | AW96: 0 | AX96: 0 | AY96: 0 | AZ96: 0 | BA96: 0 | BB96: 0 | BC96: 0 | BD96: 39 | BE96: 0 | BF96: 13 | BG96: 0 | BH96: -49 | BI96: 0 | BJ96: 0 | BK96: 0 | BL96: 0 | BM96: 0
A97: 91199 | B97: TABLILLA CHOC SIN AZUCAR (100G)/ TURIN | C97: 16 | D97: 162 | E97: EFFEM MEXICO INC. Y COMPAÑÍAS EN N.C DE CV | F97: 123 | G97: CHOCOLATES TURIN S.A. DE C.V. | H97: 58.6207 | I97: 937.9312 | J97: =K97*I97 -> 0 | K97: =SUM(P97+S97+V97) -> 0 | L97: 1.16 | M97: 0 | P97: 0 | Q97: 0 | R97: 0 | S97: 0 | T97: 0 | U97: 0 | V97: =T97*0.8-U97 -> 0 | W97: 0 | X97: 1084.48 | Y97: 0 | Z97: 5 | AA97: 0 | AB97: 4 | AC97: 19 | AD97: 0 | AE97: 0 | AF97: 0 | AG97: 0 | AH97: 0 | AI97: 0 | AJ97: 0 | AK97: 0 | AL97: 0 | AM97: 0 | AN97: 0 | AO97: 0 | AP97: 0 | AQ97: 0 | AR97: 0 | AS97: 0 | AT97: 0 | AU97: 0 | AV97: 0 | AW97: 0 | AX97: 0 | AY97: 0 | AZ97: 0 | BA97: 0 | BB97: 0 | BC97: 0 | BD97: 0 | BE97: 0 | BF97: 0 | BG97: 0 | BH97: 0 | BI97: 0 | BJ97: 0 | BK97: 0 | BL97: 0 | BM97: 0
A98: 65151 | B98: LUCAS GOMITAS MANGO ENCHILADO 130GR MARS | C98: 12 | D98: 162 | E98: EFFEM MEXICO INC. Y COMPAÑÍAS EN N.C DE CV | F98: 807 | G98: MATRE MEXICO S DE RL DE CV | H98: 33.9103 | I98: 406.9236 | J98: =K98*I98 -> 0 | K98: =SUM(P98+S98+V98) -> 0 | L98: 0.75 | M98: 1.08 | P98: 0 | Q98: 1.58 | R98: 2.17 | S98: 0 | T98: 0.21 | U98: 0 | V98: 0 | W98: 0 | X98: 1034.26 | Y98: 1322.5 | Z98: 9 | AA98: 0 | AB98: 0 | AC98: 0 | AD98: 13 | AE98: 0 | AF98: 0 | AG98: 0 | AH98: 0 | AI98: 0 | AJ98: 0 | AK98: 0 | AL98: 0 | AM98: 0 | AN98: 0 | AO98: 0 | AP98: 0 | AQ98: 0 | AR98: 0 | AS98: 0 | AT98: 11 | AU98: 0 | AV98: 5 | AW98: 6 | AX98: 26 | AY98: 0 | AZ98: 0 | BA98: 0 | BB98: 0 | BC98: 0 | BD98: 0 | BE98: 0 | BF98: 0 | BG98: 5 | BH98: 0 | BI98: 0 | BJ98: 0 | BK98: 0 | BL98: 0 | BM98: 0
A99: 70 | B99: IND CHOC SNICKERS 48.7GR | C99: 192 | D99: 162 | E99: EFFEM MEXICO INC. Y COMPAÑÍAS EN N.C DE CV | F99: 1 | G99: G INDIVIDUALES | H99: 14.5062 | I99: 2785.1904 | J99: =K99*I99 -> 0 | K99: =SUM(P99+S99+V99) -> 0 | L99: 0.26 | M99: -0.09 | P99: 0 | Q99: 0 | R99: 0 | S99: 0 | T99: 0.1 | U99: -0.07 | V99: 0 | W99: 0 | X99: 1008.18 | Y99: -449.69 | Z99: 16 | AA99: 0 | AB99: 21 | AC99: 27 | AD99: -18 | AE99: 0 | AF99: 0 | AG99: 0 | AH99: 0 | AI99: 0 | AJ99: 0 | AK99: 0 | AL99: 0 | AM99: 0 | AN99: 0 | AO99: 0 | AP99: 0 | AQ99: 0 | AR99: 0 | AS99: 0 | AT99: 0 | AU99: 0 | AV99: 0 | AW99: 0 | AX99: 0 | AY99: 0 | AZ99: 0 | BA99: 0 | BB99: 0 | BC99: 0 | BD99: 14 | BE99: 0 | BF99: 5 | BG99: 0 | BH99: -13 | BI99: 0 | BJ99: 0 | BK99: 0 | BL99: 0 | BM99: 0
A100: 6034 | B100: EST MASTERPIECES ZERO 96GR / TURIN | C100: 8 | D100: 162 | E100: EFFEM MEXICO INC. Y COMPAÑÍAS EN N.C DE CV | F100: 123 | G100: CHOCOLATES TURIN S.A. DE C.V. | H100: 78.0089 | I100: 624.0712 | J100: =K100*I100 -> 0 | K100: =SUM(P100+S100+V100) -> 0 | L100: 0 | M100: 0 | P100: =L100*0.8-M100 -> 0 | Q100: 1.5 | R100: 0 | S100: 0 | T100: 0 | U100: 0 | V100: =T100*0.8-U100 -> 0 | W100: 0 | X100: 936.11 | Y100: 0 | Z100: 0 | AA100: 0 | AB100: 0 | AC100: 0 | AD100: 0 | AE100: 0 | AF100: 0 | AG100: 0 | AH100: 0 | AI100: 0 | AJ100: 0 | AK100: 0 | AL100: 0 | AM100: 0 | AN100: 0 | AO100: 0 | AP100: 0 | AQ100: 0 | AR100: 0 | AS100: 0 | AT100: 0 | AU100: 0 | AV100: 0 | AW100: 24 | AX100: 0 | AY100: 0 | AZ100: 0 | BA100: 0 | BB100: 0 | BC100: 0 | BD100: 0 | BE100: 0 | BF100: 0 | BG100: 0 | BH100: 0 | BI100: 0 | BJ100: 0 | BK100: 0 | BL100: 0 | BM100: 0
A101: 95902 | B101: ***TURIN COCOA ALCALINA 1 KG | C101: 7 | D101: 162 | E101: EFFEM MEXICO INC. Y COMPAÑÍAS EN N.C DE CV | F101: 999 | G101: PRODUCTOS A ELIMINAR | H101: 266.65 | I101: 1866.55 | J101: =K101*I101 -> 0 | K101: =SUM(P101+S101+V101) -> 0 | L101: 0 | M101: 0 | P101: =L101*0.8-M101 -> 0 | Q101: 0.5 | R101: 0 | S101: 0 | T101: 0 | U101: 0 | V101: =T101*0.8-U101 -> 0 | W101: 0 | X101: 933.27 | Y101: 0 | Z101: 0 | AA101: 0 | AB101: 0 | AC101: 0 | AD101: 0 | AE101: 0 | AF101: 0 | AG101: 0 | AH101: 0 | AI101: 0 | AJ101: 0 | AK101: 0 | AL101: 0 | AM101: 0 | AN101: 0 | AO101: 0 | AP101: 0 | AQ101: 0 | AR101: 0 | AS101: 0 | AT101: 0 | AU101: 0 | AV101: 3 | AW101: 1 | AX101: 0 | AY101: 0 | AZ101: 0 | BA101: 0 | BB101: 0 | BC101: 0 | BD101: 0 | BE101: 0 | BF101: 0 | BG101: 0 | BH101: 0 | BI101: 0 | BJ101: 0 | BK101: 0 | BL101: 0 | BM101: 0
A102: 88152 | B102: CH ORBIT POLAR MINT 14 S / 12 | C102: 12 | D102: 162 | E102: EFFEM MEXICO INC. Y COMPAÑÍAS EN N.C DE CV | F102: 974 | G102: CHICLES | H102: 140.2991 | I102: 1683.5892 | J102: =K102*I102 -> 0 | K102: =SUM(P102+S102+V102) -> 0 | L102: 0 | M102: 0 | P102: =L102*0.8-M102 -> 0 | Q102: 0.54 | R102: 6.5 | S102: 0 | T102: 0 | U102: 9 | V102: 0 | W102: 0 | X102: 911.94 | Y102: 26095.63 | Z102: 0 | AA102: 0 | AB102: 0 | AC102: 0 | AD102: 0 | AE102: 0 | AF102: 0 | AG102: 0 | AH102: 0 | AI102: 0 | AJ102: 0 | AK102: 0 | AL102: 0 | AM102: 0 | AN102: 0 | AO102: 0 | AP102: 0 | AQ102: 0 | AR102: 0 | AS102: 0 | AT102: 6 | AU102: 0 | AV102: 0 | AW102: 1 | AX102: 78 | AY102: 0 | AZ102: 0 | BA102: 0 | BB102: 0 | BC102: 0 | BD102: 0 | BE102: 0 | BF102: 0 | BG102: 0 | BH102: 108 | BI102: 0 | BJ102: 0 | BK102: 0 | BL102: 0 | BM102: 0
A103: 6060 | B103: CHOC AMARGO 70% CACAO 288GR / 18 TURIN | C103: 5 | D103: 162 | E103: EFFEM MEXICO INC. Y COMPAÑÍAS EN N.C DE CV | F103: 123 | G103: CHOCOLATES TURIN S.A. DE C.V. | H103: 208.3884 | I103: 1041.942 | J103: =K103*I103 -> 0 | K103: =SUM(P103+S103+V103) -> 0 | L103: 0 | M103: 0 | P103: =L103*0.8-M103 -> 0 | Q103: 0.8 | R103: 0 | S103: 0 | T103: 0 | U103: 0 | V103: =T103*0.8-U103 -> 0 | W103: 0 | X103: 833.55 | Y103: 0 | Z103: 0 | AA103: 0 | AB103: 0 | AC103: 0 | AD103: 0 | AE103: 0 | AF103: 0 | AG103: 0 | AH103: 0 | AI103: 0 | AJ103: 0 | AK103: 0 | AL103: 0 | AM103: 0 | AN103: 0 | AO103: 0 | AP103: 0 | AQ103: 0 | AR103: 0 | AS103: 0 | AT103: 0 | AU103: 0 | AV103: 0 | AW103: 8 | AX103: 0 | AY103: 0 | AZ103: 0 | BA103: 0 | BB103: 0 | BC103: 0 | BD103: 0 | BE103: 0 | BF103: 0 | BG103: 0 | BH103: 0 | BI103: 0 | BJ103: 0 | BK103: 0 | BL103: 0 | BM103: 0
A104: 6043 | B104: LUCAS GOMITAS SANDIA ENCHILADA 130GR | C104: 12 | D104: 162 | E104: EFFEM MEXICO INC. Y COMPAÑÍAS EN N.C DE CV | F104: 807 | G104: MATRE MEXICO S DE RL DE CV | H104: 33.9103 | I104: 406.9236 | J104: =K104*I104 -> 0 | K104: =SUM(P104+S104+V104) -> 0 | L104: 0.75 | M104: 1.25 | P104: 0 | Q104: 0.62 | R104: 0.75 | S104: 0 | T104: 0.67 | U104: 2.5 | V104: 0 | W104: 0 | X104: 830.8 | Y104: 1831.16 | Z104: 7 | AA104: 0 | AB104: 2 | AC104: 0 | AD104: 15 | AE104: 0 | AF104: 0 | AG104: 0 | AH104: 0 | AI104: 0 | AJ104: 0 | AK104: 0 | AL104: 0 | AM104: 0 | AN104: 0 | AO104: 0 | AP104: 0 | AQ104: 0 | AR104: 0 | AS104: 0 | AT104: 1 | AU104: 0 | AV104: -2 | AW104: 17 | AX104: 9 | AY104: 0 | AZ104: 0 | BA104: 0 | BB104: 0 | BC104: 0 | BD104: 8 | BE104: 0 | BF104: 0 | BG104: 0 | BH104: 30 | BI104: 0 | BJ104: 0 | BK104: 0 | BL104: 0 | BM104: 0
...

Sheet 280126
J1: =SUM(J3:J212) -> 1038832.3 | K1: =SUM(K3:K212) -> 601 | O1: =SUM(O3:O212) -> 208 | T1: =SUM(T3:T212) -> 296 | W1: =SUM(W3:W212) -> 97 | X1: =Z1/Y1 -> 0.98250317 | Y1: =SUM(Y3:Y212) -> 2446402 | Z1: =SUM(Z3:Z212) -> 2403597.7
A2: Articulo | B2: Nombre | C2: UXC | D2: Subfamilia | E2: SN | F2: Categoria | G2: CN | H2: CostoCIVA | I2: CostoXCaja | J2: $Pedido | K2: SumaPedido | M2: 10VentasG | N2: 10ExistenciaG | O2: PedidoLPD | P2: 30VentasG | Q2: 30ExistenciasG | T2: PedMorelia | U2: 50VentasG | V2: 50ExistenciaG | W2: PedidoZam | X2: ExCEDIS | Y2: ValorVentaG | Z2: ValorExistenciaG | AA2: 10Actual15 | AB2: 10Actual30R | AC2: 10Anterior15 | AD2: 10Anterior30R | AE2: 10ExistenciaWC | AF2: 40Actual15 | AG2: 40Actual30R | AH2: 40Anterior15 | AI2: 40Anterior30R | AJ2: 40ExistenciaWC | AK2: 42Actual15 | AL2: 42Actual30R | AM2: 42Anterior15 | AN2: 42Anterior30R | AO2: 42ExistenciaWC | AP2: 44Actual15 | AQ2: 44Actual30R | AR2: 44Anterior15 | AS2: 44Anterior30R | AT2: 44ExistenciaWC | AU2: 30Actual15 | AV2: 30Actual30R | AW2: 30Anterior15 | AX2: 30Anterior30R | AY2: 30ExistenciaWC | AZ2: 32Actual15 | BA2: 32Actual30R | BB2: 32Anterior15 | BC2: 32Anterior30R | BD2: 32ExistenciaWC | BE2: 50Actual15 | BF2: 50Actual30R | BG2: 50Anterior15 | BH2: 50Anterior30R | BI2: 50ExistenciaWC | BJ2: 54Actual15 | BK2: 54Actual30R | BL2: 54Anterior15 | BM2: 54Anterior30R | BN2: 54ExistenciaWC
A3: 65124 | B3: SKWINKLES SALSAGHETI SANDIA/12 | C3: 20 | D3: 162 | E3: EFFEM MEXICO INC. Y COMPAÑÍAS EN N.C DE CV | F3: 807 | G3: MATRE MEXICO S DE RL DE CV | H3: 80.936 | I3: 1618.72 | J3: =I3*K3 -> 97123.2 | K3: =SUM(O3+T3+W3) -> 60 | M3: 51.1 | N3: 41.05 | O3: 20 | P3: 73.95 | Q3: 65.1 | R3: =P3/30*8 -> 19.72 | S3: =Q3-R3 -> 45.38 | T3: 20 | U3: 33.6 | V3: 14.25 | W3: 20 | X3: 0 | Y3: 256809.93 | Z3: 194893.89 | AA3: 328 | AB3: 269 | AC3: 413 | AD3: 293 | AE3: 821 | AF3: 0 | AG3: 0 | AH3: 0 | AI3: 0 | AJ3: 0 | AK3: 0 | AL3: 0 | AM3: 0 | AN3: 0 | AO3: 0 | AP3: 0 | AQ3: 0 | AR3: 0 | AS3: 0 | AT3: 0 | AU3: 430 | AV3: 445 | AW3: 437 | AX3: 476 | AY3: 1252 | AZ3: 33 | BA3: 59 | BB3: 53 | BC3: 72 | BD3: 50 | BE3: 322 | BF3: 327 | BG3: 40 | BH3: 293 | BI3: 285 | BJ3: 0 | BK3: 0 | BL3: 0 | BM3: 0 | BN3: 0
A4: 6001 | B4: CHOC SNICKERS /6 | C4: 32 | D4: 162 | E4: EFFEM MEXICO INC. Y COMPAÑÍAS EN N.C DE CV | F4: 558 | G4: CHOCOLATES | H4: 84.1675 | I4: 2693.36 | J4: =I4*K4 -> 107734.4 | K4: =SUM(O4+T4+W4) -> 40 | M4: 17.02 | N4: 18.06 | O4: 10 | P4: 29.12 | Q4: 22.34 | R4: =P4/30*8 -> 7.7653333 | S4: =Q4-R4 -> 14.574667 | T4: 20 | U4: 15.92 | V4: 10.06 | W4: 10 | X4: 0 | Y4: 167156.66 | Z4: 135930.51 | AA4: 172 | AB4: 113 | AC4: 215 | AD4: 202 | AE4: 578 | AF4: 0 | AG4: 0 | AH4: 0 | AI4: 0 | AJ4: 0 | AK4: 0 | AL4: 0 | AM4: 0 | AN4: 0 | AO4: 0 | AP4: 0 | AQ4: 0 | AR4: 0 | AS4: 0 | AT4: 0 | AU4: 141 | AV4: 169 | AW4: 347 | AX4: 296 | AY4: 615 | AZ4: 60 | BA4: 40 | BB4: 84 | BC4: 95 | BD4: 100 | BE4: 152 | BF4: 172 | BG4: 148 | BH4: 247 | BI4: 322 | BJ4: 0 | BK4: 0 | BL4: 0 | BM4: 0 | BN4: 0
A5: 65133 | B5: PANZON LUCAS SANDIA CHAMOY /10 | C5: 24 | D5: 162 | E5: EFFEM MEXICO INC. Y COMPAÑÍAS EN N.C DE CV | F5: 807 | G5: MATRE MEXICO S DE RL DE CV | H5: 76.07 | I5: 1825.68 | J5: =I5*K5 -> 91284 | K5: =SUM(O5+T5+W5) -> 50 | M5: 28.56 | N5: 13.83 | O5: 20 | P5: 39.19 | Q5: 28.29 | R5: =P5/30*8 -> 10.450667 | S5: =Q5-R5 -> 17.839333 | T5: 20 | U5: 20.1 | V5: 15.29 | W5: 10 | X5: 0 | Y5: 160393.6 | Z5: 104824.46 | AA5: 215 | AB5: 175 | AC5: 268 | AD5: 230 | AE5: 332 | AF5: 0 | AG5: 0 | AH5: 0 | AI5: 0 | AJ5: 0 | AK5: 0 | AL5: 0 | AM5: 0 | AN5: 0 | AO5: 0 | AP5: 0 | AQ5: 0 | AR5: 0 | AS5: 0 | AT5: 0 | AU5: 275 | AV5: 175 | AW5: 317 | AX5: 318 | AY5: 606 | AZ5: 28 | BA5: 22 | BB5: 43 | BC5: 40 | BD5: 73 | BE5: 178 | BF5: 185 | BG5: 67 | BH5: 290 | BI5: 367 | BJ5: 0 | BK5: 0 | BL5: 0 | BM5: 0 | BN5: 0
A6: 88124 | B6: CH ORBIT 4 S MENTA / 40 | C6: 24 | D6: 162 | E6: EFFEM MEXICO INC. Y COMPAÑÍAS EN N.C DE CV | F6: 974 | G6: CHICLES | H6: 76.9276 | I6: 1846.2624 | J6: =I6*K6 -> 110775.74 | K6: =SUM(O6+T6+W6) -> 60 | M6: 44.69 | N6: 13.96 | O6: 30 | P6: 36.35 | Q6: 32.08 | R6: =P6/30*8 -> 9.6933333 | S6: =Q6-R6 -> 22.386667 | T6: 30 | U6: 5.79 | V6: 7.25 | W6: 0 | X6: 0 | Y6: 160317.12 | Z6: 98390.4 | AA6: 335 | AB6: 258 | AC6: 429 | AD6: 359 | AE6: 335 | AF6: 0 | AG6: 0 | AH6: 0 | AI6: 0 | AJ6: 0 | AK6: 0 | AL6: 0 | AM6: 0 | AN6: 0 | AO6: 0 | AP6: 0 | AQ6: 0 | AR6: 0 | AS6: 0 | AT6: 0 | AU6: 207 | AV6: 169 | AW6: 236 | AX6: 226 | AY6: 673 | AZ6: 66 | BA6: 59 | BB6: 85 | BC6: 103 | BD6: 97 | BE6: 40 | BF6: 30 | BG6: 43 | BH6: 82 | BI6: 174 | BJ6: 0 | BK6: 0 | BL6: 0 | BM6: 0 | BN6: 0
A7: 6002 | B7: CHOC MILKY WAY /6 | C7: 32 | D7: 162 | E7: EFFEM MEXICO INC. Y COMPAÑÍAS EN N.C DE CV | F7: 558 | G7: CHOCOLATES | H7: 84.1675 | I7: 2693.36 | J7: =I7*K7 -> 107734.4 | K7: =SUM(O7+T7+W7) -> 40 | M7: 12.56 | N7: 2.47 | O7: 10 | P7: 26 | Q7: 20.06 | R7: =P7/30*8 -> 6.9333333 | S7: =Q7-R7 -> 13.126667 | T7: 20 | U7: 7.88 | V7: 6.53 | W7: 10 | X7: 0 | Y7: 125072.9 | Z7: 78275.78 | AA7: 129 | AB7: 79 | AC7: 160 | AD7: 147 | AE7: 79 | AF7: 0 | AG7: 0 | AH7: 0 | AI7: 0 | AJ7: 0 | AK7: 0 | AL7: 0 | AM7: 0 | AN7: 0 | AO7: 0 | AP7: 0 | AQ7: 0 | AR7: 0 | AS7: 0 | AT7: 0 | AU7: 125 | AV7: 97 | AW7: 372 | AX7: 259 | AY7: 552 | AZ7: 56 | BA7: 28 | BB7: 57 | BC7: 60 | BD7: 90 | BE7: 107 | BF7: 121 | BG7: 78 | BH7: 13 | BI7: 209 | BJ7: 0 | BK7: 0 | BL7: 0 | BM7: 0 | BN7: 0
A8: 65109 | B8: GUSANO LUCAS CHAMOY EXH /10 | C8: 30 | D8: 162 | E8: EFFEM MEXICO INC. Y COMPAÑÍAS EN N.C DE CV | F8: 807 | G8: MATRE MEXICO S DE RL DE CV | H8: 65.2744 | I8: 1958.232 | J8: =I8*K8 -> 48955.8 | K8: =SUM(O8+T8+W8) -> 25 | M8: 16.15 | N8: 16.67 | O8: 0 | P8: 25.25 | Q8: 24.47 | R8: =P8/30*8 -> 6.7333333 | S8: =Q8-R8 -> 17.736667 | T8: 20 | U8: 18.3 | V8: 12.1 | W8: 5 | X8: 0 | Y8: 116906.45 | Z8: 104243.22 | AA8: 209 | AB8: 175 | AC8: 44 | AD8: 288 | AE8: 500 | AF8: 0 | AG8: 0 | AH8: 0 | AI8: 0 | AJ8: 0 | AK8: 0 | AL8: 0 | AM8: 0 | AN8: 0 | AO8: 0 | AP8: 0 | AQ8: 0 | AR8: 0 | AS8: 0 | AT8: 0 | AU8: 217 | AV8: 162 | AW8: 265 | AX8: 225 | AY8: 610 | AZ8: 14 | BA8: 33 | BB8: 34 | BC8: 35 | BD8: 124 | BE8: 179 | BF8: 155 | BG8: 207 | BH8: 171 | BI8: 363 | BJ8: 0 | BK8: 0 | BL8: 0 | BM8: 0 | BN8: 0
A9: 88102 | B9: CH ORBIT 4 S HIERBABUENA / 40 | C9: 24 | D9: 162 | E9: EFFEM MEXICO INC. Y COMPAÑÍAS EN N.C DE CV | F9: 974 | G9: CHICLES | H9: 76.9276 | I9: 1846.2624 | J9: =I9*K9 -> 46156.56 | K9: =SUM(O9+T9+W9) -> 25 | M9: 22.15 | N9: 18.71 | O9: 5 | P9: 27.6 | Q9: 22.12 | R9: =P9/30*8 -> 7.36 | S9: =Q9-R9 -> 14.76 | T9: 20 | U9: 4.48 | V9: 4.62 | W9: 0 | X9: 0 | Y9: 100121.27 | Z9: 83928.01 | AA9: 254 | AB9: 193 | AC9: 37 | AD9: 288 | AE9: 449 | AF9: 0 | AG9: 0 | AH9: 0 | AI9: 0 | AJ9: 0 | AK9: 0 | AL9: 0 | AM9: 0 | AN9: 0 | AO9: 0 | AP9: 0 | AQ9: 0 | AR9: 0 | AS9: 0 | AT9: 0 | AU9: 149 | AV9: 117 | AW9: 210 | AX9: 158 | AY9: 465 | AZ9: 34 | BA9: 35 | BB9: 79 | BC9: 71 | BD9: 66 | BE9: 35 | BF9: 26 | BG9: 35 | BH9: 49 | BI9: 111 | BJ9: 0 | BK9: 0 | BL9: 0 | BM9: 0 | BN9: 0
A10: 88135 | B10: CH ORBIT 4 S POLAR MINT 4 S / 40 | C10: 24 | D10: 162 | E10: EFFEM MEXICO INC. Y COMPAÑÍAS EN N.C DE CV | F10: 974 | G10: CHICLES | H10: 76.9276 | I10: 1846.2624 | J10: =I10*K10 -> 36925.248 | K10: =SUM(O10+T10+W10) -> 20 | M10: 18.25 | N10: 20.88 | O10: 0 | P10: 24.42 | Q10: 26 | R10: =P10/30*8 -> 6.512 | S10: =Q10-R10 -> 19.488 | T10: 20 | U10: 4.29 | V10: 7.04 | W10: 0 | X10: 0 | Y10: 86697.41 | Z10: 99544.31 | AA10: 141 | AB10: 101 | AC10: 150 | AD10: 193 | AE10: 501 | AF10: 0 | AG10: 0 | AH10: 0 | AI10: 0 | AJ10: 0 | AK10: 0 | AL10: 0 | AM10: 0 | AN10: 0 | AO10: 0 | AP10: 0 | AQ10: 0 | AR10: 0 | AS10: 0 | AT10: 0 | AU10: 153 | AV10: 108 | AW10: 147 | AX10: 141 | AY10: 516 | AZ10: 36 | BA10: 25 | BB10: 83 | BC10: 60 | BD10: 108 | BE10: 23 | BF10: 17 | BG10: 38 | BH10: 67 | BI10: 169 | BJ10: 0 | BK10: 0 | BL10: 0 | BM10: 0 | BN10: 0
A11: 65112 | B11: MUECAS LUCAS CHAMOY EXH /10 | C11: 24 | D11: 162 | E11: EFFEM MEXICO INC. Y COMPAÑÍAS EN N.C DE CV | F11: 807 | G11: MATRE MEXICO S DE RL DE CV | H11: 63.79 | I11: 1530.96 | J11: =I11*K11 -> 22964.4 | K11: =SUM(O11+T11+W11) -> 15 | M11: 14.48 | N11: 15.54 | O11: 0 | P11: 27.9 | Q11: 24.67 | R11: =P11/30*8 -> 7.44 | S11: =Q11-R11 -> 17.23 | T11: 15 | U11: 8.44 | V11: 7.42 | W11: 0 | X11: 0 | Y11: 77791.9 | Z11: 72911.97 | AA11: 106 | AB11: 71 | AC11: 121 | AD11: 170 | AE11: 373 | AF11: 0 | AG11: 0 | AH11: 0 | AI11: 0 | AJ11: 0 | AK11: 0 | AL11: 0 | AM11: 0 | AN11: 0 | AO11: 0 | AP11: 0 | AQ11: 0 | AR11: 0 | AS11: 0 | AT11: 0 | AU11: 283 | AV11: 121 | AW11: 129 | AX11: 233 | AY11: 519 | AZ11: 23 | BA11: 11 | BB11: 35 | BC11: 34 | BD11: 73 | BE11: 71 | BF11: 73 | BG11: 94 | BH11: 2 | BI11: 178 | BJ11: 0 | BK11: 0 | BL11: 0 | BM11: 0 | BN11: 0
A12: 88060 | B12: SKITTLES ORIGINAL /10 | C12: 24 | D12: 162 | E12: EFFEM MEXICO INC. Y COMPAÑÍAS EN N.C DE CV | F12: 807 | G12: MATRE MEXICO S DE RL DE CV | H12: 61.51 | I12: 1476.24 | J12: =I12*K12 -> 48715.92 | K12: =SUM(O12+T12+W12) -> 33 | M12: 12.52 | N12: -0.88 | O12: 20 | P12: 30.21 | Q12: 29.88 | R12: =P12/30*8 -> 8.056 | S12: =Q12-R12 -> 21.824 | T12: 10 | U12: 8.52 | V12: 6.08 | W12: 3 | X12: 0 | Y12: 75657.3 | Z12: 51791.42 | AA12: 107 | AB12: 95 | AC12: 80 | AD12: 132 | AE12: -21 | AF12: 0 | AG12: 0 | AH12: 0 | AI12: 0 | AJ12: 0 | AK12: 0 | AL12: 0 | AM12: 0 | AN12: 0 | AO12: 0 | AP12: 0 | AQ12: 0 | AR12: 0 | AS12: 0 | AT12: 0 | AU12: 116 | AV12: 118 | AW12: 326 | AX12: 231 | AY12: 622 | AZ12: 29 | BA12: 29 | BB12: 47 | BC12: 36 | BD12: 95 | BE12: 81 | BF12: 77 | BG12: 40 | BH12: 90 | BI12: 146 | BJ12: 0 | BK12: 0 | BL12: 0 | BM12: 0 | BN12: 0
A13: 88158 | B13: CH ORBIT 4 S FRESA / 40 | C13: 24 | D13: 162 | E13: EFFEM MEXICO INC. Y COMPAÑÍAS EN N.C DE CV | F13: 974 | G13: CHICLES | H13: 76.9276 | I13: 1846.2624 | J13: =I13*K13 -> 18462.624 | K13: =SUM(O13+T13+W13) -> 10 | M13: 14.15 | N13: 25.38 | O13: 0 | P13: 21.35 | Q13: 18.75 | R13: =P13/30*8 -> 5.6933333 | S13: =Q13-R13 -> 13.056667 | T13: 10 | U13: 3.73 | V13: 8.42 | W13: 0 | X13: 0 | Y13: 72427.34 | Z13: 97005.7 | AA13: 116 | AB13: 87 | AC13: 115 | AD13: 130 | AE13: 609 | AF13: 0 | AG13: 0 | AH13: 0 | AI13: 0 | AJ13: 0 | AK13: 0 | AL13: 0 | AM13: 0 | AN13: 0 | AO13: 0 | AP13: 0 | AQ13: 0 | AR13: 0 | AS13: 0 | AT13: 0 | AU13: 134 | AV13: 90 | AW13: 158 | AX13: 117 | AY13: 359 | AZ13: 34 | BA13: 26 | BB13: 46 | BC13: 48 | BD13: 91 | BE13: 34 | BF13: 13 | BG13: 26 | BH13: 46 | BI13: 202 | BJ13: 0 | BK13: 0 | BL13: 0 | BM13: 0 | BN13: 0
A14: 65117 | B14: MUECAS LUCAS CEREZA EXH /10 | C14: 24 | D14: 162 | E14: EFFEM MEXICO INC. Y COMPAÑÍAS EN N.C DE CV | F14: 807 | G14: MATRE MEXICO S DE RL DE CV | H14: 63.79 | I14: 1530.96 | J14: =I14*K14 -> 45928.8 | K14: =SUM(O14+T14+W14) -> 30 | M14: 11.73 | N14: -3.04 | O14: 20 | P14: 16.44 | Q14: 21.25 | R14: =P14/30*8 -> 4.384 | S14: =Q14-R14 -> 16.866 | T14: 0 | U14: 10.21 | V14: 2 | W14: 10 | X14: 0 | Y14: 58750.59 | Z14: 30938.15 | AA14: 72 | AB14: 67 | AC14: 145 | AD14: 62 | AE14: -73 | AF14: 0 | AG14: 0 | AH14: 0 | AI14: 0 | AJ14: 0 | AK14: 0 | AL14: 0 | AM14: 0 | AN14: 0 | AO14: 0 | AP14: 0 | AQ14: 0 | AR14: 0 | AS14: 0 | AT14: 0 | AU14: 77 | AV14: 91 | AW14: 144 | AX14: 147 | AY14: 497 | AZ14: 16 | BA14: 25 | BB14: 18 | BC14: 16 | BD14: 13 | BE14: 71 | BF14: 0 | BG14: 112 | BH14: 124 | BI14: 48 | BJ14: 0 | BK14: 0 | BL14: 0 | BM14: 0 | BN14: 0
... A38: 65103 | B38: BOMVASO LUCAS LIMON /10 LUCAS | C38: 24 | D38: 162 | E38: EFFEM MEXICO INC. Y COMPAÑÍAS EN N.C DE CV | F38: 807 | G38: MATRE MEXICO S DE RL DE CV | H38: 61.1678 | I38: 1468.0272 | J38: =I38*K38 -> 13212.245 | K38: =SUM(O38+T38+W38) -> 9 | M38: 1.12 | N38: 0 | O38: 2 | P38: 5.23 | Q38: 0 | R38: =P38/30*8 -> 1.3946667 | S38: =Q38-R38 -> -1.3946667 | T38: 5 | U38: 2.25 | V38: 0 | W38: 2 | X38: 0 | Y38: 12631.15 | Z38: 0 | AA38: 0 | AB38: 0 | AC38: 13 | AD38: 28 | AE38: 0 | AF38: 0 | AG38: 0 | AH38: 0 | AI38: 0 | AJ38: 0 | AK38: 0 | AL38: 0 | AM38: 0 | AN38: 0 | AO38: 0 | AP38: 0 | AQ38: 0 | AR38: 0 | AS38: 0 | AT38: 0 | AU38: 0 | AV38: 0 | AW38: 81 | AX38: 65 | AY38: 0 | AZ38: 0 | BA38: 0 | BB38: 6 | BC38: 12 | BD38: 0 | BE38: 0 | BF38: 0 | BG38: 41 | BH38: 26 | BI38: 0 | BJ38: 0 | BK38: 0 | BL38: 0 | BM38: 0 | BN38: 0
A39: 6093 | B39: CHOC SNICKERS ALMOND 260G / 6 | C39: 12 | D39: 162 | E39: EFFEM MEXICO INC. Y COMPAÑÍAS EN N.C DE CV | F39: 558 | G39: CHOCOLATES | H39: 84.1675 | I39: 1010.01 | J39: =I39*K39 -> 5050.05 | K39: =SUM(O39+T39+W39) -> 5 | M39: 3.83 | N39: -1.17 | O39: =M39-N39 -> 5 | P39: 8.21 | Q39: 8.58 | R39: =P39/30*8 -> 2.1893333 | S39: =Q39-R39 -> 6.3906667 | T39: 0 | U39: 0 | V39: 0 | W39: =U39-V39 -> 0 | X39: 0 | Y39: 12162.2 | Z39: 7490.91 | AA39: 7 | AB39: 5 | AC39: 24 | AD39: 25 | AE39: -14 | AF39: 0 | AG39: 0 | AH39: 0 | AI39: 0 | AJ39: 0 | AK39: 0 | AL39: 0 | AM39: 0 | AN39: 0 | AO39: 0 | AP39: 0 | AQ39: 0 | AR39: 0 | AS39: 0 | AT39: 0 | AU39: 19 | AV39: 16 | AW39: 39 | AX39: 54 | AY39: 103 | AZ39: 0 | BA39: 0 | BB39: 0 | BC39: 11 | BD39: 0 | BE39: 0 | BF39: 0 | BG39: 0 | BH39: 0 | BI39: 0 | BJ39: 0 | BK39: 0 | BL39: 0 | BM39: 0 | BN39: 0
A40: 65045 | B40: CHOC CONEJO MINI (120 GR) / 12 TURIN | C40: 18 | D40: 162 | E40: EFFEM MEXICO INC. Y COMPAÑÍAS EN N.C DE CV | F40: 123 | G40: CHOCOLATES TURIN S.A. DE C.V. | H40: 60.8763 | I40: 1095.7734 | J40: =I40*K40 -> 3287.3202 | K40: =SUM(O40+T40+W40) -> 3 | M40: 3.03 | N40: 0 | O40: 3 | P40: 6.67 | Q40: 8.5 | R40: =P40/30*8 -> 1.7786667 | S40: =Q40-R40 -> 6.7213333 | T40: 0 | U40: 0.94 | V40: 0 | W40: 0 | X40: 0 | Y40: 11657.81 | Z40: 9314.07 | AA40: 0 | AB40: 0 | AC40: 28 | AD40: 53 | AE40: 0 | AF40: 0 | AG40: 0 | AH40: 0 | AI40: 0 | AJ40: 0 | AK40: 0 | AL40: 0 | AM40: 0 | AN40: 0 | AO40: 0 | AP40: 0 | AQ40: 0 | AR40: 0 | AS40: 0 | AT40: 0 | AU40: 8 | AV40: 21 | AW40: 68 | AX40: 49 | AY40: 126 | AZ40: 0 | BA40: 2 | BB40: 4 | BC40: 8 | BD40: 27 | BE40: 3 | BF40: 7 | BG40: 7 | BH40: 7 | BI40: 0 | BJ40: 0 | BK40: 0 | BL40: 0 | BM40: 0 | BN40: 0
A41: 91046 | B41: CHOC JOSE CUERVO TUBO 180GR 2786 | C41: 6 | D41: 162 | E41: EFFEM MEXICO INC. Y COMPAÑÍAS EN N.C DE CV | F41: 123 | G41: CHOCOLATES TURIN S.A. DE C.V. | H41: 119.37 | I41: 716.22 | J41: =I41*K41 -> 2148.66 | K41: =SUM(O41+T41+W41) -> 3 | M41: 2.92 | N41: -2 | O41: 3 | P41: 12.5 | Q41: 10.83 | R41: =P41/30*8 -> 3.3333333 | S41: =Q41-R41 -> 7.4966667 | T41: 0 | U41: 0.5 | V41: 1.33 | W41: 0 | X41: 0 | Y41: 11399.84 | Z41: 7281.57 | AA41: 0 | AB41: 0 | AC41: 15 | AD41: 5 | AE41: -12 | AF41: 0 | AG41: 0 | AH41: 0 | AI41: 0 | AJ41: 0 | AK41: 0 | AL41: 0 | AM41: 0 | AN41: 0 | AO41: 0 | AP41: 0 | AQ41: 0 | AR41: 0 | AS41: 0 | AT41: 0 | AU41: 21 | AV41: 4 | AW41: 42 | AX41: 0 | AY41: 65 | AZ41: 1 | BA41: 3 | BB41: 2 | BC41: 11 | BD41: 0 | BE41: 1 | BF41: 1 | BG41: 1 | BH41: 1 | BI41: 8 | BJ41: 0 | BK41: 0 | BL41: 0 | BM41: 0 | BN41: 0
A42: 6022 | B42: CH HUBBA BUBBA TRIPLE TREAT | C42: 24 | D42: 162 | E42: EFFEM MEXICO INC. Y COMPAÑÍAS EN N.C DE CV | F42: 974 | G42: CHICLES | H42: 107.6336 | I42: 2583.2064 | J42: =I42*K42 -> 10332.826 | K42: =SUM(O42+T42+W42) -> 4 | M42: 0.54 | N42: 0 | O42: 1 | P42: 3.83 | Q42: 0.42 | R42: =P42/30*8 -> 1.0213333 | S42: =Q42-R42 -> -0.60133333 | T42: 3 | U42: 0 | V42: 0 | W42: =U42-V42 -> 0 | X42: 0 | Y42: 11301.53 | Z42: 1076.34 | AA42: 0 | AB42: 0 | AC42: 11 | AD42: 4 | AE42: 0 | AF42: 0 | AG42: 0 | AH42: 0 | AI42: 0 | AJ42: 0 | AK42: 0 | AL42: 0 | AM42: 0 | AN42: 0 | AO42: 0 | AP42: 0 | AQ42: 0 | AR42: 0 | AS42: 0 | AT42: 0 | AU42: 37 | AV42: 28 | AW42: 27 | AX42: 13 | AY42: 4 | AZ42: 2 | BA42: 7 | BB42: 1 | BC42: 2 | BD42: 6 | BE42: 0 | BF42: 0 | BG42: 0 | BH42: 0 | BI42: 0 | BJ42: 0 | BK42: 0 | BL42: 0 | BM42: 0 | BN42: 0
A43: 91013 | B43: CHOC BAILEYS BLS 120GR TURIN 3055 | C43: 12 | D43: 162 | E43: EFFEM MEXICO INC. Y COMPAÑÍAS EN N.C DE CV | F43: 123 | G43: CHOCOLATES TURIN S.A. DE C.V. | H43: 101.8831 | I43: 1222.5972 | J43: =I43*K43 -> 3667.7916 | K43: =SUM(O43+T43+W43) -> 3 | M43: 3.08 | N43: -0.25 | O43: 3 | P43: 5.67 | Q43: 7 | R43: =P43/30*8 -> 1.512 | S43: =Q43-R43 -> 5.488 | T43: 0 | U43: 0.25 | V43: 2 | W43: 0 | X43: 0 | Y43: 11003.37 | Z43: 10697.73 | AA43: 3 | AB43: 0 | AC43: 27 | AD43: 14 | AE43: -3 | AF43: 0 | AG43: 0 | AH43: 0 | AI43: 0 | AJ43: 0 | AK43: 0 | AL43: 0 | AM43: 0 | AN43: 0 | AO43: 0 | AP43: 0 | AQ43: 0 | AR43: 0 | AS43: 0 | AT43: 0 | AU43: 16 | AV43: 19 | AW43: 26 | AX43: 16 | AY43: 65 | AZ43: 1 | BA43: 0 | BB43: 6 | BC43: 3 | BD43: 19 | BE43: 0 | BF43: 1 | BG43: 0 | BH43: 5 | BI43: 24 | BJ43: 0 | BK43: 0 | BL43: 0 | BM43: 0 | BN43: 0
A44: 91067 | B44: CHOC TEQUILA TUBO 1800 180GR | C44: 6 | D44: 162 | E44: EFFEM MEXICO INC. Y COMPAÑÍAS EN N.C DE CV | F44: 123 | G44: CHOCOLATES TURIN S.A. DE C.V. | H44: 119.3709 | I44: 716.2254 | J44: =I44*K44 -> 10027.156 | K44: =SUM(O44+T44+W44) -> 14 | M44: 2.17 | N44: -2 | O44: 2 | P44: 11.33 | Q44: 2.83 | R44: =P44/30*8 -> 3.0213333 | S44: =Q44-R44 -> -0.19133333 | T44: 10 | U44: 1.83 | V44: 0.17 | W44: 2 | X44: 0 | Y44: 10982.12 | Z44: 716.23 | AA44: 0 | AB44: 0 | AC44: 3 | AD44: 20 | AE44: -12 | AF44: 0 | AG44: 0 | AH44: 0 | AI44: 0 | AJ44: 0 | AK44: 0 | AL44: 0 | AM44: 0 | AN44: 0 | AO44: 0 | AP44: 0 | AQ44: 0 | AR44: 0 | AS44: 0 | AT44: 0 | AU44: 34 | AV44: 7 | AW44: 17 | AX44: 16 | AY44: 7 | AZ44: 1 | BA44: 1 | BB44: 3 | BC44: 2 | BD44: 10 | BE44: 2 | BF44: 3 | BG44: 7 | BH44: 1 | BI44: 1 | BJ44: 0 | BK44: 0 | BL44: 0 | BM44: 0 | BN44: 0
A45: 91047 | B45: CHOC CARAJILLO TUBO 180GR TURIN | C45: 6 | D45: 162 | E45: EFFEM MEXICO INC. Y COMPAÑÍAS EN N.C DE CV | F45: 123 | G45: CHOCOLATES TURIN S.A. DE C.V. | H45: 119.37 | I45: 716.22 | J45: =I45*K45 -> 3581.1 | K45: =SUM(O45+T45+W45) -> 5 | M45: 3.92 | N45: -0.67 | O45: 5 | P45: 10.42 | Q45: 10.17 | R45: =P45/30*8 -> 2.7786667 | S45: =Q45-R45 -> 7.3913333 | T45: 0 | U45: 0.42 | V45: 1.33 | W45: 0 | X45: 0 | Y45: 10564.24 | Z45: 7759.05 | AA45: 0 | AB45: 0 | AC45: 15 | AD45: 17 | AE45: -4 | AF45: 0 | AG45: 0 | AH45: 0 | AI45: 0 | AJ45: 0 | AK45: 0 | AL45: 0 | AM45: 0 | AN45: 0 | AO45: 0 | AP45: 0 | AQ45: 0 | AR45: 0 | AS45: 0 | AT45: 0 | AU45: 16 | AV45: 2 | AW45: 37 | AX45: 10 | AY45: 54 | AZ45: 0 | BA45: 0 | BB45: 3 | BC45: 1 | BD45: 7 | BE45: 1 | BF45: 0 | BG45: 1 | BH45: 1 | BI45: 8 | BJ45: 0 | BK45: 0 | BL45: 0 | BM45: 0 | BN45: 0
A46: 6036 | B46: M&M MINIS TUBO 180GR/6 | C46: 24 | D46: 162 | E46: EFFEM MEXICO INC. Y COMPAÑÍAS EN N.C DE CV | F46: 558 | G46: CHOCOLATES | H46: 103.33 | I46: 2479.92 | J46: =I46*K46 -> 0 | K46: =SUM(O46+T46+W46) -> 0 | M46: 1.4 | N46: 1 | O46: 0 | P46: 2.5 | Q46: 4 | R46: =P46/30*8 -> 0.66666667 | S46: =Q46-R46 -> 3.3333333 | T46: 0 | U46: 0.04 | V46: 0 | W46: 0 | X46: 0 | Y46: 9764.68 | Z46: 12399.6 | AA46: 12 | AB46: 0 | AC46: 7 | AD46: 29 | AE46: 24 | AF46: 0 | AG46: 0 | AH46: 0 | AI46: 0 | AJ46: 0 | AK46: 0 | AL46: 0 | AM46: 0 | AN46: 0 | AO46: 0 | AP46: 0 | AQ46: 0 | AR46: 0 | AS46: 0 | AT46: 0 | AU46: 1 | AV46: 3 | AW46: 16 | AX46: 67 | AY46: 71 | AZ46: 3 | BA46: 0 | BB46: 3 | BC46: 4 | BD46: 25 | BE46: 1 | BF46: 0 | BG46: 0 | BH46: 0 | BI46: 0 | BJ46: 0 | BK46: 0 | BL46: 0 | BM46: 0 | BN46: 0
A47: 97315 | B47: CORAZON M&M & SKITTLES 100GR / MARS | C47: 14 | D47: 162 | E47: EFFEM MEXICO INC. Y COMPAÑÍAS EN N.C DE CV | F47: 162 | G47: EFFEM MEXICO INC. Y COMPAÑÍA S EN N.C DE CV | H47: 56.568 | I47: 791.952 | J47: =I47*K47 -> 0 | K47: =SUM(O47+T47+W47) -> 0 | M47: 2.39 | N47: 1.07 | O47: 0 | P47: 4.71 | Q47: 0.07 | R47: =P47/30*8 -> 1.256 | S47: =Q47-R47 -> -1.186 | T47: 0 | U47: 5.11 | V47: -0.07 | W47: 0 | X47: 0 | Y47: 9673.13 | Z47: 848.52 | AA47: 26 | AB47: 15 | AC47: 0 | AD47: 0 | AE47: 15 | AF47: 0 | AG47: 0 | AH47: 0 | AI47: 0 | AJ47: 0 | AK47: 0 | AL47: 0 | AM47: 0 | AN47: 0 | AO47: 0 | AP47: 0 | AQ47: 0 | AR47: 0 | AS47: 0 | AT47: 0 | AU47: 21 | AV47: 90 | AW47: 0 | AX47: 0 | AY47: 1 | AZ47: 0 | BA47: 0 | BB47: 0 | BC47: 0 | BD47: 0 | BE47: 58 | BF47: 27 | BG47: 0 | BH47: 0 | BI47: -1 | BJ47: 0 | BK47: 0 | BL47: 0 | BM47: 0 | BN47: 0
A48: 97319 | B48: REGALITO M&M & SKITTLES 39GR / MARS | C48: 15 | D48: 162 | E48: EFFEM MEXICO INC. Y COMPAÑÍAS EN N.C DE CV | F48: 162 | G48: EFFEM MEXICO INC. Y COMPAÑÍA S EN N.C DE CV | H48: 24.6343 | I48: 369.5145 | J48: =I48*K48 -> 0 | K48: =SUM(O48+T48+W48) -> 0 | M48: 6.83 | N48: 0.13 | O48: 0 | P48: 9.4 | Q48: -0.53 | R48: =P48/30*8 -> 2.5066667 | S48: =Q48-R48 -> -3.0366667 | T48: 0 | U48: 8.03 | V48: 0.87 | W48: 0 | X48: 0 | Y48: 8966.89 | Z48: 172.44 | AA48: 87 | AB48: 31 | AC48: 0 | AD48: 0 | AE48: 2 | AF48: 0 | AG48: 0 | AH48: 0 | AI48: 0 | AJ48: 0 | AK48: 0 | AL48: 0 | AM48: 0 | AN48: 0 | AO48: 0 | AP48: 0 | AQ48: 0 | AR48: 0 | AS48: 0 | AT48: 0 | AU48: 55 | AV48: 164 | AW48: 0 | AX48: 0 | AY48: -9 | AZ48: 0 | BA48: 8 | BB48: 0 | BC48: 0 | BD48: 1 | BE48: 98 | BF48: 45 | BG48: 0 | BH48: 0 | BI48: 13 | BJ48: 0 | BK48: 0 | BL48: 0 | BM48: 0 | BN48: 0
A49: 6170 | B49: CHOC TUBO JOHNIE WALKER 180GR / 1 TURIN | C49: 6 | D49: 162 | E49: EFFEM MEXICO INC. Y COMPAÑÍAS EN N.C DE CV | F49: 123 | G49: CHOCOLATES TURIN S.A. DE C.V. | H49: 119.3709 | I49: 716.2254 | J49: =I49*K49 -> 1432.4508 | K49: =SUM(O49+T49+W49) -> 2 | M49: 4.83 | N49: 0 | O49: 2 | P49: 7.17 | Q49: 7.67 | R49: =P49/30*8 -> 1.912 | S49: =Q49-R49 -> 5.758 | T49: 0 | U49: 0.17 | V49: 0.33 | W49: 0 | X49: 0 | Y49: 8714.08 | Z49: 5729.8 | AA49: 1 | AB49: 3 | AC49: 18 | AD49: 17 | AE49: 0 | AF49: 0 | AG49: 0 | AH49: 0 | AI49: 0 | AJ49: 0 | AK49: 0 | AL49: 0 | AM49: 0 | AN49: 0 | AO49: 0 | AP49: 0 | AQ49: 0 | AR49: 0 | AS49: 0 | AT49: 0 | AU49: 10 | AV49: 6 | AW49: 24 | AX49: 7 | AY49: 38 | AZ49: 0 | BA49: 1 | BB49: 1 | BC49: 2 | BD49: 8 | BE49: 0 | BF49: 1 | BG49: 0 | BH49: 1 | BI49: 2 | BJ49: 0 | BK49: 0 | BL49: 0 | BM49: 0 | BN49: 0
A50: 65153 | B50: EXH SKWINKLES CHUNKS SANDIA 270GR/ 6 | C50: 20 | D50: 162 | E50: EFFEM MEXICO INC. Y COMPAÑÍAS EN N.C DE CV | F50: 807 | G50: MATRE MEXICO S DE RL DE CV | H50: 73.9487 | I50: 1478.974 | J50: =I50*K50 -> 0 | K50: =SUM(O50+T50+W50) -> 0 | M50: 1.05 | N50: 3.7 | O50: 0 | P50: 4.58 | Q50: 5 | R50: =P50/30*8 -> 1.2213333 | S50: =Q50-R50 -> 3.7786667 | T50: 0 | U50: 0 | V50: 0 | W50: =U50-V50 -> 0 | X50: 0 | Y50: 8319.23 | Z50: 12867.07 | AA50: 6 | AB50: 6 | AC50: 4 | AD50: 16 | AE50: 74 | AF50: 0 | AG50: 0 | AH50: 0 | AI50: 0 | AJ50: 0 | AK50: 0 | AL50: 0 | AM50: 0 | AN50: 0 | AO50: 0 | AP50: 0 | AQ50: 0 | AR50: 0 | AS50: 0 | AT50: 0 | AU50: 0 | AV50: 0 | AW50: 55 | AX50: 48 | AY50: 100 | AZ50: 0 | BA50: 6 | BB50: 6 | BC50: 7 | BD50: 0 | BE50: 0 | BF50: 0 | BG50: 0 | BH50: 0 | BI50: 0 | BJ50: 0 | BK50: 0 | BL50: 0 | BM50: 0 | BN50: 0
A51: 6045 | B51: LUCAS GOMITAS SANDIA 240GR/ 6 MARS | C51: 12 | D51: 162 | E51: EFFEM MEXICO INC. Y COMPAÑÍAS EN N.C DE CV | F51: 807 | G51: MATRE MEXICO S DE RL DE CV | H51: 73.9791 | I51: 887.7492 | J51: =I51*K51 -> 0 | K51: =SUM(O51+T51+W51) -> 0 | M51: 2.12 | N51: 2.42 | O51: 0 | P51: 6.96 | Q51: 6.33 | R51: =P51/30*8 -> 1.856 | S51: =Q51-R51 -> 4.474 | T51: 0 | U51: 0 | V51: 0 | W51: =U51-V51 -> 0 | X51: 0 | Y51: 8063.72 | Z51: 7767.81 | AA51: 5 | AB51: 2 | AC51: 17 | AD51: 5 | AE51: 29 | AF51: 0 | AG51: 0 | AH51: 0 | AI51: 0 | AJ51: 0 | AK51: 0 | AL51: 0 | AM51: 0 | AN51: 0 | AO51: 0 | AP51: 0 | AQ51: 0 | AR51: 0 | AS51: 0 | AT51: 0 | AU51: 14 | AV51: 16 | AW51: 46 | AX51: 24 | AY51: 75 | AZ51: 1 | BA51: 2 | BB51: 1 | BC51: 1 | BD51: 1 | BE51: 0 | BF51: 0 | BG51: 0 | BH51: 0 | BI51: 0 | BJ51: 0 | BK51: 0 | BL51: 0 | BM51: 0 | BN51: 0
A52: 6012 | B52: CHOC MILKY WAY SNACK 242 GR / 11 | C52: 18 | D52: 162 | E52: EFFEM MEXICO INC. Y COMPAÑÍAS EN N.C DE CV | F52: 558 | G52: CHOCOLATES | H52: 96.61 | I52: 1738.98 | J52: =I52*K52 -> 3477.96 | K52: =SUM(O52+T52+W52) -> 2 | M52: 0.89 | N52: -0.33 | O52: 2 | P52: 3.28 | Q52: 5.06 | R52: =P52/30*8 -> 0.87466667 | S52: =Q52-R52 -> 4.1853333 | T52: 0 | U52: 0.33 | V52: 0 | W52: 0 | X52: 0 | Y52: 7825.41 | Z52: 8211.85 | AA52: 6 | AB52: 0 | AC52: 10 | AD52: 0 | AE52: -6 | AF52: 0 | AG52: 0 | AH52: 0 | AI52: 0 | AJ52: 0 | AK52: 0 | AL52: 0 | AM52: 0 | AN52: 0 | AO52: 0 | AP52: 0 | AQ52: 0 | AR52: 0 | AS52: 0 | AT52: 0 | AU52: 31 | AV52: 32 | AW52: 0 | AX52: 0 | AY52: 45 | AZ52: 2 | BA52: 6 | BB52: 7 | BC52: 0 | BD52: 46 | BE52: 3 | BF52: 6 | BG52: 0 | BH52: 0 | BI52: 0 | BJ52: 0 | BK52: 0 | BL52: 0 | BM52: 0 | BN52: 0
A53: 91045 | B53: CHOC CEREZA TUBO 180GR TURIN | C53: 6 | D53: 162 | E53: EFFEM MEXICO INC. Y COMPAÑÍAS EN N.C DE CV | F53: 123 | G53: CHOCOLATES TURIN S.A. DE C.V. | H53: 119.37 | I53: 716.22 | J53: =I53*K53 -> 5729.76 | K53: =SUM(O53+T53+W53) -> 8 | M53: 4.08 | N53: -1.17 | O53: 3 | P53: 5.67 | Q53: 0.5 | R53: =P53/30*8 -> 1.512 | S53: =Q53-R53 -> -1.012 | T53: 5 | U53: 0.58 | V53: 0 | W53: 0 | X53: 0 | Y53: 7400.94 | Z53: -477.48 | AA53: 1 | AB53: 0 | AC53: 19 | AD53: 9 | AE53: -7 | AF53: 0 | AG53: 0 | AH53: 0 | AI53: 0 | AJ53: 0 | AK53: 0 | AL53: 0 | AM53: 0 | AN53: 0 | AO53: 0 | AP53: 0 | AQ53: 0 | AR53: 0 | AS53: 0 | AT53: 0 | AU53: 24 | AV53: 6 | AW53: 0 | AX53: 0 | AY53: 0 | AZ53: 4 | BA53: 2 | BB53: 2 | BC53: 0 | BD53: 3 | BE53: 0 | BF53: 0 | BG53: 2 | BH53: 3 | BI53: 0 | BJ53: 0 | BK53: 0 | BL53: 0 | BM53: 0 | BN53: 0
A54: 6171 | B54: CHOC BAILEYS AVELL TUBO 180GR / 1 TURIN | C54: 6 | D54: 162 | E54: EFFEM MEXICO INC. Y COMPAÑÍAS EN N.C DE CV | F54: 123 | G54: CHOCOLATES TURIN S.A. DE C.V. | H54: 119.37 | I54: 716.22 | J54: =I54*K54 -> 2148.66 | K54: =SUM(O54+T54+W54) -> 3 | M54: 1.58 | N54: -1 | O54: 2 | P54: 7.42 | Q54: 6.5 | R54: =P54/30*8 -> 1.9786667 | S54: =Q54-R54 -> 4.5213333 | T54: 0 | U54: 1.25 | V54: 0 | W54: 1 | X54: 0 | Y54: 7341.26 | Z54: 3939.21 | AA54: 0 | AB54: 0 | AC54: 1 | AD54: 17 | AE54: -6 | AF54: 0 | AG54: 0 | AH54: 0 | AI54: 0 | AJ54: 0 | AK54: 0 | AL54: 0 | AM54: 0 | AN54: 0 | AO54: 0 | AP54: 0 | AQ54: 0 | AR54: 0 | AS54: 0 | AT54: 0 | AU54: 2 | AV54: 3 | AW54: 25 | AX54: 27 | AY54: 31 | AZ54: 0 | BA54: 3 | BB54: 1 | BC54: 0 | BD54: 8 | BE54: 6 | BF54: 0 | BG54: 0 | BH54: 3 | BI54: 0 | BJ54: 0 | BK54: 0 | BL54: 0 | BM54: 0 | BN54: 0
A55: 91118 | B55: CHOC BAILEYS 80GR BLS TURIN | C55: 12 | D55: 162 | E55: EFFEM MEXICO INC. Y COMPAÑÍAS EN N.C DE CV | F55: 123 | G55: CHOCOLATES TURIN S.A. DE C.V. | H55: 59.0009 | I55: 708.0108 | J55: =I55*K55 -> 1416.0216 | K55: =SUM(O55+T55+W55) -> 2 | M55: 5.75 | N55: 3.83 | O55: 2 | P55: 4.58 | Q55: 4.83 | R55: =P55/30*8 -> 1.2213333 | S55: =Q55-R55 -> 3.6086667 | T55: 0 | U55: 0 | V55: 0 | W55: =U55-V55 -> 0 | X55: 0 | Y55: 7316.11 | Z55: 6136.09 | AA55: 2 | AB55: 0 | AC55: 50 | AD55: 34 | AE55: 46 | AF55: 0 | AG55: 0 | AH55: 0 | AI55: 0 | AJ55: 0 | AK55: 0 | AL55: 0 | AM55: 0 | AN55: 0 | AO55: 0 | AP55: 0 | AQ55: 0 | AR55: 0 | AS55: 0 | AT55: 0 | AU55: 1 | AV55: 0 | AW55: 38 | AX55: 22 | AY55: 59 | AZ55: 1 | BA55: 8 | BB55: 0 | BC55: 0 | BD55: -1 | BE55: 0 | BF55: 0 | BG55: 0 | BH55: 0 | BI55: 0 | BJ55: 0 | BK55: 0 | BL55: 0 | BM55: 0 | BN55: 0
A56: 6077 | B56: CHOC CONEJO 200gr/ 10 TURIN | C56: 12 | D56: 162 | E56: EFFEM MEXICO INC. Y COMPAÑÍAS EN N.C DE CV | F56: 123 | G56: CHOCOLATES TURIN S.A. DE C.V. | H56: 99.3739 | I56: 1192.4868 | J56: =I56*K56 -> 5962.434 | K56: =SUM(O56+T56+W56) -> 5 | M56: 1.67 | N56: 1.42 | O56: 0 | P56: 4 | Q56: 0.17 | R56: =P56/30*8 -> 1.0666667 | S56: =Q56-R56 -> -0.89666667 | T56: 5 | U56: 0.38 | V56: 0 | W56: 0 | X56: 0 | Y56: 7204.61 | Z56: 1888.1 | AA56: 10 | AB56: 12 | AC56: 3 | AD56: 2 | AE56: 17 | AF56: 0 | AG56: 0 | AH56: 0 | AI56: 0 | AJ56: 0 | AK56: 0 | AL56: 0 | AM56: 0 | AN56: 0 | AO56: 0 | AP56: 0 | AQ56: 0 | AR56: 0 | AS56: 0 | AT56: 0 | AU56: 16 | AV56: 16 | AW56: 3 | AX56: 34 | AY56: -5 | AZ56: 3 | BA56: 2 | BB56: 0 | BC56: 0 | BD56: 7 | BE56: 0 | BF56: 0 | BG56: 3 | BH56: 3 | BI56: 0 | BJ56: 0 | BK56: 0 | BL56: 0 | BM56: 0 | BN56: 0
A57: 6087 | B57: VIT CHOC CONEJO 600GR/30 TURIN | C57: 4 | D57: 162 | E57: EFFEM MEXICO INC. Y COMPAÑÍAS EN N.C DE CV | F57: 123 | G57: CHOCOLATES TURIN S.A. DE C.V. | H57: 255.4675 | I57: 1021.87 | J57: =I57*K57 -> 0 | K57: =SUM(O57+T57+W57) -> 0 | M57: 2.25 | N57: 1.5 | O57: 0 | P57: 2 | Q57: 8 | R57: =P57/30*8 -> 0.53333333 | S57: =Q57-R57 -> 7.4666667 | T57: 0 | U57: 2 | V57: 0 | W57: 0 | X57: 0 | Y57: 6386.69 | Z57: 9707.76 | AA57: 1 | AB57: 1 | AC57: 5 | AD57: 5 | AE57: 6 | AF57: 0 | AG57: 0 | AH57: 0 | AI57: 0 | AJ57: 0 | AK57: 0 | AL57: 0 | AM57: 0 | AN57: 0 | AO57: 0 | AP57: 0 | AQ57: 0 | AR57: 0 | AS57: 0 | AT57: 0 | AU57: 0 | AV57: 1 | AW57: 3 | AX57: 0 | AY57: 20 | AZ57: 0 | BA57: 1 | BB57: 4 | BC57: 0 | BD57: 12 | BE57: 6 | BF57: 1 | BG57: 0 | BH57: 3 | BI57: 0 | BJ57: 0 | BK57: 0 | BL57: 0 | BM57: 0 | BN57: 0
A58: 6016 | B58: SKWINKLES SANDIA PA COMPARTIR 420GR /6 MARS | C58: 20 | D58: 162 | E58: EFFEM MEXICO INC. Y COMPAÑÍAS EN N.C DE CV | F58: 807 | G58: MATRE MEXICO S DE RL DE CV | H58: 87.817 | I58: 1756.34 | J58: =I58*K58 -> 0 | K58: =SUM(O58+T58+W58) -> 0 | M58: 0.72 | N58: 0 | O58: 0 | P58: 2.72 | Q58: 6.4 | R58: =P58/30*8 -> 0.72533333 | S58: =Q58-R58 -> 5.6746667 | T58: 0 | U58: 0.18 | V58: 0 | W58: 0 | X58: 0 | Y58: 6366.73 | Z58: 11240.58 | AA58: 3 | AB58: 23 | AC58: 0 | AD58: 0 | AE58: 0 | AF58: 0 | AG58: 0 | AH58: 0 | AI58: 0 | AJ58: 0 | AK58: 0 | AL58: 0 | AM58: 0 | AN58: 0 | AO58: 0 | AP58: 0 | AQ58: 0 | AR58: 0 | AS58: 0 | AT58: 0 | AU58: 0 | AV58: 8 | AW58: 10 | AX58: 57 | AY58: 80 | AZ58: 9 | BA58: 6 | BB58: 0 | BC58: 0 | BD58: 48 | BE58: 3 | BF58: 1 | BG58: 0 | BH58: 0 | BI58: 0 | BJ58: 0 | BK58: 0 | BL58: 0 | BM58: 0 | BN58: 0
A59: 65102 | B59: GUSANO LUCAS TAMARINDO EXH /10 | C59: 30 | D59: 162 | E59: EFFEM MEXICO INC. Y COMPAÑÍAS EN N.C DE CV | F59: 807 | G59: MATRE MEXICO S DE RL DE CV | H59: 65.2744 | I59: 1958.232 | J59: =I59*K59 -> 0 | K59: =SUM(O59+T59+W59) -> 0 | M59: 2.28 | N59: 2.87 | O59: 0 | P59: 0.95 | Q59: 4.9 | R59: =P59/30*8 -> 0.25333333 | S59: =Q59-R59 -> 4.6466667 | T59: 0 | U59: 0 | V59: 2 | W59: 0 | X59: 0 | Y59: 6331.62 | Z59: 19125.4 | AA59: 4 | AB59: 0 | AC59: 51 | AD59: 27 | AE59: 86 | AF59: 0 | AG59: 0 | AH59: 0 | AI59: 0 | AJ59: 0 | AK59: 0 | AL59: 0 | AM59: 0 | AN59: 0 | AO59: 0 | AP59: 0 | AQ59: 0 | AR59: 0 | AS59: 0 | AT59: 0 | AU59: 0 | AV59: 0 | AW59: 9 | AX59: 20 | AY59: 90 | AZ59: 1 | BA59: 3 | BB59: 6 | BC59: 2 | BD59: 57 | BE59: 0 | BF59: 0 | BG59: 0 | BH59: 0 | BI59: 60 | BJ59: 0 | BK59: 0 | BL59: 0 | BM59: 0 | BN59: 0
A60: 88216 | B60: CH WRIGLEYS DOUBLEMINT15S/10 | C60: 12 | D60: 162 | E60: EFFEM MEXICO INC. Y COMPAÑÍAS EN N.C DE CV | F60: 162 | G60: EFFEM MEXICO INC. Y COMPAÑÍA S EN N.C DE CV | H60: 161.939 | I60: 1943.268 | J60: =I60*K60 -> 0 | K60: =SUM(O60+T60+W60) -> 0 | M60: 0.67 | N60: 0.42 | O60: 0 | P60: 2.17 | Q60: 5.5 | R60: =P60/30*8 -> 0.57866667 | S60: =Q60-R60 -> 4.9213333 | T60: 0 | U60: 0.38 | V60: 0.67 | W60: 0 | X60: 0 | Y60: 6234.65 | Z60: 12793.18 | AA60: 6 | AB60: 4 | AC60: 0 | AD60: 0 | AE60: 5 | AF60: 0 | AG60: 0 | AH60: 0 | AI60: 0 | AJ60: 0 | AK60: 0 | AL60: 0 | AM60: 0 | AN60: 0 | AO60: 0 | AP60: 0 | AQ60: 0 | AR60: 0 | AS60: 0 | AT60: 0 | AU60: 21 | AV60: 9 | AW60: 0 | AX60: 0 | AY60: 58 | AZ60: 0 | BA60: 1 | BB60: 0 | BC60: 0 | BD60: 8 | BE60: 4 | BF60: 1 | BG60: 0 | BH60: 0 | BI60: 8 | BJ60: 0 | BK60: 0 | BL60: 0 | BM60: 0 | BN60: 0
A61: 6029 | B61: CHOC SIN AZUCAR (288G/ 18 TURIN | C61: 5 | D61: 162 | E61: EFFEM MEXICO INC. Y COMPAÑÍAS EN N.C DE CV | F61: 558 | G61: CHOCOLATES | H61: 208.3884 | I61: 1041.942 | J61: =I61*K61 -> 0 | K61: =SUM(O61+T61+W61) -> 0 | M61: 2.9 | N61: -1.8 | O61: 0 | P61: 2.6 | Q61: 6.8 | R61: =P61/30*8 -> 0.69333333 | S61: =Q61-R61 -> 6.1066667 | T61: 0 | U61: 0 | V61: 0.2 | W61: 0 | X61: 0 | Y61: 5730.68 | Z61: 5418.1 | AA61: 8 | AB61: 1 | AC61: 0 | AD61: 12 | AE61: -9 | AF61: 0 | AG61: 0 | AH61: 0 | AI61: 0 | AJ61: 0 | AK61: 0 | AL61: 0 | AM61: 0 | AN61: 0 | AO61: 0 | AP61: 0 | AQ61: 0 | AR61: 0 | AS61: 0 | AT61: 0 | AU61: 1 | AV61: 0 | AW61: 4 | AX61: 0 | AY61: 24 | AZ61: 0 | BA61: 3 | BB61: 6 | BC61: 1 | BD61: 10 | BE61: 0 | BF61: 0 | BG61: 0 | BH61: 0 | BI61: 1 | BJ61: 0 | BK61: 0 | BL61: 0 | BM61: 0 | BN61: 0
A62: 91106 | B62: EST CARAJILLO 120GR /15 TURIN | C62: 8 | D62: 162 | E62: EFFEM MEXICO INC. Y COMPAÑÍAS EN N.C DE CV | F62: 123 | G62: CHOCOLATES TURIN S.A. DE C.V. | H62: 83.8254 | I62: 670.6032 | J62: =I62*K62 -> 1341.2064 | K62: =SUM(O62+T62+W62) -> 2 | M62: 1.56 | N62: 0 | O62: 2 | P62: 6.75 | Q62: 6.12 | R62: =P62/30*8 -> 1.8 | S62: =Q62-R62 -> 4.32 | T62: 0 | U62: 0 | V62: 0 | W62: =U62-V62 -> 0 | X62: 0 | Y62: 5574.39 | Z62: 4107.44 | AA62: 0 | AB62: 0 | AC62: 12 | AD62: 1 | AE62: 0 | AF62: 0 | AG62: 0 | AH62: 0 | AI62: 0 | AJ62: 0 | AK62: 0 | AL62: 0 | AM62: 0 | AN62: 0 | AO62: 0 | AP62: 0 | AQ62: 0 | AR62: 0 | AS62: 0 | AT62: 0 | AU62: 19 | AV62: 6 | AW62: 17 | AX62: 24 | AY62: 39 | AZ62: 2 | BA62: 2 | BB62: 0 | BC62: 0 | BD62: 10 | BE62: 0 | BF62: 0 | BG62: 0 | BH62: 0 | BI62: 0 | BJ62: 0 | BK62: 0 | BL62: 0 | BM62: 0 | BN62: 0
A63: 88155 | B63: CH ORBIT MENTA YERBA 14 / 12 | C63: 12 | D63: 162 | E63: EFFEM MEXICO INC. Y COMPAÑÍAS EN N.C DE CV | F63: 974 | G63: CHICLES | H63: 140.2991 | I63: 1683.5892 | J63: =I63*K63 -> 0 | K63: =SUM(O63+T63+W63) -> 0 | M63: 1.12 | N63: 21 | O63: 0 | P63: 2.12 | Q63: 16.58 | R63: =P63/30*8 -> 0.56533333 | S63: =Q63-R63 -> 16.014667 | T63: 0 | U63: 0 | V63: 19.58 | W63: 0 | X63: 0 | Y63: 5471.66 | Z63: 96245.18 | AA63: 12 | AB63: 3 | AC63: 0 | AD63: 0 | AE63: 252 | AF63: 0 | AG63: 0 | AH63: 0 | AI63: 0 | AJ63: 0 | AK63: 0 | AL63: 0 | AM63: 0 | AN63: 0 | AO63: 0 | AP63: 0 | AQ63: 0 | AR63: 0 | AS63: 0 | AT63: 0 | AU63: 15 | AV63: 5 | AW63: 0 | AX63: 0 | AY63: 169 | AZ63: 8 | BA63: 0 | BB63: 0 | BC63: 0 | BD63: 30 | BE63: 0 | BF63: 0 | BG63: 0 | BH63: 0 | BI63: 235 | BJ63: 0 | BK63: 0 | BL63: 0 | BM63: 0 | BN63: 0
A64: 6009 | B64: EST CHOC BAILEYS 120GR/ 12 TURIN | C64: 8 | D64: 162 | E64: EFFEM MEXICO INC. Y COMPAÑÍAS EN N.C DE CV | F64: 123 | G64: CHOCOLATES TURIN S.A. DE C.V. | H64: 78.009 | I64: 624.072 | J64: =I64*K64 -> 1248.144 | K64: =SUM(O64+T64+W64) -> 2 | M64: 0.62 | N64: 0 | O64: 0 | P64: 7.88 | Q64: 5 | R64: =P64/30*8 -> 2.1013333 | S64: =Q64-R64 -> 2.8986667 | T64: 2 | U64: 0 | V64: 0 | W64: =U64-V64 -> 0 | X64: 0 | Y64: 5304.61 | Z64: 3120.36 | AA64: 0 | AB64: 0 | AC64: 5 | AD64: 0 | AE64: 0 | AF64: 0 | AG64: 0 | AH64: 0 | AI64: 0 | AJ64: 0 | AK64: 0 | AL64: 0 | AM64: 0 | AN64: 0 | AO64: 0 | AP64: 0 | AQ64: 0 | AR64: 0 | AS64: 0 | AT64: 0 | AU64: 0 | AV64: 0 | AW64: 55 | AX64: 0 | AY64: 40 | AZ64: 0 | BA64: 0 | BB64: 8 | BC64: 0 | BD64: 0 | BE64: 0 | BF64: 0 | BG64: 0 | BH64: 0 | BI64: 0 | BJ64: 0 | BK64: 0 | BL64: 0 | BM64: 0 | BN64: 0
A65: 6044 | B65: LUCAS GOMITAS MANGO ENCHILADO 240GR/ 6 MARS | C65: 12 | D65: 162 | E65: EFFEM MEXICO INC. Y COMPAÑÍAS EN N.C DE CV | F65: 807 | G65: MATRE MEXICO S DE RL DE CV | H65: 73.9792 | I65: 887.7504 | J65: =I65*K65 -> 1775.5008 | K65: =SUM(O65+T65+W65) -> 2 | M65: 2.04 | N65: 0.75 | O65: 2 | P65: 3.54 | Q65: 4.75 | R65: =P65/30*8 -> 0.944 | S65: =Q65-R65 -> 3.806 | T65: 0 | U65: 0.33 | V65: 0.5 | W65: 0 | X65: 0 | Y65: 5252.52 | Z65: 5326.5 | AA65: 5 | AB65: 4 | AC65: 15 | AD65: 5 | AE65: 9 | AF65: 0 | AG65: 0 | AH65: 0 | AI65: 0 | AJ65: 0 | AK65: 0 | AL65: 0 | AM65: 0 | AN65: 0 | AO65: 0 | AP65: 0 | AQ65: 0 | AR65: 0 | AS65: 0 | AT65: 0 | AU65: 15 | AV65: 8 | AW65: 8 | AX65: 22 | AY65: 37 | AZ65: 1 | BA65: 3 | BB65: 1 | BC65: 2 | BD65: 20 | BE65: 2 | BF65: 2 | BG65: 0 | BH65: 2 | BI65: 6 | BJ65: 0 | BK65: 0 | BL65: 0 | BM65: 0 | BN65: 0
A66: 97318 | B66: CORAZON LATA 100GR / TURIN | C66: 8 | D66: 162 | E66: EFFEM MEXICO INC. Y COMPAÑÍAS EN N.C DE CV | F66: 162 | G66: EFFEM MEXICO INC. Y COMPAÑÍA S EN N.C DE CV | H66: 92.117 | I66: 736.936 | J66: =I66*K66 -> 0 | K66: =SUM(O66+T66+W66) -> 0 | M66: 2.94 | N66: 0.12 | O66: 0 | P66: 1.62 | Q66: 0.5 | R66: =P66/30*8 -> 0.432 | S66: =Q66-R66 -> 0.068 | T66: 0 | U66: 2.31 | V66: 2.75 | W66: 0 | X66: 0 | Y66: 5066.44 | Z66: 2487.16 | AA66: 16 | AB66: 15 | AC66: 0 | AD66: 0 | AE66: 1 | AF66: 0 | AG66: 0 | AH66: 0 | AI66: 0 | AJ66: 0 | AK66: 0 | AL66: 0 | AM66: 0 | AN66: 0 | AO66: 0 | AP66: 0 | AQ66: 0 | AR66: 0 | AS66: 0 | AT66: 0 | AU66: 0 | AV66: 8 | AW66: 0 | AX66: 0 | AY66: 1 | AZ66: 6 | BA66: 6 | BB66: 0 | BC66: 0 | BD66: 3 | BE66: 14 | BF66: 9 | BG66: 0 | BH66: 0 | BI66: 22 | BJ66: 0 | BK66: 0 | BL66: 0 | BM66: 0 | BN66: 0
A67: 96910 | B67: 500 GR CONF SEMIAMARGO/ TURIN | C67: 32 | D67: 162 | E67: EFFEM MEXICO INC. Y COMPAÑÍAS EN N.C DE CV | F67: 1 | G67: G INDIVIDUALES | H67: 136.1475 | I67: 4356.72 | J67: =I67*K67 -> 0 | K67: =SUM(O67+T67+W67) -> 0 | M67: 0.39 | N67: 2.06 | O67: 0 | P67: 0.75 | Q67: 0 | R67: =P67/30*8 -> 0.2 | S67: =Q67-R67 -> -0.2 | T67: 0 | U67: 0 | V67: 0 | W67: =U67-V67 -> 0 | X67: 0 | Y67: 4969.38 | Z67: 8985.74 | AA67: 8 | AB67: 9 | AC67: 0 | AD67: 0 | AE67: 66 | AF67: 0 | AG67: 0 | AH67: 0 | AI67: 0 | AJ67: 0 | AK67: 0 | AL67: 0 | AM67: 0 | AN67: 0 | AO67: 0 | AP67: 0 | AQ67: 0 | AR67: 0 | AS67: 0 | AT67: 0 | AU67: 0 | AV67: 0 | AW67: 17 | AX67: 14 | AY67: 0 | AZ67: 0 | BA67: 0 | BB67: 0 | BC67: 0 | BD67: 0 | BE67: 0 | BF67: 0 | BG67: 0 | BH67: 0 | BI67: 0 | BJ67: 0 | BK67: 0 | BL67: 0 | BM67: 0 | BN67: 0
A68: 91052 | B68: CHOC CONEJOS MINI TUBO 200GR TURIN | C68: 6 | D68: 162 | E68: EFFEM MEXICO INC. Y COMPAÑÍAS EN N.C DE CV | F68: 123 | G68: CHOCOLATES TURIN S.A. DE C.V. | H68: 107.9653 | I68: 647.7918 | J68: =I68*K68 -> 1943.3754 | K68: =SUM(O68+T68+W68) -> 3 | M68: 0.5 | N68: 0 | O68: 0 | P68: 7.17 | Q68: 3.5 | R68: =P68/30*8 -> 1.912 | S68: =Q68-R68 -> 1.588 | T68: 3 | U68: 0 | V68: 0 | W68: =U68-V68 -> 0 | X68: 0 | Y68: 4966.4 | Z68: 2267.27 | AA68: 0 | AB68: 0 | AC68: 3 | AD68: 0 | AE68: 0 | AF68: 0 | AG68: 0 | AH68: 0 | AI68: 0 | AJ68: 0 | AK68: 0 | AL68: 0 | AM68: 0 | AN68: 0 | AO68: 0 | AP68: 0 | AQ68: 0 | AR68: 0 | AS68: 0 | AT68: 0 | AU68: 17 | AV68: 8 | AW68: 16 | AX68: 12 | AY68: 11 | AZ68: 0 | BA68: 0 | BB68: 0 | BC68: 0 | BD68: 10 | BE68: 0 | BF68: 0 | BG68: 0 | BH68: 0 | BI68: 0 | BJ68: 0 | BK68: 0 | BL68: 0 | BM68: 0 | BN68: 0
A69: 65129 | B69: BABY LUCAS CHAMOY EXH /10 | C69: 30 | D69: 162 | E69: EFFEM MEXICO INC. Y COMPAÑÍAS EN N.C DE CV | F69: 807 | G69: MATRE MEXICO S DE RL DE CV | H69: 57.0544 | I69: 1711.632 | J69: =I69*K69 -> 0 | K69: =SUM(O69+T69+W69) -> 0 | M69: 1.08 | N69: -0.23 | O69: 0 | P69: 1.53 | Q69: 5.03 | R69: =P69/30*8 -> 0.408 | S69: =Q69-R69 -> 4.622 | T69: 0 | U69: 0.27 | V69: 0.73 | W69: 0 | X69: 0 | Y69: 4935.21 | Z69: 9471.03 | AA69: 23 | AB69: 7 | AC69: 6 | AD69: 0 | AE69: -7 | AF69: 0 | AG69: 0 | AH69: 0 | AI69: 0 | AJ69: 0 | AK69: 0 | AL69: 0 | AM69: 0 | AN69: 0 | AO69: 0 | AP69: 0 | AQ69: 0 | AR69: 0 | AS69: 0 | AT69: 0 | AU69: 4 | AV69: 18 | AW69: 25 | AX69: 5 | AY69: 73 | AZ69: 1 | BA69: 1 | BB69: 3 | BC69: 2 | BD69: 78 | BE69: 6 | BF69: 4 | BG69: 0 | BH69: 0 | BI69: 22 | BJ69: 0 | BK69: 0 | BL69: 0 | BM69: 0 | BN69: 0
A70: 6063 | B70: CHOC CONEJO (480 GR) / 24 | C70: 3 | D70: 162 | E70: EFFEM MEXICO INC. Y COMPAÑÍAS EN N.C DE CV | F70: 123 | G70: CHOCOLATES TURIN S.A. DE C.V. | H70: 220.1887 | I70: 660.5661 | J70: =I70*K70 -> 3302.8305 | K70: =SUM(O70+T70+W70) -> 5 | M70: 0 | N70: 0 | O70: =M70-N70 -> 0 | P70: 7.33 | Q70: 1 | R70: =P70/30*8 -> 1.9546667 | S70: =Q70-R70 -> -0.95466667 | T70: 5 | U70: 0 | V70: 0 | W70: =U70-V70 -> 0 | X70: 0 | Y70: 4844.15 | Z70: 660.57 | AA70: 0 | AB70: 0 | AC70: 0 | AD70: 0 | AE70: 0 | AF70: 0 | AG70: 0 | AH70: 0 | AI70: 0 | AJ70: 0 | AK70: 0 | AL70: 0 | AM70: 0 | AN70: 0 | AO70: 0 | AP70: 0 | AQ70: 0 | AR70: 0 | AS70: 0 | AT70: 0 | AU70: 0 | AV70: 7 | AW70: 4 | AX70: 26 | AY70: 0 | AZ70: 0 | BA70: 3 | BB70: 0 | BC70: 0 | BD70: 3 | BE70: 0 | BF70: 0 | BG70: 0 | BH70: 0 | BI70: 0 | BJ70: 0 | BK70: 0 | BL70: 0 | BM70: 0 | BN70: 0
A71: 65108 | B71: BABY LUCAS MANGO EXH /10 | C71: 30 | D71: 162 | E71: EFFEM MEXICO INC. Y COMPAÑÍAS EN N.C DE CV | F71: 807 | G71: MATRE MEXICO S DE RL DE CV | H71: 57.0544 | I71: 1711.632 | J71: =I71*K71 -> 0 | K71: =SUM(O71+T71+W71) -> 0 | M71: 0.72 | N71: 1 | O71: 0 | P71: 1.9 | Q71: 3.33 | R71: =P71/30*8 -> 0.50666667 | S71: =Q71-R71 -> 2.8233333 | T71: 0 | U71: 0.15 | V71: 0.37 | W71: 0 | X71: 0 | Y71: 4735.52 | Z71: 8044.67 | AA71: 0 | AB71: 0 | AC71: 17 | AD71: 9 | AE71: 30 | AF71: 0 | AG71: 0 | AH71: 0 | AI71: 0 | AJ71: 0 | AK71: 0 | AL71: 0 | AM71: 0 | AN71: 0 | AO71: 0 | AP71: 0 | AQ71: 0 | AR71: 0 | AS71: 0 | AT71: 0 | AU71: 7 | AV71: 12 | AW71: 31 | AX71: 11 | AY71: 90 | AZ71: 2 | BA71: 4 | BB71: 3 | BC71: 1 | BD71: 10 | BE71: 2 | BF71: 5 | BG71: 0 | BH71: 0 | BI71: 11 | BJ71: 0 | BK71: 0 | BL71: 0 | BM71: 0 | BN71: 0
A72: 88156 | B72: CH ORBIT FRESA 14 S / 12 | C72: 12 | D72: 162 | E72: EFFEM MEXICO INC. Y COMPAÑÍAS EN N.C DE CV | F72: 974 | G72: CHICLES | H72: 140.2991 | I72: 1683.5892 | J72: =I72*K72 -> 0 | K72: =SUM(O72+T72+W72) -> 0 | M72: 1 | N72: 6.83 | O72: 0 | P72: 1.79 | Q72: 13.42 | R72: =P72/30*8 -> 0.47733333 | S72: =Q72-R72 -> 12.942667 | T72: 0 | U72: 0 | V72: 13.5 | W72: 0 | X72: 0 | Y72: 4700.02 | Z72: 56821.14 | AA72: 12 | AB72: 0 | AC72: 0 | AD72: 0 | AE72: 82 | AF72: 0 | AG72: 0 | AH72: 0 | AI72: 0 | AJ72: 0 | AK72: 0 | AL72: 0 | AM72: 0 | AN72: 0 | AO72: 0 | AP72: 0 | AQ72: 0 | AR72: 0 | AS72: 0 | AT72: 0 | AU72: 10 | AV72: 1 | AW72: 8 | AX72: 0 | AY72: 125 | AZ72: 3 | BA72: 0 | BB72: 0 | BC72: 0 | BD72: 36 | BE72: 0 | BF72: 0 | BG72: 0 | BH72: 0 | BI72: 162 | BJ72: 0 | BK72: 0 | BL72: 0 | BM72: 0 | BN72: 0
A73: 88153 | B73: CH ORBIT MENTA 14 S /12 | C73: 12 | D73: 162 | E73: EFFEM MEXICO INC. Y COMPAÑÍAS EN N.C DE CV | F73: 974 | G73: CHICLES | H73: 140.2991 | I73: 1683.5892 | J73: =I73*K73 -> 0 | K73: =SUM(O73+T73+W73) -> 0 | M73: 0.17 | N73: 7.83 | O73: 0 | P73: 2.38 | Q73: 8.08 | R73: =P73/30*8 -> 0.63466667 | S73: =Q73-R73 -> 7.4453333 | T73: 0 | U73: 0.08 | V73: 9 | W73: 0 | X73: 0 | Y73: 4419.42 | Z73: 41949.43 | AA73: 2 | AB73: 0 | AC73: 0 | AD73: 0 | AE73: 94 | AF73: 0 | AG73: 0 | AH73: 0 | AI73: 0 | AJ73: 0 | AK73: 0 | AL73: 0 | AM73: 0 | AN73: 0 | AO73: 0 | AP73: 0 | AQ73: 0 | AR73: 0 | AS73: 0 | AT73: 0 | AU73: 12 | AV73: 4 | AW73: 2 | AX73: 11 | AY73: 68 | AZ73: 7 | BA73: 0 | BB73: 0 | BC73: 0 | BD73: 29 | BE73: 1 | BF73: 0 | BG73: 0 | BH73: 0 | BI73: 108 | BJ73: 0 | BK73: 0 | BL73: 0 | BM73: 0 | BN73: 0
A74: 95253 | B74: CHOC TUBO ZERO 145GR / 1 TURIN | C74: 6 | D74: 162 | E74: EFFEM MEXICO INC. Y COMPAÑÍAS EN N.C DE CV | F74: 123 | G74: CHOCOLATES TURIN S.A. DE C.V. | H74: 119.3709 | I74: 716.2254 | J74: =I74*K74 -> 4297.3524 | K74: =SUM(O74+T74+W74) -> 6 | M74: 1.17 | N74: 0 | O74: 1 | P74: 4.33 | Q74: 0.17 | R74: =P74/30*8 -> 1.1546667 | S74: =Q74-R74 -> -0.98466667 | T74: 4 | U74: 0.67 | V74: 0 | W74: 1 | X74: 0 | Y74: 4416.72 | Z74: 119.37 | AA74: 0 | AB74: 0 | AC74: 7 | AD74: 0 | AE74: 0 | AF74: 0 | AG74: 0 | AH74: 0 | AI74: 0 | AJ74: 0 | AK74: 0 | AL74: 0 | AM74: 0 | AN74: 0 | AO74: 0 | AP74: 0 | AQ74: 0 | AR74: 0 | AS74: 0 | AT74: 0 | AU74: 6 | AV74: 5 | AW74: 8 | AX74: 19 | AY74: 1 | AZ74: 0 | BA74: 0 | BB74: 0 | BC74: 0 | BD74: 0 | BE74: 4 | BF74: 0 | BG74: 0 | BH74: 0 | BI74: 0 | BJ74: 0 | BK74: 0 | BL74: 0 | BM74: 0 | BN74: 0
A75: 6083 | B75: CHOC TURIN ALMEN ZERO 288GR/18 MARS | C75: 5 | D75: 162 | E75: EFFEM MEXICO INC. Y COMPAÑÍAS EN N.C DE CV | F75: 123 | G75: CHOCOLATES TURIN S.A. DE C.V. | H75: 208.3882 | I75: 1041.941 | J75: =I75*K75 -> 2083.882 | K75: =SUM(O75+T75+W75) -> 2 | M75: 0.6 | N75: 0 | O75: 0 | P75: 3.6 | Q75: 0 | R75: =P75/30*8 -> 0.96 | S75: =Q75-R75 -> -0.96 | T75: 2 | U75: 0 | V75: 0 | W75: =U75-V75 -> 0 | X75: 0 | Y75: 4376.15 | Z75: 0 | AA75: 0 | AB75: 0 | AC75: 3 | AD75: 0 | AE75: 0 | AF75: 0 | AG75: 0 | AH75: 0 | AI75: 0 | AJ75: 0 | AK75: 0 | AL75: 0 | AM75: 0 | AN75: 0 | AO75: 0 | AP75: 0 | AQ75: 0 | AR75: 0 | AS75: 0 | AT75: 0 | AU75: 0 | AV75: 0 | AW75: 14 | AX75: 6 | AY75: 0 | AZ75: 0 | BA75: 0 | BB75: 1 | BC75: 0 | BD75: 0 | BE75: 0 | BF75: 0 | BG75: 0 | BH75: 0 | BI75: 0 | BJ75: 0 | BK75: 0 | BL75: 0 | BM75: 0 | BN75: 0
A76: 91051 | B76: CHOC CONEJO (400GR) / 20 | C76: 7 | D76: 162 | E76: EFFEM MEXICO INC. Y COMPAÑÍAS EN N.C DE CV | F76: 123 | G76: CHOCOLATES TURIN S.A. DE C.V. | H76: 191.731 | I76: 1342.117 | J76: =I76*K76 -> 1342.117 | K76: =SUM(O76+T76+W76) -> 1 | M76: 0.79 | N76: -1.14 | O76: 1 | P76: 2.21 | Q76: 2.57 | R76: =P76/30*8 -> 0.58933333 | S76: =Q76-R76 -> 1.9806667 | T76: 0 | U76: 0.07 | V76: 0 | W76: 0 | X76: 0 | Y76: 4122.22 | Z76: 1917.31 | AA76: 1 | AB76: 0 | AC76: 1 | AD76: 7 | AE76: -8 | AF76: 0 | AG76: 0 | AH76: 0 | AI76: 0 | AJ76: 0 | AK76: 0 | AL76: 0 | AM76: 0 | AN76: 0 | AO76: 0 | AP76: 0 | AQ76: 0 | AR76: 0 | AS76: 0 | AT76: 0 | AU76: 3 | AV76: 5 | AW76: 1 | AX76: 11 | AY76: 18 | AZ76: 0 | BA76: 0 | BB76: 2 | BC76: 3 | BD76: 0 | BE76: 0 | BF76: 0 | BG76: 0 | BH76: 1 | BI76: 0 | BJ76: 0 | BK76: 0 | BL76: 0 | BM76: 0 | BN76: 0
A77: 91115 | B77: CHOC JOSE CUERVO BLS 120G 3098 TURIN | C77: 12 | D77: 162 | E77: EFFEM MEXICO INC. Y COMPAÑÍAS EN N.C DE CV | F77: 123 | G77: CHOCOLATES TURIN S.A. DE C.V. | H77: 101.8825 | I77: 1222.59 | J77: =I77*K77 -> 0 | K77: =SUM(O77+T77+W77) -> 0 | M77: 0 | N77: 0 | O77: =M77-N77 -> 0 | P77: 3.17 | Q77: 2.67 | R77: =P77/30*8 -> 0.84533333 | S77: =Q77-R77 -> 1.8246667 | T77: 0 | U77: 0 | V77: 1.67 | W77: 0 | X77: 0 | Y77: 3871.53 | Z77: 5297.89 | AA77: 0 | AB77: 0 | AC77: 0 | AD77: 0 | AE77: 0 | AF77: 0 | AG77: 0 | AH77: 0 | AI77: 0 | AJ77: 0 | AK77: 0 | AL77: 0 | AM77: 0 | AN77: 0 | AO77: 0 | AP77: 0 | AQ77: 0 | AR77: 0 | AS77: 0 | AT77: 0 | AU77: 14 | AV77: 7 | AW77: 16 | AX77: 5 | AY77: 19 | AZ77: 2 | BA77: 0 | BB77: 0 | BC77: 0 | BD77: 13 | BE77: 0 | BF77: 0 | BG77: 0 | BH77: 0 | BI77: 20 | BJ77: 0 | BK77: 0 | BL77: 0 | BM77: 0 | BN77: 0
A78: 88138 | B78: CH HUBBA BUBBA SOUR 340.20GR/ 6 | C78: 24 | D78: 162 | E78: EFFEM MEXICO INC. Y COMPAÑÍAS EN N.C DE CV | F78: 974 | G78: CHICLES | H78: 107.6336 | I78: 2583.2064 | J78: =I78*K78 -> 0 | K78: =SUM(O78+T78+W78) -> 0 | M78: 0.38 | N78: 0 | O78: 0 | P78: 1.08 | Q78: 0.08 | R78: =P78/30*8 -> 0.288 | S78: =Q78-R78 -> -0.208 | T78: 0 | U78: 0 | V78: 0 | W78: =U78-V78 -> 0 | X78: 0 | Y78: 3767.18 | Z78: 215.27 | AA78: 0 | AB78: 0 | AC78: 9 | AD78: 0 | AE78: 0 | AF78: 0 | AG78: 0 | AH78: 0 | AI78: 0 | AJ78: 0 | AK78: 0 | AL78: 0 | AM78: 0 | AN78: 0 | AO78: 0 | AP78: 0 | AQ78: 0 | AR78: 0 | AS78: 0 | AT78: 0 | AU78: 0 | AV78: 0 | AW78: 7 | AX78: 30 | AY78: 0 | AZ78: 3 | BA78: 2 | BB78: 0 | BC78: 0 | BD78: 2 | BE78: 0 | BF78: 0 | BG78: 0 | BH78: 0 | BI78: 0 | BJ78: 0 | BK78: 0 | BL78: 0 | BM78: 0 | BN78: 0
A79: 78180 | B79: 500 GR CONF BLANCO/ TURIN | C79: 32 | D79: 162 | E79: EFFEM MEXICO INC. Y COMPAÑÍAS EN N.C DE CV | F79: 1 | G79: G INDIVIDUALES | H79: 156.33 | I79: 5002.56 | J79: =I79*K79 -> 0 | K79: =SUM(O79+T79+W79) -> 0 | M79: 0.39 | N79: 1.38 | O79: 0 | P79: 0.34 | Q79: 0 | R79: =P79/30*8 -> 0.090666667 | S79: =Q79-R79 -> -0.090666667 | T79: 0 | U79: 0 | V79: 0 | W79: =U79-V79 -> 0 | X79: 0 | Y79: 3673.76 | Z79: 6878.52 | AA79: 5 | AB79: 15 | AC79: 0 | AD79: 0 | AE79: 44 | AF79: 0 | AG79: 0 | AH79: 0 | AI79: 0 | AJ79: 0 | AK79: 0 | AL79: 0 | AM79: 0 | AN79: 0 | AO79: 0 | AP79: 0 | AQ79: 0 | AR79: 0 | AS79: 0 | AT79: 0 | AU79: 0 | AV79: 0 | AW79: 8 | AX79: 6 | AY79: 0 | AZ79: 0 | BA79: 0 | BB79: 0 | BC79: 0 | BD79: 0 | BE79: 0 | BF79: 0 | BG79: 0 | BH79: 0 | BI79: 0 | BJ79: 0 | BK79: 0 | BL79: 0 | BM79: 0 | BN79: 0
A80: 91027 | B80: CHOC MINUIT MINT TUBO (145 G) / TURIN | C80: 12 | D80: 162 | E80: EFFEM MEXICO INC. Y COMPAÑÍAS EN N.C DE CV | F80: 123 | G80: CHOCOLATES TURIN S.A. DE C.V. | H80: 115.1885 | I80: 1382.262 | J80: =I80*K80 -> 1382.262 | K80: =SUM(O80+T80+W80) -> 1 | M80: 2.21 | N80: 0.17 | O80: 1 | P80: 0.04 | Q80: 0.58 | R80: =P80/30*8 -> 0.010666667 | S80: =Q80-R80 -> 0.56933333 | T80: 0 | U80: 0.33 | V80: 0.75 | W80: 0 | X80: 0 | Y80: 3570.84 | Z80: 2073.39 | AA80: 1 | AB80: 2 | AC80: 22 | AD80: 5 | AE80: 2 | AF80: 0 | AG80: 0 | AH80: 0 | AI80: 0 | AJ80: 0 | AK80: 0 | AL80: 0 | AM80: 0 | AN80: 0 | AO80: 0 | AP80: 0 | AQ80: 0 | AR80: 0 | AS80: 0 | AT80: 0 | AU80: 0 | AV80: 0 | AW80: 0 | AX80: 0 | AY80: 0 | AZ80: 0 | BA80: 1 | BB80: 0 | BC80: 0 | BD80: 7 | BE80: 0 | BF80: 2 | BG80: 2 | BH80: 2 | BI80: 9 | BJ80: 0 | BK80: 0 | BL80: 0 | BM80: 0 | BN80: 0
A81: 91014 | B81: VIT CHOC BAILEYS 270GR TURIN 2934 | C81: 4 | D81: 162 | E81: EFFEM MEXICO INC. Y COMPAÑÍAS EN N.C DE CV | F81: 123 | G81: CHOCOLATES TURIN S.A. DE C.V. | H81: 191.6 | I81: 766.4 | J81: =I81*K81 -> 0 | K81: =SUM(O81+T81+W81) -> 0 | M81: 0.75 | N81: -1 | O81: 0 | P81: 3.62 | Q81: 4.75 | R81: =P81/30*8 -> 0.96533333 | S81: =Q81-R81 -> 3.7846667 | T81: 0 | U81: 0 | V81: 0 | W81: =U81-V81 -> 0 | X81: 0 | Y81: 3353 | Z81: 2874 | AA81: 0 | AB81: 0 | AC81: 2 | AD81: 2 | AE81: -4 | AF81: 0 | AG81: 0 | AH81: 0 | AI81: 0 | AJ81: 0 | AK81: 0 | AL81: 0 | AM81: 0 | AN81: 0 | AO81: 0 | AP81: 0 | AQ81: 0 | AR81: 0 | AS81: 0 | AT81: 0 | AU81: 1 | AV81: 0 | AW81: 11 | AX81: 4 | AY81: 19 | AZ81: 0 | BA81: 0 | BB81: 0 | BC81: 1 | BD81: 0 | BE81: 0 | BF81: 0 | BG81: 0 | BH81: 0 | BI81: 0 | BJ81: 0 | BK81: 0 | BL81: 0 | BM81: 0 | BN81: 0
A82: 97301 | B82: PAL LUCAS LENWAS SANDIA 560GR/ 40 | C82: 12 | D82: 162 | E82: EFFEM MEXICO INC. Y COMPAÑÍAS EN N.C DE CV | F82: 807 | G82: MATRE MEXICO S DE RL DE CV | H82: 82.115 | I82: 985.38 | J82: =I82*K82 -> 0 | K82: =SUM(O82+T82+W82) -> 0 | M82: 0.46 | N82: 0 | O82: 0 | P82: 2.29 | Q82: 2.25 | R82: =P82/30*8 -> 0.61066667 | S82: =Q82-R82 -> 1.6393333 | T82: 0 | U82: 0.46 | V82: 2.58 | W82: 0 | X82: 0 | Y82: 3161.43 | Z82: 4762.67 | AA82: 2 | AB82: 7 | AC82: 0 | AD82: 0 | AE82: 0 | AF82: 0 | AG82: 0 | AH82: 0 | AI82: 0 | AJ82: 0 | AK82: 0 | AL82: 0 | AM82: 0 | AN82: 0 | AO82: 0 | AP82: 0 | AQ82: 0 | AR82: 0 | AS82: 0 | AT82: 0 | AU82: 16 | AV82: 13 | AW82: 0 | AX82: 0 | AY82: 9 | AZ82: 4 | BA82: 2 | BB82: 0 | BC82: 0 | BD82: 18 | BE82: 1 | BF82: 9 | BG82: 0 | BH82: 0 | BI82: 31 | BJ82: 0 | BK82: 0 | BL82: 0 | BM82: 0 | BN82: 0
A83: 88152 | B83: CH ORBIT POLAR MINT 14 S / 12 | C83: 12 | D83: 162 | E83: EFFEM MEXICO INC. Y COMPAÑÍAS EN N.C DE CV | F83: 974 | G83: CHICLES | H83: 140.2991 | I83: 1683.5892 | J83: =I83*K83 -> 0 | K83: =SUM(O83+T83+W83) -> 0 | M83: 0 | N83: 0 | O83: =M83-N83 -> 0 | P83: 1.5 | Q83: 8.5 | R83: =P83/30*8 -> 0.4 | S83: =Q83-R83 -> 8.1 | T83: 0 | U83: 0.08 | V83: 8.92 | W83: 0 | X83: 0 | Y83: 2665.68 | Z83: 29322.51 | AA83: 0 | AB83: 0 | AC83: 0 | AD83: 0 | AE83: 0 | AF83: 0 | AG83: 0 | AH83: 0 | AI83: 0 | AJ83: 0 | AK83: 0 | AL83: 0 | AM83: 0 | AN83: 0 | AO83: 0 | AP83: 0 | AQ83: 0 | AR83: 0 | AS83: 0 | AT83: 0 | AU83: 12 | AV83: 3 | AW83: 0 | AX83: 1 | AY83: 69 | AZ83: 4 | BA83: 0 | BB83: 0 | BC83: 0 | BD83: 33 | BE83: 1 | BF83: 0 | BG83: 0 | BH83: 0 | BI83: 107 | BJ83: 0 | BK83: 0 | BL83: 0 | BM83: 0 | BN83: 0
A84: 59290 | B84: 500 GR COCOA NATURAL/ TURIN | C84: 12 | D84: 162 | E84: EFFEM MEXICO INC. Y COMPAÑÍAS EN N.C DE CV | F84: 1 | G84: G INDIVIDUALES | H84: 199.763 | I84: 2397.156 | J84: =I84*K84 -> 0 | K84: =SUM(O84+T84+W84) -> 0 | M84: 1.08 | N84: 0.08 | O84: 0 | P84: 0 | Q84: 0 | R84: =P84/30*8 -> 0 | S84: =Q84-R84 -> 0 | T84: =P84-Q84 -> 0 | U84: 0 | V84: 0 | X84: 0 | Y84: 2596.92 | Z84: 199.76 | AA84: 6 | AB84: 0 | AC84: 7 | AD84: 0 | AE84: 1 | AF84: 0 | AG84: 0 | AH84: 0 | AI84: 0 | AJ84: 0 | AK84: 0 | AL84: 0 | AM84: 0 | AN84: 0 | AO84: 0 | AP84: 0 | AQ84: 0 | AR84: 0 | AS84: 0 | AT84: 0 | AU84: 0 | AV84: 0 | AW84: 0 | AX84: 0 | AY84: 0 | AZ84: 0 | BA84: 0 | BB84: 0 | BC84: 0 | BD84: 0 | BE84: 0 | BF84: 0 | BG84: 0 | BH84: 0 | BI84: 0 | BJ84: 0 | BK84: 0 | BL84: 0 | BM84: 0 | BN84: 0
A85: 97316 | B85: EST CHOC BAILEYS MIX 120GR/ 12 TURIN | C85: 8 | D85: 162 | E85: EFFEM MEXICO INC. Y COMPAÑÍAS EN N.C DE CV | F85: 162 | G85: EFFEM MEXICO INC. Y COMPAÑÍA S EN N.C DE CV | H85: 92.1508 | I85: 737.2064 | J85: =I85*K85 -> 0 | K85: =SUM(O85+T85+W85) -> 0 | M85: 0.81 | N85: 0.12 | P85: 0.88 | Q85: 1.12 | R85: =P85/30*8 -> 0.23466667 | S85: =Q85-R85 -> 0.88533333 | U85: 1.75 | V85: 3.5 | X85: 0 | Y85: 2534.15 | Z85: 3501.73 | AA85: 5 | AB85: 3 | AC85: 0 | AD85: 0 | AE85: 1 | AF85: 0 | AG85: 0 | AH85: 0 | AI85: 0 | AJ85: 0 | AK85: 0 | AL85: 0 | AM85: 0 | AN85: 0 | AO85: 0 | AP85: 0 | AQ85: 0 | AR85: 0 | AS85: 0 | AT85: 0 | AU85: 0 | AV85: 4 | AW85: 0 | AX85: 0 | AY85: 0 | AZ85: 5 | BA85: 0 | BB85: 0 | BC85: 0 | BD85: 9 | BE85: 9 | BF85: 10 | BG85: 0 | BH85: 0 | BI85: 28 | BJ85: 0 | BK85: 0 | BL85: 0 | BM85: 0 | BN85: 0
A86: 59238 | B86: 500 GR CONF AMARGO 70% / TURIN | C86: 24 | D86: 162 | E86: EFFEM MEXICO INC. Y COMPAÑÍAS EN N.C DE CV | F86: 1 | G86: G INDIVIDUALES | H86: 184.23 | I86: 4421.52 | J86: =I86*K86 -> 0 | K86: =SUM(O86+T86+W86) -> 0 | M86: 0.12 | N86: -0.21 | P86: 0.42 | Q86: 0 | R86: =P86/30*8 -> 0.112 | S86: =Q86-R86 -> -0.112 | U86: 0 | V86: 0 | X86: 0 | Y86: 2394.99 | Z86: -921.15 | AA86: 1 | AB86: 4 | AC86: 0 | AD86: 0 | AE86: -5 | AF86: 0 | AG86: 0 | AH86: 0 | AI86: 0 | AJ86: 0 | AK86: 0 | AL86: 0 | AM86: 0 | AN86: 0 | AO86: 0 | AP86: 0 | AQ86: 0 | AR86: 0 | AS86: 0 | AT86: 0 | AU86: 0 | AV86: 0 | AW86: 10 | AX86: 0 | AY86: 0 | AZ86: 0 | BA86: 0 | BB86: 0 | BC86: 0 | BD86: 0 | BE86: 0 | BF86: 0 | BG86: 0 | BH86: 0 | BI86: 0 | BJ86: 0 | BK86: 0 | BL86: 0 | BM86: 0 | BN86: 0
A87: 97300 | B87: PAL LUCAS LENWAS MANGO 560GR/ 40 | C87: 12 | D87: 162 | E87: EFFEM MEXICO INC. Y COMPAÑÍAS EN N.C DE CV | F87: 807 | G87: MATRE MEXICO S DE RL DE CV | H87: 82.115 | I87: 985.38 | J87: =I87*K87 -> 0 | K87: =SUM(O87+T87+W87) -> 0 | M87: 0.96 | N87: 1.08 | P87: 0.75 | Q87: 0 | R87: =P87/30*8 -> 0.2 | S87: =Q87-R87 -> -0.2 | U87: 0.29 | V87: 0.08 | X87: 0 | Y87: 1970.76 | Z87: 1149.61 | AA87: 8 | AB87: 7 | AC87: 0 | AD87: 0 | AE87: 13 | AF87: 0 | AG87: 0 | AH87: 0 | AI87: 0 | AJ87: 0 | AK87: 0 | AL87: 0 | AM87: 0 | AN87: 0 | AO87: 0 | AP87: 0 | AQ87: 0 | AR87: 0 | AS87: 0 | AT87: 0 | AU87: 2 | AV87: 5 | AW87: 0 | AX87: 0 | AY87: 0 | AZ87: 1 | BA87: 7 | BB87: 0 | BC87: 0 | BD87: 0 | BE87: 0 | BF87: 7 | BG87: 0 | BH87: 0 | BI87: 1 | BJ87: 0 | BK87: 0 | BL87: 0 | BM87: 0 | BN87: 0
A88: 6034 | B88: EST MASTERPIECES ZERO 96GR / TURIN | C88: 8 | D88: 162 | E88: EFFEM MEXICO INC. Y COMPAÑÍAS EN N.C DE CV | F88: 123 | G88: CHOCOLATES TURIN S.A. DE C.V. | H88: 78.0089 | I88: 624.0712 | J88: =I88*K88 -> 0 | K88: =SUM(O88+T88+W88) -> 0 | M88: 0 | N88: 0.38 | P88: 3.12 | Q88: 0.38 | R88: =P88/30*8 -> 0.832 | S88: =Q88-R88 -> -0.452 | U88: 0 | V88: 0 | X88: 0 | Y88: 1950.22 | Z88: 468.05 | AA88: 0 | AB88: 0 | AC88: 0 | AD88: 0 | AE88: 3 | AF88: 0 | AG88: 0 | AH88: 0 | AI88: 0 | AJ88: 0 | AK88: 0 | AL88: 0 | AM88: 0 | AN88: 0 | AO88: 0 | AP88: 0 | AQ88: 0 | AR88: 0 | AS88: 0 | AT88: 0 | AU88: 0 | AV88: 0 | AW88: 19 | AX88: 5 | AY88: 0 | AZ88: 3 | BA88: 1 | BB88: 0 | BC88: 0 | BD88: 3 | BE88: 0 | BF88: 0 | BG88: 0 | BH88: 0 | BI88: 0 | BJ88: 0 | BK88: 0 | BL88: 0 | BM88: 0 | BN88: 0
A89: 269 | B89: IND CH HUBBA BUBBA SURTIDO / 1 | C89: 144 | D89: 162 | E89: EFFEM MEXICO INC. Y COMPAÑÍAS EN N.C DE CV | F89: 1 | G89: G INDIVIDUALES | H89: 18.5505 | I89: 2671.272 | J89: =I89*K89 -> 0 | K89: =SUM(O89+T89+W89) -> 0 | M89: 0.56 | N89: -0.14 | P89: 0.04 | Q89: 0 | R89: =P89/30*8 -> 0.010666667 | S89: =Q89-R89 -> -0.010666667 | U89: 0.12 | V89: -0.05 | X89: 0 | Y89: 1919.98 | Z89: -500.86 | AA89: 7 | AB89: 7 | AC89: 51 | AD89: 37 | AE89: -20 | AF89: 0 | AG89: 0 | AH89: 0 | AI89: 0 | AJ89: 0 | AK89: 0 | AL89: 0 | AM89: 0 | AN89: 0 | AO89: 0 | AP89: 0 | AQ89: 0 | AR89: 0 | AS89: 0 | AT89: 0 | AU89: 0 | AV89: 0 | AW89: 0 | AX89: 0 | AY89: 0 | AZ89: 0 | BA89: 1 | BB89: 4 | BC89: 3 | BD89: 0 | BE89: 7 | BF89: 8 | BG89: 5 | BH89: 3 | BI89: -7 | BJ89: 0 | BK89: 0 | BL89: 0 | BM89: 0 | BN89: 0
A90: 65105 | B90: BOMVASO LUCAS TAMARINDO/10 | C90: 24 | D90: 162 | E90: EFFEM MEXICO INC. Y COMPAÑÍAS EN N.C DE CV | F90: 807 | G90: MATRE MEXICO S DE RL DE CV | H90: 61.1734 | I90: 1468.1616 | J90: =I90*K90 -> 0 | K90: =SUM(O90+T90+W90) -> 0 | M90: 0 | N90: 0 | P90: 1.23 | Q90: 0 | R90: =P90/30*8 -> 0.328 | S90: =Q90-R90 -> -0.328 | U90: 0 | V90: 0 | X90: 0 | Y90: 1804.62 | Z90: 0 | AA90: 0 | AB90: 0 | AC90: 0 | AD90: 0 | AE90: 0 | AF90: 0 | AG90: 0 | AH90: 0 | AI90: 0 | AJ90: 0 | AK90: 0 | AL90: 0 | AM90: 0 | AN90: 0 | AO90: 0 | AP90: 0 | AQ90: 0 | AR90: 0 | AS90: 0 | AT90: 0 | AU90: 0 | AV90: 0 | AW90: 21 | AX90: 0 | AY90: 0 | AZ90: 0 | BA90: 0 | BB90: 7 | BC90: 3 | BD90: 0 | BE90: 0 | BF90: 0 | BG90: 0 | BH90: 0 | BI90: 0 | BJ90: 0 | BK90: 0 | BL90: 0 | BM90: 0 | BN90: 0
A91: 91015 | B91: VIT CHOC JOSE CUERVO ESPECIAL 270GR 2837 TURIN | C91: 4 | D91: 162 | E91: EFFEM MEXICO INC. Y COMPAÑÍAS EN N.C DE CV | F91: 123 | G91: CHOCOLATES TURIN S.A. DE C.V. | H91: 181.5642 | I91: 726.2568 | J91: =I91*K91 -> 0 | K91: =SUM(O91+T91+W91) -> 0 | M91: 1.25 | N91: 0.5 | P91: 1.12 | Q91: 1 | R91: =P91/30*8 -> 0.29866667 | S91: =Q91-R91 -> 0.70133333 | U91: 0 | V91: 0.25 | X91: 0 | Y91: 1724.86 | Z91: 1270.95 | AA91: 0 | AB91: 3 | AC91: 2 | AD91: 3 | AE91: 2 | AF91: 0 | AG91: 0 | AH91: 0 | AI91: 0 | AJ91: 0 | AK91: 0 | AL91: 0 | AM91: 0 | AN91: 0 | AO91: 0 | AP91: 0 | AQ91: 0 | AR91: 0 | AS91: 0 | AT91: 0 | AU91: 0 | AV91: 0 | AW91: 3 | AX91: 2 | AY91: 1 | AZ91: 0 | BA91: 0 | BB91: 0 | BC91: 1 | BD91: 3 | BE91: 0 | BF91: 0 | BG91: 0 | BH91: 0 | BI91: 1 | BJ91: 0 | BK91: 0 | BL91: 0 | BM91: 0 | BN91: 0
A92: 70 | B92: IND CHOC SNICKERS 48.7GR | C92: 192 | D92: 162 | E92: EFFEM MEXICO INC. Y COMPAÑÍAS EN N.C DE CV | F92: 1 | G92: G INDIVIDUALES | H92: 14.5062 | I92: 2785.1904 | J92: =I92*K92 -> 0 | K92: =SUM(O92+T92+W92) -> 0 | M92: 0.25 | N92: -0.03 | P92: 0.22 | Q92: 0.01 | R92: =P92/30*8 -> 0.058666667 | S92: =Q92-R92 -> -0.048666667 | U92: 0.1 | V92: 0.01 | X92: 0 | Y92: 1602.94 | Z92: -29.01 | AA92: 9 | AB92: 13 | AC92: 19 | AD92: 28 | AE92: -6 | AF92: 0 | AG92: 0 | AH92: 0 | AI92: 0 | AJ92: 0 | AK92: 0 | AL92: 0 | AM92: 0 | AN92: 0 | AO92: 0 | AP92: 0 | AQ92: 0 | AR92: 0 | AS92: 0 | AT92: 0 | AU92: 0 | AV92: 0 | AW92: 0 | AX92: 0 | AY92: 0 | AZ92: 3 | BA92: 9 | BB92: 23 | BC92: 23 | BD92: 2 | BE92: 7 | BF92: 10 | BG92: 5 | BH92: 6 | BI92: 2 | BJ92: 0 | BK92: 0 | BL92: 0 | BM92: 0 | BN92: 0
A93: 88136 | B93: VIT CH ORBIT 2´S SURTIDO /100 MARS | C93: 12 | D93: 162 | E93: EFFEM MEXICO INC. Y COMPAÑÍAS EN N.C DE CV | F93: 974 | G93: CHICLES | H93: 107.7872 | I93: 1293.4464 | J93: =I93*K93 -> 0 | K93: =SUM(O93+T93+W93) -> 0 | M93: 0.04 | N93: 0 | P93: 1.12 | Q93: 0 | R93: =P93/30*8 -> 0.29866667 | S93: =Q93-R93 -> -0.29866667 | U93: 0.04 | V93: 0 | X93: 0 | Y93: 1562.91 | Z93: 0 | AA93: 0 | AB93: 0 | AC93: 0 | AD93: 1 | AE93: 0 | AF93: 0 | AG93: 0 | AH93: 0 | AI93: 0 | AJ93: 0 | AK93: 0 | AL93: 0 | AM93: 0 | AN93: 0 | AO93: 0 | AP93: 0 | AQ93: 0 | AR93: 0 | AS93: 0 | AT93: 0 | AU93: 0 | AV93: 0 | AW93: 10 | AX93: 5 | AY93: 0 | AZ93: 0 | BA93: 0 | BB93: 1 | BC93: 0 | BD93: 0 | BE93: 0 | BF93: 0 | BG93: 0 | BH93: 1 | BI93: 0 | BJ93: 0 | BK93: 0 | BL93: 0 | BM93: 0 | BN93: 0
A94: 6060 | B94: CHOC AMARGO 70% CACAO 288GR / 18 TURIN | C94: 5 | D94: 162 | E94: EFFEM MEXICO INC. Y COMPAÑÍAS EN N.C DE CV | F94: 123 | G94: CHOCOLATES TURIN S.A. DE C.V. | H94: 208.3884 | I94: 1041.942 | J94: =I94*K94 -> 0 | K94: =SUM(O94+T94+W94) -> 0 | M94: 0 | N94: 0 | P94: 1.4 | Q94: 0 | R94: =P94/30*8 -> 0.37333333 | S94: =Q94-R94 -> -0.37333333 | U94: 0 | V94: 0 | X94: 0 | Y94: 1458.72 | Z94: 0 | AA94: 0 | AB94: 0 | AC94: 0 | AD94: 0 | AE94: 0 | AF94: 0 | AG94: 0 | AH94: 0 | AI94: 0 | AJ94: 0 | AK94: 0 | AL94: 0 | AM94: 0 | AN94: 0 | AO94: 0 | AP94: 0 | AQ94: 0 | AR94: 0 | AS94: 0 | AT94: 0 | AU94: 0 | AV94: 0 | AW94: 4 | AX94: 6 | AY94: 0 | AZ94: 0 | BA94: 0 | BB94: 0 | BC94: 0 | BD94: 0 | BE94: 0 | BF94: 0 | BG94: 0 | BH94: 0 | BI94: 0 | BJ94: 0 | BK94: 0 | BL94: 0 | BM94: 0 | BN94: 0
A95: 6043 | B95: LUCAS GOMITAS SANDIA ENCHILADA 130GR | C95: 12 | D95: 162 | E95: EFFEM MEXICO INC. Y COMPAÑÍAS EN N.C DE CV | F95: 807 | G95: MATRE MEXICO S DE RL DE CV | H95: 33.9103 | I95: 406.9236 | J95: =I95*K95 -> 0 | K95: =SUM(O95+T95+W95) -> 0 | M95: 0.5 | N95: 1.08 | P95: 2.54 | Q95: 0.25 | R95: =P95/30*8 -> 0.67733333 | S95: =Q95-R95 -> -0.42733333 | U95: 0.54 | V95: 2.5 | X95: 0 | Y95: 1458.14 | Z95: 1559.87 | AA95: 3 | AB95: 6 | AC95: 0 | AD95: 0 | AE95: 13 | AF95: 0 | AG95: 0 | AH95: 0 | AI95: 0 | AJ95: 0 | AK95: 0 | AL95: 0 | AM95: 0 | AN95: 0 | AO95: 0 | AP95: 0 | AQ95: 0 | AR95: 0 | AS95: 0 | AT95: 0 | AU95: 6 | AV95: 1 | AW95: 8 | AX95: 23 | AY95: 3 | AZ95: 0 | BA95: 0 | BB95: 0 | BC95: 9 | BD95: 0 | BE95: 5 | BF95: 3 | BG95: 0 | BH95: 0 | BI95: 30 | BJ95: 0 | BK95: 0 | BL95: 0 | BM95: 0 | BN95: 0
A96: 96156 | B96: TURIN MARQUETA SEMIAMARGA 1 KG | C96: 24 | D96: 162 | E96: EFFEM MEXICO INC. Y COMPAÑÍAS EN N.C DE CV | F96: 999 | G96: PRODUCTOS A ELIMINAR | H96: 291.06 | I96: 6985.44 | J96: =I96*K96 -> 0 | K96: =SUM(O96+T96+W96) -> 0 | M96: 0.19 | N96: 5.67 | P96: 0.02 | Q96: 0 | R96: =P96/30*8 -> 0.0053333333 | S96: =Q96-R96 -> -0.0053333333 | U96: 0 | V96: 0 | X96: 0 | Y96: 1455.3 | Z96: 39584.16 | AA96: 3 | AB96: 2 | AC96: 0 | AD96: 1 | AE96: 136 | AF96: 0 | AG96: 0 | AH96: 0 | AI96: 0 | AJ96: 0 | AK96: 0 | AL96: 0 | AM96: 0 | AN96: 0 | AO96: 0 | AP96: 0 | AQ96: 0 | AR96: 0 | AS96: 0 | AT96: 0 | AU96: 0 | AV96: 0 | AW96: 0 | AX96: 1 | AY96: 0 | AZ96: 0 | BA96: 0 | BB96: 0 | BC96: 0 | BD96: 0 | BE96: 0 | BF96: 0 | BG96: 0 | BH96: 0 | BI96: 0 | BJ96: 0 | BK96: 0 | BL96: 0 | BM96: 0 | BN96: 0
... A160: 6025 | B160: * IND CHOC CONEJO BLS (20GR) | C160: 144 | D160: 162 | E160: EFFEM MEXICO INC. Y COMPAÑÍAS EN N.C DE CV | F160: 999 | G160: PRODUCTOS A ELIMINAR | H160: 6.5738 | I160: 946.6272 | J160: =I160*K160 -> 0 | K160: =SUM(O160+T160+W160) -> 0 | M160: 0 | N160: 0 | P160: 0 | Q160: 0 | R160: =P160/30*8 -> 0 | S160: =Q160-R160 -> 0 | U160: 0 | V160: 0 | X160: 0 | Y160: 0 | Z160: 0 | AA160: 0 | AB160: 0 | AC160: 0 | AD160: 0 | AE160: 0 | AF160: 0 | AG160: 0 | AH160: 0 | AI160: 0 | AJ160: 0 | AK160: 0 | AL160: 0 | AM160: 0 | AN160: 0 | AO160: 0 | AP160: 0 | AQ160: 0 | AR160: 0 | AS160: 0 | AT160: 0 | AU160: 0 | AV160: 0 | AW160: 0 | AX160: 0 | AY160: 0 | AZ160: 0 | BA160: 0 | BB160: 0 | BC160: 0 | BD160: 0 | BE160: 0 | BF160: 0 | BG160: 0 | BH160: 0 | BI160: 0 | BJ160: 0 | BK160: 0 | BL160: 0 | BM160: 0 | BN160: 0
A161: 6028 | B161: 6028 | C161: 20 | D161: 162 | E161: EFFEM MEXICO INC. Y COMPAÑÍAS EN N.C DE CV | F161: 999 | G161: PRODUCTOS A ELIMINAR | H161: 28.5572 | I161: 571.144 | J161: =I161*K161 -> 0 | K161: =SUM(O161+T161+W161) -> 0 | M161: 0 | N161: 0 | P161: 0 | Q161: 0 | R161: =P161/30*8 -> 0 | S161: =Q161-R161 -> 0 | U161: 0 | V161: 0 | X161: 0 | Y161: 0 | Z161: 0 | AA161: 0 | AB161: 0 | AC161: 0 | AD161: 0 | AE161: 0 | AF161: 0 | AG161: 0 | AH161: 0 | AI161: 0 | AJ161: 0 | AK161: 0 | AL161: 0 | AM161: 0 | AN161: 0 | AO161: 0 | AP161: 0 | AQ161: 0 | AR161: 0 | AS161: 0 | AT161: 0 | AU161: 0 | AV161: 0 | AW161: 0 | AX161: 0 | AY161: 0 | AZ161: 0 | BA161: 0 | BB161: 0 | BC161: 0 | BD161: 0 | BE161: 0 | BF161: 0 | BG161: 0 | BH161: 0 | BI161: 0 | BJ161: 0 | BK161: 0 | BL161: 0 | BM161: 0 | BN161: 0
A162: 6037 | B162: CHOC M&M PLAIN MEGA BAG 120 GR | C162: 12 | D162: 162 | E162: EFFEM MEXICO INC. Y COMPAÑÍAS EN N.C DE CV | F162: 558 | G162: CHOCOLATES | H162: 40.905 | I162: 490.86 | J162: =I162*K162 -> 0 | K162: =SUM(O162+T162+W162) -> 0 | M162: 0 | N162: 0 | P162: 0 | Q162: 0 | R162: =P162/30*8 -> 0 | S162: =Q162-R162 -> 0 | U162: 0 | V162: 0 | X162: 0 | Y162: 0 | Z162: 0 | AA162: 0 | AB162: 0 | AC162: 0 | AD162: 0 | AE162: 0 | AF162: 0 | AG162: 0 | AH162: 0 | AI162: 0 | AJ162: 0 | AK162: 0 | AL162: 0 | AM162: 0 | AN162: 0 | AO162: 0 | AP162: 0 | AQ162: 0 | AR162: 0 | AS162: 0 | AT162: 0 | AU162: 0 | AV162: 0 | AW162: 0 | AX162: 0 | AY162: 0 | AZ162: 0 | BA162: 0 | BB162: 0 | BC162: 0 | BD162: 0 | BE162: 0 | BF162: 0 | BG162: 0 | BH162: 0 | BI162: 0 | BJ162: 0 | BK162: 0 | BL162: 0 | BM162: 0 | BN162: 0
A163: 6039 | B163: CHOC M&M PEANUT MEGA BAG 120 GR | C163: 12 | D163: 162 | E163: EFFEM MEXICO INC. Y COMPAÑÍAS EN N.C DE CV | F163: 558 | G163: CHOCOLATES | H163: 40.905 | I163: 490.86 | J163: =I163*K163 -> 0 | K163: =SUM(O163+T163+W163) -> 0 | M163: 0 | N163: 0 | P163: 0 | Q163: 0 | R163: =P163/30*8 -> 0 | S163: =Q163-R163 -> 0 | U163: 0 | V163: 0 | X163: 0 | Y163: 0 | Z163: 0 | AA163: 0 | AB163: 0 | AC163: 0 | AD163: 0 | AE163: 0 | AF163: 0 | AG163: 0 | AH163: 0 | AI163: 0 | AJ163: 0 | AK163: 0 | AL163: 0 | AM163: 0 | AN163: 0 | AO163: 0 | AP163: 0 | AQ163: 0 | AR163: 0 | AS163: 0 | AT163: 0 | AU163: 0 | AV163: 0 | AW163: 0 | AX163: 0 | AY163: 0 | AZ163: 0 | BA163: 0 | BB163: 0 | BC163: 0 | BD163: 0 | BE163: 0 | BF163: 0 | BG163: 0 | BH163: 0 | BI163: 0 | BJ163: 0 | BK163: 0 | BL163: 0 | BM163: 0 | BN163: 0
A164: 6046 | B164: * DESC CHOC CAJITA MINIS 26.5 GR /2 MARS | C164: 24 | D164: 162 | E164: EFFEM MEXICO INC. Y COMPAÑÍAS EN N.C DE CV | F164: 999 | G164: PRODUCTOS A ELIMINAR | H164: 15.2808 | I164: 366.7392 | J164: =I164*K164 -> 0 | K164: =SUM(O164+T164+W164) -> 0 | M164: 0 | N164: 0 | P164: 0 | Q164: 0 | R164: =P164/30*8 -> 0 | S164: =Q164-R164 -> 0 | U164: 0 | V164: 0 | X164: 0 | Y164: 0 | Z164: 0 | AA164: 0 | AB164: 0 | AC164: 0 | AD164: 0 | AE164: 0 | AF164: 0 | AG164: 0 | AH164: 0 | AI164: 0 | AJ164: 0 | AK164: 0 | AL164: 0 | AM164: 0 | AN164: 0 | AO164: 0 | AP164: 0 | AQ164: 0 | AR164: 0 | AS164: 0 | AT164: 0 | AU164: 0 | AV164: 0 | AW164: 0 | AX164: 0 | AY164: 0 | AZ164: 0 | BA164: 0 | BB164: 0 | BC164: 0 | BD164: 0 | BE164: 0 | BF164: 0 | BG164: 0 | BH164: 0 | BI164: 0 | BJ164: 0 | BK164: 0 | BL164: 0 | BM164: 0 | BN164: 0
A165: 6048 | B165: * CHOC TUBO 70% CACAO 175GR / 1 TURIN | C165: 6 | D165: 162 | E165: EFFEM MEXICO INC. Y COMPAÑÍAS EN N.C DE CV | F165: 999 | G165: PRODUCTOS A ELIMINAR | H165: 104.772 | I165: 628.632 | J165: =I165*K165 -> 0 | K165: =SUM(O165+T165+W165) -> 0 | M165: 0 | N165: 0 | P165: 0 | Q165: 0 | R165: =P165/30*8 -> 0 | S165: =Q165-R165 -> 0 | U165: 0 | V165: 0 | X165: 0 | Y165: 0 | Z165: 0 | AA165: 0 | AB165: 0 | AC165: 0 | AD165: 0 | AE165: 0 | AF165: 0 | AG165: 0 | AH165: 0 | AI165: 0 | AJ165: 0 | AK165: 0 | AL165: 0 | AM165: 0 | AN165: 0 | AO165: 0 | AP165: 0 | AQ165: 0 | AR165: 0 | AS165: 0 | AT165: 0 | AU165: 0 | AV165: 0 | AW165: 0 | AX165: 0 | AY165: 0 | AZ165: 0 | BA165: 0 | BB165: 0 | BC165: 0 | BD165: 0 | BE165: 0 | BF165: 0 | BG165: 0 | BH165: 0 | BI165: 0 | BJ165: 0 | BK165: 0 | BL165: 0 | BM165: 0 | BN165: 0
A166: 6049 | B166: * DESCONTINUADO | C166: 18 | D166: 162 | E166: EFFEM MEXICO INC. Y COMPAÑÍAS EN N.C DE CV | F166: 999 | G166: PRODUCTOS A ELIMINAR | H166: 7.508 | I166: 135.144 | J166: =I166*K166 -> 0 | K166: =SUM(O166+T166+W166) -> 0 | M166: 0 | N166: 0 | P166: 0 | Q166: 0 | R166: =P166/30*8 -> 0 | S166: =Q166-R166 -> 0 | U166: 0 | V166: 0 | X166: 0 | Y166: 0 | Z166: 0 | AA166: 0 | AB166: 0 | AC166: 0 | AD166: 0 | AE166: 0 | AF166: 0 | AG166: 0 | AH166: 0 | AI166: 0 | AJ166: 0 | AK166: 0 | AL166: 0 | AM166: 0 | AN166: 0 | AO166: 0 | AP166: 0 | AQ166: 0 | AR166: 0 | AS166: 0 | AT166: 0 | AU166: 0 | AV166: 0 | AW166: 0 | AX166: 0 | AY166: 0 | AZ166: 0 | BA166: 0 | BB166: 0 | BC166: 0 | BD166: 0 | BE166: 0 | BF166: 0 | BG166: 0 | BH166: 0 | BI166: 0 | BJ166: 0 | BK166: 0 | BL166: 0 | BM166: 0 | BN166: 0
A167: 6050 | B167: CHOC TURIN AMARGO 70% CACAO 100GR/1 | C167: 12 | D167: 162 | E167: EFFEM MEXICO INC. Y COMPAÑÍAS EN N.C DE CV | F167: 123 | G167: CHOCOLATES TURIN S.A. DE C.V. | H167: 43.3952 | I167: 520.7424 | J167: =I167*K167 -> 0 | K167: =SUM(O167+T167+W167) -> 0 | M167: 0 | N167: 0 | P167: 0 | Q167: 0 | R167: =P167/30*8 -> 0 | S167: =Q167-R167 -> 0 | U167: 0 | V167: 0 | X167: 0 | Y167: 0 | Z167: 0 | AA167: 0 | AB167: 0 | AC167: 0 | AD167: 0 | AE167: 0 | AF167: 0 | AG167: 0 | AH167: 0 | AI167: 0 | AJ167: 0 | AK167: 0 | AL167: 0 | AM167: 0 | AN167: 0 | AO167: 0 | AP167: 0 | AQ167: 0 | AR167: 0 | AS167: 0 | AT167: 0 | AU167: 0 | AV167: 0 | AW167: 0 | AX167: 0 | AY167: 0 | AZ167: 0 | BA167: 0 | BB167: 0 | BC167: 0 | BD167: 0 | BE167: 0 | BF167: 0 | BG167: 0 | BH167: 0 | BI167: 0 | BJ167: 0 | BK167: 0 | BL167: 0 | BM167: 0 | BN167: 0
A168: 6051 | B168: * DESCONTINUADO | C168: 12 | D168: 162 | E168: EFFEM MEXICO INC. Y COMPAÑÍAS EN N.C DE CV | F168: 999 | G168: PRODUCTOS A ELIMINAR | H168: 37.84 | I168: 454.08 | J168: =I168*K168 -> 0 | K168: =SUM(O168+T168+W168) -> 0 | M168: 0 | N168: 0 | P168: 0 | Q168: 0 | R168: =P168/30*8 -> 0 | S168: =Q168-R168 -> 0 | U168: 0 | V168: 0 | X168: 0 | Y168: 0 | Z168: 0 | AA168: 0 | AB168: 0 | AC168: 0 | AD168: 0 | AE168: 0 | AF168: 0 | AG168: 0 | AH168: 0 | AI168: 0 | AJ168: 0 | AK168: 0 | AL168: 0 | AM168: 0 | AN168: 0 | AO168: 0 | AP168: 0 | AQ168: 0 | AR168: 0 | AS168: 0 | AT168: 0 | AU168: 0 | AV168: 0 | AW168: 0 | AX168: 0 | AY168: 0 | AZ168: 0 | BA168: 0 | BB168: 0 | BC168: 0 | BD168: 0 | BE168: 0 | BF168: 0 | BG168: 0 | BH168: 0 | BI168: 0 | BJ168: 0 | BK168: 0 | BL168: 0 | BM168: 0 | BN168: 0
A169: 6052 | B169: * DESCONTINUADO | C169: 6 | D169: 162 | E169: EFFEM MEXICO INC. Y COMPAÑÍAS EN N.C DE CV | F169: 999 | G169: PRODUCTOS A ELIMINAR | H169: 15.873 | I169: 95.238 | J169: =I169*K169 -> 0 | K169: =SUM(O169+T169+W169) -> 0 | M169: 0 | N169: 0 | P169: 0 | Q169: 0 | R169: =P169/30*8 -> 0 | S169: =Q169-R169 -> 0 | T169: =P169-Q169 -> 0 | U169: 0 | V169: 0 | X169: 0 | Y169: 0 | Z169: 0 | AA169: 0 | AB169: 0 | AC169: 0 | AD169: 0 | AE169: 0 | AF169: 0 | AG169: 0 | AH169: 0 | AI169: 0 | AJ169: 0 | AK169: 0 | AL169: 0 | AM169: 0 | AN169: 0 | AO169: 0 | AP169: 0 | AQ169: 0 | AR169: 0 | AS169: 0 | AT169: 0 | AU169: 0 | AV169: 0 | AW169: 0 | AX169: 0 | AY169: 0 | AZ169: 0 | BA169: 0 | BB169: 0 | BC169: 0 | BD169: 0 | BE169: 0 | BF169: 0 | BG169: 0 | BH169: 0 | BI169: 0 | BJ169: 0 | BK169: 0 | BL169: 0 | BM169: 0 | BN169: 0
A170: 6053 | B170: * DESCONTINUADO | C170: 5 | D170: 162 | E170: EFFEM MEXICO INC. Y COMPAÑÍAS EN N.C DE CV | F170: 999 | G170: PRODUCTOS A ELIMINAR | H170: 63.5269 | I170: 317.6345 | J170: =I170*K170 -> 0 | K170: =SUM(O170+T170+W170) -> 0 | M170: 0 | N170: 0 | P170: 0 | Q170: 0 | R170: =P170/30*8 -> 0 | S170: =Q170-R170 -> 0 | T170: =P170-Q170 -> 0 | U170: 0 | V170: 0 | X170: 0 | Y170: 0 | Z170: 0 | AA170: 0 | AB170: 0 | AC170: 0 | AD170: 0 | AE170: 0 | AF170: 0 | AG170: 0 | AH170: 0 | AI170: 0 | AJ170: 0 | AK170: 0 | AL170: 0 | AM170: 0 | AN170: 0 | AO170: 0 | AP170: 0 | AQ170: 0 | AR170: 0 | AS170: 0 | AT170: 0 | AU170: 0 | AV170: 0 | AW170: 0 | AX170: 0 | AY170: 0 | AZ170: 0 | BA170: 0 | BB170: 0 | BC170: 0 | BD170: 0 | BE170: 0 | BF170: 0 | BG170: 0 | BH170: 0 | BI170: 0 | BJ170: 0 | BK170: 0 | BL170: 0 | BM170: 0 | BN170: 0
A171: 6054 | B171: CHOC TURIN ZERO SUGAR ALMENDRA 324GR | C171: 4 | D171: 162 | E171: EFFEM MEXICO INC. Y COMPAÑÍAS EN N.C DE CV | F171: 123 | G171: CHOCOLATES TURIN S.A. DE C.V. | H171: 173.5809 | I171: 694.3236 | J171: =I171*K171 -> 0 | K171: =SUM(O171+T171+W171) -> 0 | M171: 0 | N171: 0 | P171: 0 | Q171: 0 | R171: =P171/30*8 -> 0 | S171: =Q171-R171 -> 0 | T171: =P171-Q171 -> 0 | U171: 0 | V171: 0 | X171: 0 | Y171: 0 | Z171: 0 | AA171: 0 | AB171: 0 | AC171: 0 | AD171: 0 | AE171: 0 | AF171: 0 | AG171: 0 | AH171: 0 | AI171: 0 | AJ171: 0 | AK171: 0 | AL171: 0 | AM171: 0 | AN171: 0 | AO171: 0 | AP171: 0 | AQ171: 0 | AR171: 0 | AS171: 0 | AT171: 0 | AU171: 0 | AV171: 0 | AW171: 0 | AX171: 0 | AY171: 0 | AZ171: 0 | BA171: 0 | BB171: 0 | BC171: 0 | BD171: 0 | BE171: 0 | BF171: 0 | BG171: 0 | BH171: 0 | BI171: 0 | BJ171: 0 | BK171: 0 | BL171: 0 | BM171: 0 | BN171: 0
A172: 6055 | B172: * DESCONTINUADO | C172: 16 | D172: 162 | E172: EFFEM MEXICO INC. Y COMPAÑÍAS EN N.C DE CV | F172: 999 | G172: PRODUCTOS A ELIMINAR | H172: 18 | I172: 288 | J172: =I172*K172 -> 0 | K172: =SUM(O172+T172+W172) -> 0 | M172: 0 | N172: 0 | P172: 0 | Q172: 0 | R172: =P172/30*8 -> 0 | S172: =Q172-R172 -> 0 | T172: =P172-Q172 -> 0 | U172: 0 | V172: 0 | X172: 0 | Y172: 0 | Z172: 0 | AA172: 0 | AB172: 0 | AC172: 0 | AD172: 0 | AE172: 0 | AF172: 0 | AG172: 0 | AH172: 0 | AI172: 0 | AJ172: 0 | AK172: 0 | AL172: 0 | AM172: 0 | AN172: 0 | AO172: 0 | AP172: 0 | AQ172: 0 | AR172: 0 | AS172: 0 | AT172: 0 | AU172: 0 | AV172: 0 | AW172: 0 | AX172: 0 | AY172: 0 | AZ172: 0 | BA172: 0 | BB172: 0 | BC172: 0 | BD172: 0 | BE172: 0 | BF172: 0 | BG172: 0 | BH172: 0 | BI172: 0 | BJ172: 0 | BK172: 0 | BL172: 0 | BM172: 0 | BN172: 0
A173: 6056 | B173: * DESCONTINUADO | C173: 12 | D173: 162 | E173: EFFEM MEXICO INC. Y COMPAÑÍAS EN N.C DE CV | F173: 999 | G173: PRODUCTOS A ELIMINAR | H173: 18.199 | I173: 218.388 | J173: =I173*K173 -> 0 | K173: =SUM(O173+T173+W173) -> 0 | M173: 0 | N173: 0 | P173: 0 | Q173: 0 | R173: =P173/30*8 -> 0 | S173: =Q173-R173 -> 0 | T173: =P173-Q173 -> 0 | U173: 0 | V173: 0 | X173: 0 | Y173: 0 | Z173: 0 | AA173: 0 | AB173: 0 | AC173: 0 | AD173: 0 | AE173: 0 | AF173: 0 | AG173: 0 | AH173: 0 | AI173: 0 | AJ173: 0 | AK173: 0 | AL173: 0 | AM173: 0 | AN173: 0 | AO173: 0 | AP173: 0 | AQ173: 0 | AR173: 0 | AS173: 0 | AT173: 0 | AU173: 0 | AV173: 0 | AW173: 0 | AX173: 0 | AY173: 0 | AZ173: 0 | BA173: 0 | BB173: 0 | BC173: 0 | BD173: 0 | BE173: 0 | BF173: 0 | BG173: 0 | BH173: 0 | BI173: 0 | BJ173: 0 | BK173: 0 | BL173: 0 | BM173: 0 | BN173: 0
A174: 6057 | B174: CHOC ZERO SUGAR MASTERPIECES 120GR | C174: 8 | D174: 162 | E174: EFFEM MEXICO INC. Y COMPAÑÍAS EN N.C DE CV | F174: 123 | G174: CHOCOLATES TURIN S.A. DE C.V. | H174: 83.48 | I174: 667.84 | J174: =I174*K174 -> 0 | K174: =SUM(O174+T174+W174) -> 0 | M174: 0 | N174: 0 | P174: 0 | Q174: 0 | R174: =P174/30*8 -> 0 | S174: =Q174-R174 -> 0 | T174: =P174-Q174 -> 0 | U174: 0 | V174: 0 | X174: 0 | Y174: 0 | Z174: 0 | AA174: 0 | AB174: 0 | AC174: 0 | AD174: 0 | AE174: 0 | AF174: 0 | AG174: 0 | AH174: 0 | AI174: 0 | AJ174: 0 | AK174: 0 | AL174: 0 | AM174: 0 | AN174: 0 | AO174: 0 | AP174: 0 | AQ174: 0 | AR174: 0 | AS174: 0 | AT174: 0 | AU174: 0 | AV174: 0 | AW174: 0 | AX174: 0 | AY174: 0 | AZ174: 0 | BA174: 0 | BB174: 0 | BC174: 0 | BD174: 0 | BE174: 0 | BF174: 0 | BG174: 0 | BH174: 0 | BI174: 0 | BJ174: 0 | BK174: 0 | BL174: 0 | BM174: 0 | BN174: 0
A175: 6058 | B175: * DESCONTINUADO | C175: 6 | D175: 162 | E175: EFFEM MEXICO INC. Y COMPAÑÍAS EN N.C DE CV | F175: 999 | G175: PRODUCTOS A ELIMINAR | H175: 50.123 | I175: 300.738 | J175: =I175*K175 -> 0 | K175: =SUM(O175+T175+W175) -> 0 | M175: 0 | N175: 0 | P175: 0 | Q175: 0 | R175: =P175/30*8 -> 0 | S175: =Q175-R175 -> 0 | T175: =P175-Q175 -> 0 | U175: 0 | V175: 0 | X175: 0 | Y175: 0 | Z175: 0 | AA175: 0 | AB175: 0 | AC175: 0 | AD175: 0 | AE175: 0 | AF175: 0 | AG175: 0 | AH175: 0 | AI175: 0 | AJ175: 0 | AK175: 0 | AL175: 0 | AM175: 0 | AN175: 0 | AO175: 0 | AP175: 0 | AQ175: 0 | AR175: 0 | AS175: 0 | AT175: 0 | AU175: 0 | AV175: 0 | AW175: 0 | AX175: 0 | AY175: 0 | AZ175: 0 | BA175: 0 | BB175: 0 | BC175: 0 | BD175: 0 | BE175: 0 | BF175: 0 | BG175: 0 | BH175: 0 | BI175: 0 | BJ175: 0 | BK175: 0 | BL175: 0 | BM175: 0 | BN175: 0
A176: 6064 | B176: * DESCONTINUADO | C176: 16 | D176: 162 | E176: EFFEM MEXICO INC. Y COMPAÑÍAS EN N.C DE CV | F176: 999 | G176: PRODUCTOS A ELIMINAR | H176: 34.7911 | I176: 556.6576 | J176: =I176*K176 -> 0 | K176: =SUM(O176+T176+W176) -> 0 | M176: 0 | N176: 0 | P176: 0 | Q176: 0 | R176: =P176/30*8 -> 0 | S176: =Q176-R176 -> 0 | T176: =P176-Q176 -> 0 | U176: 0 | V176: 0 | X176: 0 | Y176: 0 | Z176: 0 | AA176: 0 | AB176: 0 | AC176: 0 | AD176: 0 | AE176: 0 | AF176: 0 | AG176: 0 | AH176: 0 | AI176: 0 | AJ176: 0 | AK176: 0 | AL176: 0 | AM176: 0 | AN176: 0 | AO176: 0 | AP176: 0 | AQ176: 0 | AR176: 0 | AS176: 0 | AT176: 0 | AU176: 0 | AV176: 0 | AW176: 0 | AX176: 0 | AY176: 0 | AZ176: 0 | BA176: 0 | BB176: 0 | BC176: 0 | BD176: 0 | BE176: 0 | BF176: 0 | BG176: 0 | BH176: 0 | BI176: 0 | BJ176: 0 | BK176: 0 | BL176: 0 | BM176: 0 | BN176: 0
A177: 6073 | B177: * DESC CHOC CAJA MARCO M&M (102GR)/1 | C177: 12 | D177: 162 | E177: EFFEM MEXICO INC. Y COMPAÑÍAS EN N.C DE CV | F177: 999 | G177: PRODUCTOS A ELIMINAR | H177: 46.5316 | I177: 558.3792 | J177: =I177*K177 -> 0 | K177: =SUM(O177+T177+W177) -> 0 | M177: 0 | N177: 0 | P177: 0 | Q177: 0 | R177: =P177/30*8 -> 0 | S177: =Q177-R177 -> 0 | T177: =P177-Q177 -> 0 | U177: 0 | V177: 0 | X177: 0 | Y177: 0 | Z177: 0 | AA177: 0 | AB177: 0 | AC177: 0 | AD177: 0 | AE177: 0 | AF177: 0 | AG177: 0 | AH177: 0 | AI177: 0 | AJ177: 0 | AK177: 0 | AL177: 0 | AM177: 0 | AN177: 0 | AO177: 0 | AP177: 0 | AQ177: 0 | AR177: 0 | AS177: 0 | AT177: 0 | AU177: 0 | AV177: 0 | AW177: 0 | AX177: 0 | AY177: 0 | AZ177: 0 | BA177: 0 | BB177: 0 | BC177: 0 | BD177: 0 | BE177: 0 | BF177: 0 | BG177: 0 | BH177: 0 | BI177: 0 | BJ177: 0 | BK177: 0 | BL177: 0 | BM177: 0 | BN177: 0
A178: 6078 | B178: * DESC CHOC BAILEYS G15 (150G) /1 TURIN | C178: 6 | D178: 162 | E178: EFFEM MEXICO INC. Y COMPAÑÍAS EN N.C DE CV | F178: 999 | G178: PRODUCTOS A ELIMINAR | H178: 78.313 | I178: 469.878 | J178: =I178*K178 -> 0 | K178: =SUM(O178+T178+W178) -> 0 | M178: 0 | N178: 0 | P178: 0 | Q178: 0 | R178: =P178/30*8 -> 0 | S178: =Q178-R178 -> 0 | T178: =P178-Q178 -> 0 | U178: 0 | V178: 0 | X178: 0 | Y178: 0 | Z178: 0 | AA178: 0 | AB178: 0 | AC178: 0 | AD178: 0 | AE178: 0 | AF178: 0 | AG178: 0 | AH178: 0 | AI178: 0 | AJ178: 0 | AK178: 0 | AL178: 0 | AM178: 0 | AN178: 0 | AO178: 0 | AP178: 0 | AQ178: 0 | AR178: 0 | AS178: 0 | AT178: 0 | AU178: 0 | AV178: 0 | AW178: 0 | AX178: 0 | AY178: 0 | AZ178: 0 | BA178: 0 | BB178: 0 | BC178: 0 | BD178: 0 | BE178: 0 | BF178: 0 | BG178: 0 | BH178: 0 | BI178: 0 | BJ178: 0 | BK178: 0 | BL178: 0 | BM178: 0 | BN178: 0
A179: 6079 | B179: * DESC CHOC JOSE CUERVO G15 (150GR) / 1 T | C179: 6 | D179: 162 | E179: EFFEM MEXICO INC. Y COMPAÑÍAS EN N.C DE CV | F179: 998 | G179: PRODUCTOS CON BAJA ROTACION | H179: 78.31 | I179: 469.86 | J179: =I179*K179 -> 0 | K179: =SUM(O179+T179+W179) -> 0 | M179: 0 | N179: 0 | P179: 0 | Q179: 0 | R179: =P179/30*8 -> 0 | S179: =Q179-R179 -> 0 | T179: =P179-Q179 -> 0 | U179: 0 | V179: 0 | X179: 0 | Y179: 0 | Z179: 0 | AA179: 0 | AB179: 0 | AC179: 0 | AD179: 0 | AE179: 0 | AF179: 0 | AG179: 0 | AH179: 0 | AI179: 0 | AJ179: 0 | AK179: 0 | AL179: 0 | AM179: 0 | AN179: 0 | AO179: 0 | AP179: 0 | AQ179: 0 | AR179: 0 | AS179: 0 | AT179: 0 | AU179: 0 | AV179: 0 | AW179: 0 | AX179: 0 | AY179: 0 | AZ179: 0 | BA179: 0 | BB179: 0 | BC179: 0 | BD179: 0 | BE179: 0 | BF179: 0 | BG179: 0 | BH179: 0 | BI179: 0 | BJ179: 0 | BK179: 0 | BL179: 0 | BM179: 0 | BN179: 0
A180: 6082 | B180: CAJA REGALO SNK-MW 70GR/ MARS | C180: 12 | D180: 162 | E180: EFFEM MEXICO INC. Y COMPAÑÍAS EN N.C DE CV | F180: 28 | G180: NAVIDAD | H180: 31.7952 | I180: 381.5424 | J180: =I180*K180 -> 0 | K180: =SUM(O180+T180+W180) -> 0 | M180: 0 | N180: 0 | P180: 0 | Q180: 0 | R180: =P180/30*8 -> 0 | S180: =Q180-R180 -> 0 | T180: =P180-Q180 -> 0 | U180: 0 | V180: 0 | X180: 0 | Y180: 0 | Z180: 0 | AA180: 0 | AB180: 0 | AC180: 0 | AD180: 0 | AE180: 0 | AF180: 0 | AG180: 0 | AH180: 0 | AI180: 0 | AJ180: 0 | AK180: 0 | AL180: 0 | AM180: 0 | AN180: 0 | AO180: 0 | AP180: 0 | AQ180: 0 | AR180: 0 | AS180: 0 | AT180: 0 | AU180: 0 | AV180: 0 | AW180: 0 | AX180: 0 | AY180: 0 | AZ180: 0 | BA180: 0 | BB180: 0 | BC180: 0 | BD180: 0 | BE180: 0 | BF180: 0 | BG180: 0 | BH180: 0 | BI180: 0 | BJ180: 0 | BK180: 0 | BL180: 0 | BM180: 0 | BN180: 0
... A191: 6521 | B191: * DESCONTINUADO | C191: 24 | D191: 162 | E191: EFFEM MEXICO INC. Y COMPAÑÍAS EN N.C DE CV | F191: 999 | G191: PRODUCTOS A ELIMINAR | H191: 65.92 | I191: 1582.08 | J191: =I191*K191 -> 0 | K191: =SUM(O191+T191+W191) -> 0 | M191: 0 | N191: 0 | P191: 0 | Q191: 0 | R191: =P191/30*8 -> 0 | S191: =Q191-R191 -> 0 | T191: =P191-Q191 -> 0 | U191: 0 | V191: 0 | X191: 0 | Y191: 0 | Z191: 0 | AA191: 0 | AB191: 0 | AC191: 0 | AD191: 0 | AE191: 0 | AF191: 0 | AG191: 0 | AH191: 0 | AI191: 0 | AJ191: 0 | AK191: 0 | AL191: 0 | AM191: 0 | AN191: 0 | AO191: 0 | AP191: 0 | AQ191: 0 | AR191: 0 | AS191: 0 | AT191: 0 | AU191: 0 | AV191: 0 | AW191: 0 | AX191: 0 | AY191: 0 | AZ191: 0 | BA191: 0 | BB191: 0 | BC191: 0 | BD191: 0 | BE191: 0 | BF191: 0 | BG191: 0 | BH191: 0 | BI191: 0 | BJ191: 0 | BK191: 0 | BL191: 0 | BM191: 0 | BN191: 0
A192: 6522 | B192: * DESCONTINUADO | C192: 24 | D192: 162 | E192: EFFEM MEXICO INC. Y COMPAÑÍAS EN N.C DE CV | F192: 999 | G192: PRODUCTOS A ELIMINAR | H192: 67.78 | I192: 1626.72 | J192: =I192*K192 -> 0 | K192: =SUM(O192+T192+W192) -> 0 | M192: 0 | N192: 0 | P192: 0 | Q192: 0 | R192: =P192/30*8 -> 0 | S192: =Q192-R192 -> 0 | T192: =P192-Q192 -> 0 | U192: 0 | V192: 0 | W192: =U192-V192 -> 0 | X192: 0 | Y192: 0 | Z192: 0 | AA192: 0 | AB192: 0 | AC192: 0 | AD192: 0 | AE192: 0 | AF192: 0 | AG192: 0 | AH192: 0 | AI192: 0 | AJ192: 0 | AK192: 0 | AL192: 0 | AM192: 0 | AN192: 0 | AO192: 0 | AP192: 0 | AQ192: 0 | AR192: 0 | AS192: 0 | AT192: 0 | AU192: 0 | AV192: 0 | AW192: 0 | AX192: 0 | AY192: 0 | AZ192: 0 | BA192: 0 | BB192: 0 | BC192: 0 | BD192: 0 | BE192: 0 | BF192: 0 | BG192: 0 | BH192: 0 | BI192: 0 | BJ192: 0 | BK192: 0 | BL192: 0 | BM192: 0 | BN192: 0
A193: 6523 | B193: * DESCONTINUADO | C193: 32 | D193: 162 | E193: EFFEM MEXICO INC. Y COMPAÑÍAS EN N.C DE CV | F193: 999 | G193: PRODUCTOS A ELIMINAR | H193: 62.82 | I193: 2010.24 | J193: =I193*K193 -> 0 | K193: =SUM(O193+T193+W193) -> 0 | M193: 0 | N193: 0 | P193: 0 | Q193: 0 | R193: =P193/30*8 -> 0 | S193: =Q193-R193 -> 0 | U193: 0 | V193: 0 | W193: =U193-V193 -> 0 | X193: 0 | Y193: 0 | Z193: 0 | AA193: 0 | AB193: 0 | AC193: 0 | AD193: 0 | AE193: 0 | AF193: 0 | AG193: 0 | AH193: 0 | AI193: 0 | AJ193: 0 | AK193: 0 | AL193: 0 | AM193: 0 | AN193: 0 | AO193: 0 | AP193: 0 | AQ193: 0 | AR193: 0 | AS193: 0 | AT193: 0 | AU193: 0 | AV193: 0 | AW193: 0 | AX193: 0 | AY193: 0 | AZ193: 0 | BA193: 0 | BB193: 0 | BC193: 0 | BD193: 0 | BE193: 0 | BF193: 0 | BG193: 0 | BH193: 0 | BI193: 0 | BJ193: 0 | BK193: 0 | BL193: 0 | BM193: 0 | BN193: 0
A194: 6888 | B194: * DESCONTINUADO | C194: 30 | D194: 162 | E194: EFFEM MEXICO INC. Y COMPAÑÍAS EN N.C DE CV | F194: 999 | G194: PRODUCTOS A ELIMINAR | H194: 16.3 | I194: 489 | J194: =I194*K194 -> 0 | K194: =SUM(O194+T194+W194) -> 0 | M194: 0 | N194: 0 | P194: 0 | Q194: 0 | R194: =P194/30*8 -> 0 | S194: =Q194-R194 -> 0 | U194: 0 | V194: 0 | W194: =U194-V194 -> 0 | X194: 0 | Y194: 0 | Z194: 0 | AA194: 0 | AB194: 0 | AC194: 0 | AD194: 0 | AE194: 0 | AF194: 0 | AG194: 0 | AH194: 0 | AI194: 0 | AJ194: 0 | AK194: 0 | AL194: 0 | AM194: 0 | AN194: 0 | AO194: 0 | AP194: 0 | AQ194: 0 | AR194: 0 | AS194: 0 | AT194: 0 | AU194: 0 | AV194: 0 | AW194: 0 | AX194: 0 | AY194: 0 | AZ194: 0 | BA194: 0 | BB194: 0 | BC194: 0 | BD194: 0 | BE194: 0 | BF194: 0 | BG194: 0 | BH194: 0 | BI194: 0 | BJ194: 0 | BK194: 0 | BL194: 0 | BM194: 0 | BN194: 0
A195: 40473 | B195: CH BUBBLE SPLASH TUTTI FRUTTI/45 | C195: 24 | D195: 162 | E195: EFFEM MEXICO INC. Y COMPAÑÍAS EN N.C DE CV | F195: 999 | G195: PRODUCTOS A ELIMINAR | H195: 44.7528 | I195: 1074.0672 | J195: =I195*K195 -> 0 | K195: =SUM(O195+T195+W195) -> 0 | M195: 0 | N195: 0 | P195: 0 | Q195: 0 | R195: =P195/30*8 -> 0 | S195: =Q195-R195 -> 0 | U195: 0 | V195: 0 | W195: =U195-V195 -> 0 | X195: 0 | Y195: 0 | Z195: 0 | AA195: 0 | AB195: 0 | AC195: 0 | AD195: 0 | AE195: 0 | AF195: 0 | AG195: 0 | AH195: 0 | AI195: 0 | AJ195: 0 | AK195: 0 | AL195: 0 | AM195: 0 | AN195: 0 | AO195: 0 | AP195: 0 | AQ195: 0 | AR195: 0 | AS195: 0 | AT195: 0 | AU195: 0 | AV195: 0 | AW195: 0 | AX195: 0 | AY195: 0 | AZ195: 0 | BA195: 0 | BB195: 0 | BC195: 0 | BD195: 0 | BE195: 0 | BF195: 0 | BG195: 0 | BH195: 0 | BI195: 0 | BJ195: 0 | BK195: 0 | BL195: 0 | BM195: 0 | BN195: 0
A196: 40475 | B196: CH BUBBLE SPLASH FRESA /45 | C196: 24 | D196: 162 | E196: EFFEM MEXICO INC. Y COMPAÑÍAS EN N.C DE CV | F196: 998 | G196: PRODUCTOS CON BAJA ROTACION | H196: 44.7528 | I196: 1074.0672 | J196: =I196*K196 -> 0 | K196: =SUM(O196+T196+W196) -> 0 | M196: 0 | N196: 0 | P196: 0 | Q196: 0 | R196: =P196/30*8 -> 0 | S196: =Q196-R196 -> 0 | U196: 0 | V196: 0 | W196: =U196-V196 -> 0 | X196: 0 | Y196: 0 | Z196: 0 | AA196: 0 | AB196: 0 | AC196: 0 | AD196: 0 | AE196: 0 | AF196: 0 | AG196: 0 | AH196: 0 | AI196: 0 | AJ196: 0 | AK196: 0 | AL196: 0 | AM196: 0 | AN196: 0 | AO196: 0 | AP196: 0 | AQ196: 0 | AR196: 0 | AS196: 0 | AT196: 0 | AU196: 0 | AV196: 0 | AW196: 0 | AX196: 0 | AY196: 0 | AZ196: 0 | BA196: 0 | BB196: 0 | BC196: 0 | BD196: 0 | BE196: 0 | BF196: 0 | BG196: 0 | BH196: 0 | BI196: 0 | BJ196: 0 | BK196: 0 | BL196: 0 | BM196: 0 | BN196: 0
...

Sheet 230226
J1: =SUM(J3:J177) -> 1473589.6 | K1: =SUM(K3:K177) -> 800 | W1: =Y1/X1 -> 0.89437977 | X1: =SUM(X3:X177) -> 1915391.6 | Y1: =SUM(Y3:Y177) -> 1713087.5
A2: Articulo | B2: Nombre | C2: UXC | D2: Subfamilia | E2: SN | F2: Categoria | G2: CN | H2: CostoCIVA | I2: CostoXCaja | J2: $Pedido | K2: SumaPedido | N2: 10VentasG | O2: 10ExistenciaG | P2: PedidoLPD | Q2: 30VentasG | R2: 30ExistenciasG | S2: PedMorelia | T2: 50VentasG | U2: 50ExistenciaG | V2: PedidoZam | W2: ExCEDIS | X2: ValorVentaG | Y2: ValorExistenciaG | Z2: 10Actual15 | AA2: 10Actual30R | AB2: 10Anterior15 | AC2: 10Anterior30R | AD2: 10ExistenciaWC | AE2: 40Actual15 | AF2: 40Actual30R | AG2: 40Anterior15 | AH2: 40Anterior30R | AI2: 40ExistenciaWC | AJ2: 42Actual15 | AK2: 42Actual30R | AL2: 42Anterior15 | AM2: 42Anterior30R | AN2: 42ExistenciaWC | AO2: 44Actual15 | AP2: 44Actual30R | AQ2: 44Anterior15 | AR2: 44Anterior30R | AS2: 44ExistenciaWC | AT2: 30Actual15 | AU2: 30Actual30R | AV2: 30Anterior15 | AW2: 30Anterior30R | AX2: 30ExistenciaWC | AY2: 32Actual15 | AZ2: 32Actual30R | BA2: 32Anterior15 | BB2: 32Anterior30R | BC2: 32ExistenciaWC | BD2: 50Actual15 | BE2: 50Actual30R | BF2: 50Anterior15 | BG2: 50Anterior30R | BH2: 50ExistenciaWC | BI2: 54Actual15 | BJ2: 54Actual30R | BK2: 54Anterior15 | BL2: 54Anterior30R | BM2: 54ExistenciaWC
A3: 65124 | B3: SKWINKLES SALSAGHETI SANDIA/12 | C3: 20 | D3: 162 | E3: EFFEM MEXICO INC. Y COMPAÑÍAS EN N.C DE CV | F3: 807 | G3: MATRE MEXICO S DE RL DE CV | H3: 80.936 | I3: 1618.72 | J3: =K3*I3 -> 161872 | K3: =SUM(P3+S3+V3) -> 100 | N3: 46.65 | O3: 22.8 | P3: 40 | Q3: 38.42 | R3: 48.05 | S3: 20 | T3: 26.18 | U3: -5.25 | V3: 40 | W3: 0 | X3: 180082.6 | Y3: 106188.03 | Z3: 186 | AA3: 428 | AB3: 351 | AC3: 364 | AD3: 456 | AE3: 0 | AF3: 0 | AG3: 0 | AH3: 0 | AI3: 0 | AJ3: 0 | AK3: 0 | AL3: 0 | AM3: 0 | AN3: 0 | AO3: 0 | AP3: 0 | AQ3: 0 | AR3: 0 | AS3: 0 | AT3: 294 | AU3: 339 | AV3: 305 | AW3: 0 | AX3: 961 | AY3: 0 | AZ3: 0 | BA3: 0 | BB3: 0 | BC3: 0 | BD3: 129 | BE3: 289 | BF3: 106 | BG3: 288 | BH3: -105 | BI3: 0 | BJ3: 0 | BK3: 0 | BL3: 0 | BM3: 0
A4: 88124 | B4: CH ORBIT 4 S MENTA / 40 | C4: 24 | D4: 162 | E4: EFFEM MEXICO INC. Y COMPAÑÍAS EN N.C DE CV | F4: 974 | G4: CHICLES | H4: 76.9276 | I4: 1846.2624 | J4: =K4*I4 -> 55387.872 | K4: =SUM(P4+S4+V4) -> 30 | N4: 37.56 | O4: 25.88 | P4: 10 | Q4: 26.5 | R4: 33.5 | S4: 10 | T4: 8.42 | U4: 2 | V4: 10 | W4: 0 | X4: 133815.56 | Y4: 113314.35 | Z4: 167 | AA4: 390 | AB4: 369 | AC4: 341 | AD4: 621 | AE4: 0 | AF4: 0 | AG4: 0 | AH4: 0 | AI4: 0 | AJ4: 0 | AK4: 0 | AL4: 0 | AM4: 0 | AN4: 0 | AO4: 0 | AP4: 0 | AQ4: 0 | AR4: 0 | AS4: 0 | AT4: 201 | AU4: 173 | AV4: 301 | AW4: 95 | AX4: 804 | AY4: 0 | AZ4: 0 | BA4: 0 | BB4: 0 | BC4: 0 | BD4: 57 | BE4: 47 | BF4: 58 | BG4: 127 | BH4: 48 | BI4: 0 | BJ4: 0 | BK4: 0 | BL4: 0 | BM4: 0
A5: 65133 | B5: PANZON LUCAS SANDIA CHAMOY /10 | C5: 24 | D5: 162 | E5: EFFEM MEXICO INC. Y COMPAÑÍAS EN N.C DE CV | F5: 807 | G5: MATRE MEXICO S DE RL DE CV | H5: 76.07 | I5: 1825.68 | J5: =K5*I5 -> 91284 | K5: =SUM(P5+S5+V5) -> 50 | N5: 22.02 | O5: 25.54 | P5: 10 | Q5: 31.42 | R5: 25.29 | S5: 20 | T5: 19.65 | U5: 3.21 | V5: 20 | W5: 0 | X5: 133426.78 | Y5: 98662.79 | Z5: 165 | AA5: 227 | AB5: 176 | AC5: 148 | AD5: 613 | AE5: 0 | AF5: 0 | AG5: 0 | AH5: 0 | AI5: 0 | AJ5: 0 | AK5: 0 | AL5: 0 | AM5: 0 | AN5: 0 | AO5: 0 | AP5: 0 | AQ5: 0 | AR5: 0 | AS5: 0 | AT5: 237 | AU5: 246 | AV5: 277 | AW5: 234 | AX5: 607 | AY5: 0 | AZ5: 0 | BA5: 0 | BB5: 0 | BC5: 0 | BD5: 186 | BE5: 209 | BF5: 101 | BG5: 160 | BH5: 77 | BI5: 0 | BJ5: 0 | BK5: 0 | BL5: 0 | BM5: 0
A6: 6001 | B6: CHOC SNICKERS /6 | C6: 32 | D6: 162 | E6: EFFEM MEXICO INC. Y COMPAÑÍAS EN N.C DE CV | F6: 558 | G6: CHOCOLATES | H6: 84.1675 | I6: 2693.36 | J6: =K6*I6 -> 80800.8 | K6: =SUM(P6+S6+V6) -> 30 | L6: 26 | M6: 4 | N6: 15.03 | O6: 9.44 | P6: 10 | Q6: 16.58 | R6: 30 | S6: =MAX(0,(TRUNC((Q6*0.8)-R6))) -> 0 | T6: 17.05 | U6: -0.38 | V6: 20 | W6: 0 | X6: 131048.8 | Y6: 105209.38 | Z6: 185 | AA6: 176 | AB6: 166 | AC6: 84 | AD6: 302 | AE6: 0 | AF6: 0 | AG6: 0 | AH6: 0 | AI6: 0 | AJ6: 0 | AK6: 0 | AL6: 0 | AM6: 0 | AN6: 0 | AO6: 0 | AP6: 0 | AQ6: 0 | AR6: 0 | AS6: 0 | AT6: 120 | AU6: 136 | AV6: 250 | AW6: 185 | AX6: 960 | AY6: 0 | AZ6: 0 | BA6: 0 | BB6: 0 | BC6: 0 | BD6: 154 | BE6: 205 | BF6: 205 | BG6: 168 | BH6: -12 | BI6: 0 | BJ6: 0 | BK6: 0 | BL6: 0 | BM6: 0
A7: 88102 | B7: CH ORBIT 4 S HIERBABUENA / 40 | C7: 24 | D7: 162 | E7: EFFEM MEXICO INC. Y COMPAÑÍAS EN N.C DE CV | F7: 974 | G7: CHICLES | H7: 76.9276 | I7: 1846.2624 | J7: =K7*I7 -> 129238.37 | K7: =SUM(P7+S7+V7) -> 70 | L7: 15 | M7: 55 | N7: 32.5 | O7: 2.79 | P7: 50 | Q7: 21.19 | R7: 19.5 | S7: 10 | T7: 7.04 | U7: 0.12 | V7: 10 | W7: 0 | X7: 112121.98 | Y7: 41387.05 | Z7: 256 | AA7: 288 | AB7: 271 | AC7: 218 | AD7: 67 | AE7: 0 | AF7: 0 | AG7: 0 | AH7: 0 | AI7: 0 | AJ7: 0 | AK7: 0 | AL7: 0 | AM7: 0 | AN7: 0 | AO7: 0 | AP7: 0 | AQ7: 0 | AR7: 0 | AS7: 0 | AT7: 185 | AU7: 130 | AV7: 210 | AW7: 97 | AX7: 468 | AY7: 0 | AZ7: 0 | BA7: 0 | BB7: 0 | BC7: 0 | BD7: 39 | BE7: 45 | BF7: 32 | BG7: 151 | BH7: 3 | BI7: 0 | BJ7: 0 | BK7: 0 | BL7: 0 | BM7: 0
A8: 65109 | B8: GUSANO LUCAS CHAMOY EXH /10 | C8: 30 | D8: 162 | E8: EFFEM MEXICO INC. Y COMPAÑÍAS EN N.C DE CV | F8: 807 | G8: MATRE MEXICO S DE RL DE CV | H8: 65.2744 | I8: 1958.232 | J8: =K8*I8 -> 97911.6 | K8: =SUM(P8+S8+V8) -> 50 | N8: 15.45 | O8: 3.07 | P8: 20 | Q8: 21.02 | R8: 28.1 | S8: 10 | T8: 16.15 | U8: -1.03 | V8: 20 | W8: 0 | X8: 103035.64 | Y8: 59008.06 | Z8: 133 | AA8: 184 | AB8: 180 | AC8: 117 | AD8: 92 | AE8: 0 | AF8: 0 | AG8: 0 | AH8: 0 | AI8: 0 | AJ8: 0 | AK8: 0 | AL8: 0 | AM8: 0 | AN8: 0 | AO8: 0 | AP8: 0 | AQ8: 0 | AR8: 0 | AS8: 0 | AT8: 179 | AU8: 206 | AV8: 232 | AW8: 233 | AX8: 843 | AY8: 0 | AZ8: 0 | BA8: 0 | BB8: 0 | BC8: 0 | BD8: 185 | BE8: 233 | BF8: 98 | BG8: 170 | BH8: -31 | BI8: 0 | BJ8: 0 | BK8: 0 | BL8: 0 | BM8: 0
A9: 88135 | B9: CH ORBIT 4 S POLAR MINT 4 S / 40 | C9: 24 | D9: 162 | E9: EFFEM MEXICO INC. Y COMPAÑÍAS EN N.C DE CV | F9: 974 | G9: CHICLES | H9: 76.9276 | I9: 1846.2624 | J9: =K9*I9 -> 92313.12 | K9: =SUM(P9+S9+V9) -> 50 | N9: 24.52 | O9: 4.83 | P9: 30 | Q9: 22.96 | R9: 31.96 | S9: 10 | T9: 6.31 | U9: 4.92 | V9: 10 | W9: 0 | X9: 99313.53 | Y9: 77004.53 | Z9: 228 | AA9: 152 | AB9: 189 | AC9: 191 | AD9: 116 | AE9: 0 | AF9: 0 | AG9: 0 | AH9: 0 | AI9: 0 | AJ9: 0 | AK9: 0 | AL9: 0 | AM9: 0 | AN9: 0 | AO9: 0 | AP9: 0 | AQ9: 0 | AR9: 0 | AS9: 0 | AT9: 139 | AU9: 105 | AV9: 275 | AW9: 169 | AX9: 767 | AY9: 0 | AZ9: 0 | BA9: 0 | BB9: 0 | BC9: 0 | BD9: 24 | BE9: 27 | BF9: 51 | BG9: 126 | BH9: 118 | BI9: 0 | BJ9: 0 | BK9: 0 | BL9: 0 | BM9: 0
A10: 6002 | B10: CHOC MILKY WAY /6 | C10: 32 | D10: 162 | E10: EFFEM MEXICO INC. Y COMPAÑÍAS EN N.C DE CV | F10: 558 | G10: CHOCOLATES | H10: 84.1675 | I10: 2693.36 | J10: =K10*I10 -> 26933.6 | K10: =SUM(P10+S10+V10) -> 10 | N10: 8 | O10: 8.44 | P10: 5 | Q10: 11.92 | R10: 30.22 | S10: =MAX(0,(TRUNC((Q10*0.8)-R10))) -> 0 | T10: 6.06 | U10: 5.22 | V10: 5 | W10: 0 | X10: 69985.28 | Y10: 118171.17 | Z10: 141 | AA10: 140 | AB10: 13 | AC10: 64 | AD10: 270 | AE10: 0 | AF10: 0 | AG10: 0 | AH10: 0 | AI10: 0 | AJ10: 0 | AK10: 0 | AL10: 0 | AM10: 0 | AN10: 0 | AO10: 0 | AP10: 0 | AQ10: 0 | AR10: 0 | AS10: 0 | AT10: 84 | AU10: 110 | AV10: 200 | AW10: 85 | AX10: 967 | AY10: 0 | AZ10: 0 | BA10: 0 | BB10: 0 | BC10: 0 | BD10: 114 | BE10: 98 | BF10: 15 | BG10: 32 | BH10: 167 | BI10: 0 | BJ10: 0 | BK10: 0 | BL10: 0 | BM10: 0
A11: 88158 | B11: CH ORBIT 4 S FRESA / 40 | C11: 24 | D11: 162 | E11: EFFEM MEXICO INC. Y COMPAÑÍAS EN N.C DE CV | F11: 974 | G11: CHICLES | H11: 76.9276 | I11: 1846.2624 | J11: =K11*I11 -> 92313.12 | K11: =SUM(P11+S11+V11) -> 50 | N11: 14.98 | O11: 12.96 | P11: 20 | Q11: 15.96 | R11: 17.04 | S11: 20 | T11: 6.04 | U11: 5.38 | V11: 10 | W11: 0 | X11: 68273.24 | Y11: 65311.53 | Z11: 149 | AA11: 118 | AB11: 95 | AC11: 113 | AD11: 311 | AE11: 0 | AF11: 0 | AG11: 0 | AH11: 0 | AI11: 0 | AJ11: 0 | AK11: 0 | AL11: 0 | AM11: 0 | AN11: 0 | AO11: 0 | AP11: 0 | AQ11: 0 | AR11: 0 | AS11: 0 | AT11: 110 | AU11: 95 | AV11: 161 | AW11: 129 | AX11: 409 | AY11: 0 | AZ11: 0 | BA11: 0 | BB11: 0 | BC11: 0 | BD11: 46 | BE11: 28 | BF11: 65 | BG11: 40 | BH11: 129 | BI11: 0 | BJ11: 0 | BK11: 0 | BL11: 0 | BM11: 0
A12: 65112 | B12: MUECAS LUCAS CHAMOY EXH /10 | C12: 24 | D12: 162 | E12: EFFEM MEXICO INC. Y COMPAÑÍAS EN N.C DE CV | F12: 807 | G12: MATRE MEXICO S DE RL DE CV | H12: 63.79 | I12: 1530.96 | J12: =K12*I12 -> 15309.6 | K12: =SUM(P12+S12+V12) -> 10 | N12: 10.96 | O12: 10.17 | P12: 5 | Q12: 18.4 | R12: 27.83 | S12: =MAX(0,(TRUNC((Q12*0.8)-R12))) -> 0 | T12: 5.04 | U12: 1.29 | V12: 5 | W12: 0 | X12: 52658.64 | Y12: 60153.97 | Z12: 72 | AA12: 115 | AB12: 82 | AC12: 103 | AD12: 244 | AE12: 0 | AF12: 0 | AG12: 0 | AH12: 0 | AI12: 0 | AJ12: 0 | AK12: 0 | AL12: 0 | AM12: 0 | AN12: 0 | AO12: 0 | AP12: 0 | AQ12: 0 | AR12: 0 | AS12: 0 | AT12: 103 | AU12: 122 | AV12: 188 | AW12: 179 | AX12: 668 | AY12: 0 | AZ12: 0 | BA12: 0 | BB12: 0 | BC12: 0 | BD12: 60 | BE12: 96 | BF12: 0 | BG12: 26 | BH12: 31 | BI12: 0 | BJ12: 0 | BK12: 0 | BL12: 0 | BM12: 0
A13: 88033 | B13: CH WRIGLEY S WINTERFRESH 5 S / 20 | C13: 40 | D13: 162 | E13: EFFEM MEXICO INC. Y COMPAÑÍAS EN N.C DE CV | F13: 974 | G13: CHICLES | H13: 123.2556 | I13: 4930.224 | J13: =K13*I13 -> 73953.36 | K13: =SUM(P13+S13+V13) -> 15 | N13: 3.91 | O13: 0.1 | P13: 5 | Q13: 3.32 | R13: 1.72 | S13: 5 | T13: 2.89 | U13: -0.12 | V13: 5 | W13: 0 | X13: 49918.52 | Y13: 8381.38 | Z13: 47 | AA13: 78 | AB13: 0 | AC13: 141 | AD13: 4 | AE13: 0 | AF13: 0 | AG13: 0 | AH13: 0 | AI13: 0 | AJ13: 0 | AK13: 0 | AL13: 0 | AM13: 0 | AN13: 0 | AO13: 0 | AP13: 0 | AQ13: 0 | AR13: 0 | AS13: 0 | AT13: 14 | AU13: 42 | AV13: 83 | AW13: 30 | AX13: 69 | AY13: 0 | AZ13: 0 | BA13: 0 | BB13: 0 | BC13: 0 | BD13: 63 | BE13: 46 | BF13: 0 | BG13: 59 | BH13: -5 | BI13: 0 | BJ13: 0 | BK13: 0 | BL13: 0 | BM13: 0
A14: 65117 | B14: MUECAS LUCAS CEREZA EXH /10 | C14: 24 | D14: 162 | E14: EFFEM MEXICO INC. Y COMPAÑÍAS EN N.C DE CV | F14: 807 | G14: MATRE MEXICO S DE RL DE CV | H14: 63.79 | I14: 1530.96 | J14: =K14*I14 -> 0 | K14: =SUM(P14+S14+V14) -> 0 | N14: 9.48 | O14: 17.88 | P14: =MAX(0,(TRUNC((N14*0.8)-O14))) -> 0 | Q14: 14.17 | R14: 10.21 | S14: 0 | T14: 7.38 | U14: -0.54 | V14: 0 | W14: 0 | X14: 47491.66 | Y14: 42165.19 | Z14: 49 | AA14: 119 | AB14: 103 | AC14: 32 | AD14: 429 | AE14: 0 | AF14: 0 | AG14: 0 | AH14: 0 | AI14: 0 | AJ14: 0 | AK14: 0 | AL14: 0 | AM14: 0 | AN14: 0 | AO14: 0 | AP14: 0 | AQ14: 0 | AR14: 0 | AS14: 0 | AT14: 104 | AU14: 85 | AV14: 138 | AW14: 111 | AX14: 245 | AY14: 0 | AZ14: 0 | BA14: 0 | BB14: 0 | BC14: 0 | BD14: 12 | BE14: 63 | BF14: 104 | BG14: 59 | BH14: -13 | BI14: 0 | BJ14: 0 | BK14: 0 | BL14: 0 | BM14: 0
A15: 88060 | B15: SKITTLES ORIGINAL /10 | C15: 24 | D15: 162 | E15: EFFEM MEXICO INC. Y COMPAÑÍAS EN N.C DE CV | F15: 807 | G15: MATRE MEXICO S DE RL DE CV | H15: 61.51 | I15: 1476.24 | J15: =K15*I15 -> 29524.8 | K15: 20 | N15: 10.9 | O15: 30.54 | P15: =MAX(0,(TRUNC((N15*0.8)-O15))) -> 0 | Q15: 10.31 | R15: 25.21 | S15: =MAX(0,(TRUNC((Q15*0.8)-R15))) -> 0 | T15: 7.52 | U15: 3.71 | V15: 0 | W15: 0 | X15: 42411.14 | Y15: 87774.77 | Z15: 91 | AA15: 103 | AB15: 98 | AC15: 42 | AD15: 733 | AE15: 0 | AF15: 0 | AG15: 0 | AH15: 0 | AI15: 0 | AJ15: 0 | AK15: 0 | AL15: 0 | AM15: 0 | AN15: 0 | AO15: 0 | AP15: 0 | AQ15: 0 | AR15: 0 | AS15: 0 | AT15: 130 | AU15: 149 | AV15: 43 | AW15: 0 | AX15: 605 | AY15: 0 | AZ15: 0 | BA15: 0 | BB15: 0 | BC15: 0 | BD15: 97 | BE15: 70 | BF15: 23 | BG15: 51 | BH15: 89 | BI15: 0 | BJ15: 0 | BK15: 0 | BL15: 0 | BM15: 0
A16: 65123 | B16: SKWINKLES CHAMOY EXH /12 | C16: 24 | D16: 162 | E16: EFFEM MEXICO INC. Y COMPAÑÍAS EN N.C DE CV | F16: 807 | G16: MATRE MEXICO S DE RL DE CV | H16: 69.9875 | I16: 1679.7 | J16: =K16*I16 -> 8398.5 | K16: 5 | N16: 5.58 | O16: 15.71 | P16: =MAX(0,(TRUNC((N16*0.8)-O16))) -> 0 | Q16: 13.04 | R16: 18.83 | S16: 10 | T16: 4.92 | U16: 7.62 | V16: =MAX(0,(TRUNC((T16*0.8)-U16))) -> 0 | W16: 0 | X16: 39542.94 | Y16: 70827.35 | Z16: 36 | AA16: 53 | AB16: 65 | AC16: 13 | AD16: 377 | AE16: 0 | AF16: 0 | AG16: 0 | AH16: 0 | AI16: 0 | AJ16: 0 | AK16: 0 | AL16: 0 | AM16: 0 | AN16: 0 | AO16: 0 | AP16: 0 | AQ16: 0 | AR16: 0 | AS16: 0 | AT16: 50 | AU16: 54 | AV16: 135 | AW16: 202 | AX16: 452 | AY16: 0 | AZ16: 0 | BA16: 0 | BB16: 0 | BC16: 0 | BD16: 79 | BE16: 17 | BF16: 9 | BG16: 43 | BH16: 183 | BI16: 0 | BJ16: 0 | BK16: 0 | BL16: 0 | BM16: 0
A17: 65120 | B17: MUECAS LUCAS SANDIA EXH /10 | C17: 24 | D17: 162 | E17: EFFEM MEXICO INC. Y COMPAÑÍAS EN N.C DE CV | F17: 807 | G17: MATRE MEXICO S DE RL DE CV | H17: 63.79 | I17: 1530.96 | J17: =K17*I17 -> 30619.2 | K17: 20 | L17: 10 | M17: 10 | N17: 6.17 | O17: 6.88 | P17: 5 | Q17: 12.52 | R17: 12.62 | S17: 5 | T17: 6.46 | U17: 2.58 | V17: 5 | W17: 0 | X17: 38497.26 | Y17: 33808.7 | Z17: 51 | AA17: 54 | AB17: 61 | AC17: 18 | AD17: 165 | AE17: 0 | AF17: 0 | AG17: 0 | AH17: 0 | AI17: 0 | AJ17: 0 | AK17: 0 | AL17: 0 | AM17: 0 | AN17: 0 | AO17: 0 | AP17: 0 | AQ17: 0 | AR17: 0 | AS17: 0 | AT17: 98 | AU17: 70 | AV17: 89 | AW17: 157 | AX17: 303 | AY17: 0 | AZ17: 0 | BA17: 0 | BB17: 0 | BC17: 0 | BD17: 61 | BE17: 71 | BF17: 37 | BG17: 43 | BH17: 62 | BI17: 0 | BJ17: 0 | BK17: 0 | BL17: 0 | BM17: 0
A18: 65113 | B18: MUECAS LUCAS MANGO EXH /10 | C18: 24 | D18: 162 | E18: EFFEM MEXICO INC. Y COMPAÑÍAS EN N.C DE CV | F18: 807 | G18: MATRE MEXICO S DE RL DE CV | H18: 63.79 | I18: 1530.96 | J18: =K18*I18 -> 22964.4 | K18: =SUM(P18+S18+V18) -> 15 | L18: 5 | M18: 10 | N18: 3.44 | O18: 12.71 | P18: 5 | Q18: 11.88 | R18: 8.54 | S18: 5 | T18: 6.4 | U18: 0.58 | V18: 5 | W18: 0 | X18: 33234.59 | Y18: 33425.96 | Z18: 16 | AA18: 28 | AB18: 53 | AC18: -1 | AD18: 305 | AE18: 0 | AF18: 0 | AG18: 0 | AH18: 0 | AI18: 0 | AJ18: 0 | AK18: 0 | AL18: 0 | AM18: 0 | AN18: 0 | AO18: 0 | AP18: 0 | AQ18: 0 | AR18: 0 | AS18: 0 | AT18: 82 | AU18: 71 | AV18: 116 | AW18: 103 | AX18: 205 | AY18: 0 | AZ18: 0 | BA18: 0 | BB18: 0 | BC18: 0 | BD18: 51 | BE18: 56 | BF18: 50 | BG18: 49 | BH18: 14 | BI18: 0 | BJ18: 0 | BK18: 0 | BL18: 0 | BM18: 0
A19: 6003 | B19: CHOC M&M S PLAIN /6 | C19: 32 | D19: 162 | E19: EFFEM MEXICO INC. Y COMPAÑÍAS EN N.C DE CV | F19: 558 | G19: CHOCOLATES | H19: 80.55 | I19: 2577.6 | J19: =K19*I19 -> 38664 | K19: =SUM(P19+S19+V19) -> 15 | L19: 7 | M19: 8 | N19: 3 | O19: 0.62 | P19: 5 | Q19: 7.11 | R19: 7.03 | S19: 5 | T19: 2.44 | U19: -0.38 | V19: 5 | W19: 0 | X19: 32340.82 | Y19: 18768.15 | Z19: 25 | AA19: 43 | AB19: 45 | AC19: 9 | AD19: 20 | AE19: 0 | AF19: 0 | AG19: 0 | AH19: 0 | AI19: 0 | AJ19: 0 | AK19: 0 | AL19: 0 | AM19: 0 | AN19: 0 | AO19: 0 | AP19: 0 | AQ19: 0 | AR19: 0 | AS19: 0 | AT19: 69 | AU19: 114 | AV19: 72 | AW19: 59 | AX19: 225 | AY19: 0 | AZ19: 0 | BA19: 0 | BB19: 0 | BC19: 0 | BD19: 12 | BE19: 37 | BF19: 22 | BG19: 51 | BH19: -12 | BI19: 0 | BJ19: 0 | BK19: 0 | BL19: 0 | BM19: 0
A20: 6004 | B20: CHOC M&M S PEANUT /6 | C20: 32 | D20: 162 | E20: EFFEM MEXICO INC. Y COMPAÑÍAS EN N.C DE CV | F20: 558 | G20: CHOCOLATES | H20: 80.55 | I20: 2577.6 | J20: =K20*I20 -> 25776 | K20: =SUM(P20+S20+V20) -> 10 | N20: 5.08 | O20: 2.44 | P20: 5 | Q20: 2.55 | R20: 10.91 | S20: =MAX(0,(TRUNC((Q20*0.8)-R20))) -> 0 | T20: 4.09 | U20: 1.09 | V20: 5 | W20: 0 | X20: 30206.25 | Y20: 37214.1 | Z20: 78 | AA20: 57 | AB20: 50 | AC20: 12 | AD20: 78 | AE20: 0 | AF20: 0 | AG20: 0 | AH20: 0 | AI20: 0 | AJ20: 0 | AK20: 0 | AL20: 0 | AM20: 0 | AN20: 0 | AO20: 0 | AP20: 0 | AQ20: 0 | AR20: 0 | AS20: 0 | AT20: 37 | AU20: 89 | AV20: 0 | AW20: 0 | AX20: 349 | AY20: 0 | AZ20: 0 | BA20: 0 | BB20: 0 | BC20: 0 | BD20: 34 | BE20: 71 | BF20: 33 | BG20: 57 | BH20: 35 | BI20: 0 | BJ20: 0 | BK20: 0 | BL20: 0 | BM20: 0
A21: 65100 | B21: SKWINKLES SANDIA C/CHILE RELLENOS /12 | C21: 24 | D21: 162 | E21: EFFEM MEXICO INC. Y COMPAÑÍAS EN N.C DE CV | F21: 807 | G21: MATRE MEXICO S DE RL DE CV | H21: 80.9362 | I21: 1942.4688 | J21: =K21*I21 -> 29137.032 | K21: =SUM(P21+S21+V21) -> 15 | N21: 3.33 | O21: 0.5 | P21: 5 | Q21: 6.94 | R21: 3.08 | S21: 5 | T21: 3.31 | U21: 2.12 | V21: 5 | W21: 0 | X21: 26385.2 | Y21: 11088.26 | Z21: 24 | AA21: 36 | AB21: 23 | AC21: 30 | AD21: 12 | AE21: 0 | AF21: 0 | AG21: 0 | AH21: 0 | AI21: 0 | AJ21: 0 | AK21: 0 | AL21: 0 | AM21: 0 | AN21: 0 | AO21: 0 | AP21: 0 | AQ21: 0 | AR21: 0 | AS21: 0 | AT21: 36 | AU21: 35 | AV21: 58 | AW21: 110 | AX21: 74 | AY21: 0 | AZ21: 0 | BA21: 0 | BB21: 0 | BC21: 0 | BD21: 39 | BE21: 20 | BF21: 17 | BG21: 27 | BH21: 51 | BI21: 0 | BJ21: 0 | BK21: 0 | BL21: 0 | BM21: 0
A22: 65152 | B22: SKWINKLOTE SANDIA (240G) /6 | C22: 24 | D22: 162 | E22: EFFEM MEXICO INC. Y COMPAÑÍAS EN N.C DE CV | F22: 807 | G22: MATRE MEXICO S DE RL DE CV | H22: 63.0306 | I22: 1512.7344 | J22: =K22*I22 -> 30254.688 | K22: =SUM(P22+S22+V22) -> 20 | N22: 6.38 | O22: 0.25 | P22: 10 | Q22: 5.46 | R22: 4.79 | S22: 5 | T22: 5.35 | U22: 0.46 | V22: 5 | W22: 0 | X22: 26000.12 | Y22: 8320.04 | Z22: 24 | AA22: 134 | AB22: 15 | AC22: 94 | AD22: 6 | AE22: 0 | AF22: 0 | AG22: 0 | AH22: 0 | AI22: 0 | AJ22: 0 | AK22: 0 | AL22: 0 | AM22: 0 | AN22: 0 | AO22: 0 | AP22: 0 | AQ22: 0 | AR22: 0 | AS22: 0 | AT22: 70 | AU22: 122 | AV22: 0 | AW22: 0 | AX22: 115 | AY22: 0 | AZ22: 0 | BA22: 0 | BB22: 0 | BC22: 0 | BD22: 52 | BE22: 46 | BF22: 30 | BG22: 47 | BH22: 11 | BI22: 0 | BJ22: 0 | BK22: 0 | BL22: 0 | BM22: 0
A23: 88161 | B23: SKITTLES WILDBERRIES /10 | C23: 24 | D23: 162 | E23: EFFEM MEXICO INC. Y COMPAÑÍAS EN N.C DE CV | F23: 807 | G23: MATRE MEXICO S DE RL DE CV | H23: 61.51 | I23: 1476.24 | J23: =K23*I23 -> 22143.6 | K23: =SUM(P23+S23+V23) -> 15 | L23: 10 | M23: 5 | N23: 6.42 | O23: 1.25 | P23: 5 | Q23: 7.31 | R23: 5.08 | S23: 5 | T23: 3.04 | U23: 0.17 | V23: 5 | W23: 0 | X23: 24757.78 | Y23: 9595.56 | Z23: 56 | AA23: 71 | AB23: 33 | AC23: 59 | AD23: 30 | AE23: 0 | AF23: 0 | AG23: 0 | AH23: 0 | AI23: 0 | AJ23: 0 | AK23: 0 | AL23: 0 | AM23: 0 | AN23: 0 | AO23: 0 | AP23: 0 | AQ23: 0 | AR23: 0 | AS23: 0 | AT23: 88 | AU23: 68 | AV23: 53 | AW23: 1 | AX23: 122 | AY23: 0 | AZ23: 0 | BA23: 0 | BB23: 0 | BC23: 0 | BD23: 31 | BE23: 63 | BF23: 0 | BG23: 21 | BH23: 4 | BI23: 0 | BJ23: 0 | BK23: 0 | BL23: 0 | BM23: 0
A24: 65126 | B24: SKWINKLES PIÑA/TAM RELLENO /12 | C24: 24 | D24: 162 | E24: EFFEM MEXICO INC. Y COMPAÑÍAS EN N.C DE CV | F24: 807 | G24: MATRE MEXICO S DE RL DE CV | H24: 80.9362 | I24: 1942.4688 | J24: =K24*I24 -> 38849.376 | K24: =SUM(P24+S24+V24) -> 20 | N24: 2.62 | O24: 1.08 | P24: 5 | Q24: 7.62 | R24: -0.21 | S24: 10 | T24: 2.02 | U24: 0 | V24: 5 | W24: 0 | X24: 23835.71 | Y24: 1699.66 | Z24: 20 | AA24: 24 | AB24: 24 | AC24: 14 | AD24: 26 | AE24: 0 | AF24: 0 | AG24: 0 | AH24: 0 | AI24: 0 | AJ24: 0 | AK24: 0 | AL24: 0 | AM24: 0 | AN24: 0 | AO24: 0 | AP24: 0 | AQ24: 0 | AR24: 0 | AS24: 0 | AT24: 25 | AU24: 25 | AV24: 114 | AW24: 63 | AX24: -5 | AY24: 0 | AZ24: 0 | BA24: 0 | BB24: 0 | BC24: 0 | BD24: 0 | BE24: 15 | BF24: 12 | BG24: 58 | BH24: 0 | BI24: 0 | BJ24: 0 | BK24: 0 | BL24: 0 | BM24: 0
A25: 65140 | B25: SKWINKLES MANGO CHAMOY ENCHILADO /12 | C25: 24 | D25: 162 | E25: EFFEM MEXICO INC. Y COMPAÑÍAS EN N.C DE CV | F25: 807 | G25: MATRE MEXICO S DE RL DE CV | H25: 69.9875 | I25: 1679.7 | J25: =K25*I25 -> 16797 | K25: =SUM(P25+S25+V25) -> 10 | N25: 0.73 | O25: 0.33 | P25: 5 | Q25: 7.04 | R25: 6.38 | S25: =MAX(0,(TRUNC((Q25*0.8)-R25))) -> 0 | T25: 5.56 | U25: -0.12 | V25: 5 | W25: 0 | X25: 22396 | Y25: 11058.02 | Z25: 12 | AA25: 0 | AB25: 13 | AC25: -15 | AD25: 8 | AE25: 0 | AF25: 0 | AG25: 0 | AH25: 0 | AI25: 0 | AJ25: 0 | AK25: 0 | AL25: 0 | AM25: 0 | AN25: 0 | AO25: 0 | AP25: 0 | AQ25: 0 | AR25: 0 | AS25: 0 | AT25: 40 | AU25: 37 | AV25: 98 | AW25: 25 | AX25: 153 | AY25: 0 | AZ25: 0 | BA25: 0 | BB25: 0 | BC25: 0 | BD25: 46 | BE25: 11 | BF25: 57 | BG25: 50 | BH25: -3 | BI25: 0 | BJ25: 0 | BK25: 0 | BL25: 0 | BM25: 0
A26: 6020 | B26: CH HUBBA BUBBA ORIGINAL / 6 | C26: 24 | D26: 162 | E26: EFFEM MEXICO INC. Y COMPAÑÍAS EN N.C DE CV | F26: 974 | G26: CHICLES | H26: 107.6336 | I26: 2583.2064 | J26: =K26*I26 -> 15499.238 | K26: =SUM(P26+S26+V26) -> 6 | N26: 1.69 | O26: 0.92 | P26: 3 | Q26: 4.04 | R26: 2.42 | S26: =MAX(0,(TRUNC((Q26*0.8)-R26))) -> 0 | T26: 2.29 | U26: 0.92 | V26: 3 | W26: 0 | X26: 20719.47 | Y26: 10978.63 | Z26: 16 | AA26: 29 | AB26: 6 | AC26: 8 | AD26: 22 | AE26: 0 | AF26: 0 | AG26: 0 | AH26: 0 | AI26: 0 | AJ26: 0 | AK26: 0 | AL26: 0 | AM26: 0 | AN26: 0 | AO26: 0 | AP26: 0 | AQ26: 0 | AR26: 0 | AS26: 0 | AT26: 32 | AU26: 34 | AV26: 32 | AW26: 32 | AX26: 58 | AY26: 0 | AZ26: 0 | BA26: 0 | BB26: 0 | BC26: 0 | BD26: 21 | BE26: 15 | BF26: 21 | BG26: 11 | BH26: 22 | BI26: 0 | BJ26: 0 | BK26: 0 | BL26: 0 | BM26: 0
A27: 96183 | B27: EXH SKWINKLES CHUNKS MANGO 270GR/ 6 | C27: 20 | D27: 162 | E27: EFFEM MEXICO INC. Y COMPAÑÍAS EN N.C DE CV | F27: 807 | G27: MATRE MEXICO S DE RL DE CV | H27: 73.9487 | I27: 1478.974 | J27: =K27*I27 -> 10352.818 | K27: =SUM(P27+S27+V27) -> 7 | N27: 1.8 | O27: 0.9 | P27: 2 | Q27: 6.48 | R27: 1.5 | S27: =MAX(0,(TRUNC((Q27*0.8)-R27))) -> 3 | T27: 3 | U27: 0.2 | V27: =MAX(0,(TRUNC((T27*0.8)-U27))) -> 2 | W27: 0 | X27: 16675.43 | Y27: 3845.33 | Z27: 6 | AA27: 10 | AB27: 17 | AC27: 16 | AD27: 18 | AE27: 0 | AF27: 0 | AG27: 0 | AH27: 0 | AI27: 0 | AJ27: 0 | AK27: 0 | AL27: 0 | AM27: 0 | AN27: 0 | AO27: 0 | AP27: 0 | AQ27: 0 | AR27: 0 | AS27: 0 | AT27: 39 | AU27: 41 | AV27: 61 | AW27: 18 | AX27: 30 | AY27: 0 | AZ27: 0 | BA27: 0 | BB27: 0 | BC27: 0 | BD27: 8 | BE27: 32 | BF27: 31 | BG27: 10 | BH27: 4 | BI27: 0 | BJ27: 0 | BK27: 0 | BL27: 0 | BM27: 0
A28: 6041 | B28: EXHIBIDOR VARIETY PACK/14 630.6GR | C28: 10 | D28: 162 | E28: EFFEM MEXICO INC. Y COMPAÑÍAS EN N.C DE CV | F28: 558 | G28: CHOCOLATES | H28: 181.19 | I28: 1811.9 | J28: =K28*I28 -> 18119 | K28: =SUM(P28+S28+V28) -> 10 | N28: 0 | O28: 0 | P28: 3 | Q28: 8.8 | R28: 0.1 | S28: 5 | T28: 0 | U28: 0 | V28: 2 | W28: 0 | X28: 15944.72 | Y28: 181.19 | Z28: 0 | AA28: 0 | AB28: 0 | AC28: 0 | AD28: 0 | AE28: 0 | AF28: 0 | AG28: 0 | AH28: 0 | AI28: 0 | AJ28: 0 | AK28: 0 | AL28: 0 | AM28: 0 | AN28: 0 | AO28: 0 | AP28: 0 | AQ28: 0 | AR28: 0 | AS28: 0 | AT28: 57 | AU28: 62 | AV28: 0 | AW28: 0 | AX28: 1 | AY28: 0 | AZ28: 0 | BA28: 0 | BB28: 0 | BC28: 0 | BD28: 0 | BE28: 0 | BF28: 0 | BG28: 0 | BH28: 0 | BI28: 0 | BJ28: 0 | BK28: 0 | BL28: 0 | BM28: 0
A29: 6021 | B29: CH HUBBA BUBBA GRAPE / 6 | C29: 24 | D29: 162 | E29: EFFEM MEXICO INC. Y COMPAÑÍAS EN N.C DE CV | F29: 974 | G29: CHICLES | H29: 107.6336 | I29: 2583.2064 | J29: =K29*I29 -> 0 | K29: =SUM(P29+S29+V29) -> 0 | N29: 1.15 | O29: 1.21 | P29: =MAX(0,(TRUNC((N29*0.8)-O29))) -> 0 | Q29: 3.23 | R29: 2.25 | S29: =MAX(0,(TRUNC((Q29*0.8)-R29))) -> 0 | T29: 1.71 | U29: 1.21 | V29: =MAX(0,(TRUNC((T29*0.8)-U29))) -> 0 | W29: 0 | X29: 15714.51 | Y29: 12054.96 | Z29: 10 | AA29: 20 | AB29: 5 | AC29: 5 | AD29: 29 | AE29: 0 | AF29: 0 | AG29: 0 | AH29: 0 | AI29: 0 | AJ29: 0 | AK29: 0 | AL29: 0 | AM29: 0 | AN29: 0 | AO29: 0 | AP29: 0 | AQ29: 0 | AR29: 0 | AS29: 0 | AT29: 28 | AU29: 34 | AV29: 21 | AW29: 23 | AX29: 54 | AY29: 0 | AZ29: 0 | BA29: 0 | BB29: 0 | BC29: 0 | BD29: 23 | BE29: 20 | BF29: 8 | BG29: 0 | BH29: 29 | BI29: 0 | BJ29: 0 | BK29: 0 | BL29: 0 | BM29: 0
A30: 2048 | B30: CH HUBBA BUBBA FRESA / 6 MARS | C30: 24 | D30: 162 | E30: EFFEM MEXICO INC. Y COMPAÑÍAS EN N.C DE CV | F30: 974 | G30: CHICLES | H30: 107.6336 | I30: 2583.2064 | J30: =K30*I30 -> 12916.032 | K30: =SUM(P30+S30+V30) -> 5 | N30: 1.25 | O30: 0.54 | P30: 2 | Q30: 2.75 | R30: 1 | S30: =MAX(0,(TRUNC((Q30*0.8)-R30))) -> 1 | T30: 2.04 | U30: 0.5 | V30: 2 | W30: 0 | X30: 15606.87 | Y30: 5274.05 | Z30: 10 | AA30: 24 | AB30: 6 | AC30: 4 | AD30: 13 | AE30: 0 | AF30: 0 | AG30: 0 | AH30: 0 | AI30: 0 | AJ30: 0 | AK30: 0 | AL30: 0 | AM30: 0 | AN30: 0 | AO30: 0 | AP30: 0 | AQ30: 0 | AR30: 0 | AS30: 0 | AT30: 27 | AU30: 24 | AV30: 16 | AW30: 22 | AX30: 24 | AY30: 0 | AZ30: 0 | BA30: 0 | BB30: 0 | BC30: 0 | BD30: 25 | BE30: 16 | BF30: 15 | BG30: 2 | BH30: 12 | BI30: 0 | BJ30: 0 | BK30: 0 | BL30: 0 | BM30: 0
A31: 65165 | B31: MUECAS LUCAS PEPINO EXH /10 | C31: 24 | D31: 162 | E31: EFFEM MEXICO INC. Y COMPAÑÍAS EN N.C DE CV | F31: 807 | G31: MATRE MEXICO S DE RL DE CV | H31: 63.79 | I31: 1530.96 | J31: =K31*I31 -> 0 | K31: =SUM(P31+S31+V31) -> 0 | N31: 1.69 | O31: 15.88 | P31: =MAX(0,(TRUNC((N31*0.8)-O31))) -> 0 | Q31: 6.25 | R31: 3.83 | S31: 0 | T31: 2.08 | U31: -0.33 | V31: 0 | W31: 0 | X31: 15341.5 | Y31: 29662.35 | Z31: 14 | AA31: 13 | AB31: 25 | AC31: -10 | AD31: 381 | AE31: 0 | AF31: 0 | AG31: 0 | AH31: 0 | AI31: 0 | AJ31: 0 | AK31: 0 | AL31: 0 | AM31: 0 | AN31: 0 | AO31: 0 | AP31: 0 | AQ31: 0 | AR31: 0 | AS31: 0 | AT31: 71 | AU31: 55 | AV31: 51 | AW31: 1 | AX31: 92 | AY31: 0 | AZ31: 0 | BA31: 0 | BB31: 0 | BC31: 0 | BD31: 23 | BE31: 34 | BF31: 1 | BG31: 18 | BH31: -8 | BI31: 0 | BJ31: 0 | BK31: 0 | BL31: 0 | BM31: 0
A32: 6036 | B32: M&M MINIS TUBO 180GR/6 | C32: 24 | D32: 162 | E32: EFFEM MEXICO INC. Y COMPAÑÍAS EN N.C DE CV | F32: 558 | G32: CHOCOLATES | H32: 103.33 | I32: 2479.92 | J32: =K32*I32 -> 12399.6 | K32: =SUM(P32+S32+V32) -> 5 | N32: 1.27 | O32: 0.17 | P32: 1 | Q32: 4.44 | R32: 0.04 | S32: =MAX(0,(TRUNC((Q32*0.8)-R32))) -> 3 | T32: 0.1 | U32: 0 | V32: 1 | W32: 0 | X32: 14414.54 | Y32: 516.65 | Z32: 12 | AA32: 12 | AB32: 8 | AC32: 9 | AD32: 4 | AE32: 0 | AF32: 0 | AG32: 0 | AH32: 0 | AI32: 0 | AJ32: 0 | AK32: 0 | AL32: 0 | AM32: 0 | AN32: 0 | AO32: 0 | AP32: 0 | AQ32: 0 | AR32: 0 | AS32: 0 | AT32: 14 | AU32: 57 | AV32: 54 | AW32: 20 | AX32: 1 | AY32: 0 | AZ32: 0 | BA32: 0 | BB32: 0 | BC32: 0 | BD32: 0 | BE32: 1 | BF32: 0 | BG32: 4 | BH32: 0 | BI32: 0 | BJ32: 0 | BK32: 0 | BL32: 0 | BM32: 0
A33: 6017 | B33: VIT CHOC SNICKERS MINIATURA /45 | C33: 12 | D33: 162 | E33: EFFEM MEXICO INC. Y COMPAÑÍAS EN N.C DE CV | F33: 558 | G33: CHOCOLATES | H33: 151.91 | I33: 1822.92 | J33: =K33*I33 -> 9114.6 | K33: =SUM(P33+S33+V33) -> 5 | N33: 1.96 | O33: 2.67 | P33: =MAX(0,(TRUNC((N33*0.8)-O33))) -> 0 | Q33: 5.42 | R33: 2.33 | S33: 4 | T33: 0.25 | U33: 0 | V33: 1 | W33: 0 | X33: 13899.77 | Y33: 9114.6 | Z33: 4 | AA33: 11 | AB33: 11 | AC33: 6 | AD33: 32 | AE33: 0 | AF33: 0 | AG33: 0 | AH33: 0 | AI33: 0 | AJ33: 0 | AK33: 0 | AL33: 0 | AM33: 0 | AN33: 0 | AO33: 0 | AP33: 0 | AQ33: 0 | AR33: 0 | AS33: 0 | AT33: 14 | AU33: 18 | AV33: 32 | AW33: 20 | AX33: 28 | AY33: 0 | AZ33: 0 | BA33: 0 | BB33: 0 | BC33: 0 | BD33: 2 | BE33: 2 | BF33: 0 | BG33: 0 | BH33: 0 | BI33: 0 | BJ33: 0 | BK33: 0 | BL33: 0 | BM33: 0
A34: 65890 | B34: MUECAS LUCAS TAMARINDO EXH /10 | C34: 24 | D34: 162 | E34: EFFEM MEXICO INC. Y COMPAÑÍAS EN N.C DE CV | F34: 807 | G34: MATRE MEXICO S DE RL DE CV | H34: 63.79 | I34: 1530.96 | J34: =K34*I34 -> 15309.6 | K34: =SUM(P34+S34+V34) -> 10 | N34: 1.27 | O34: 1.92 | P34: 2 | Q34: 7.15 | R34: 0.46 | S34: 6 | T34: 0.46 | U34: -0.17 | V34: 2 | W34: 0 | X34: 13587.27 | Y34: 3380.87 | Z34: 12 | AA34: 15 | AB34: 11 | AC34: 0 | AD34: 46 | AE34: 0 | AF34: 0 | AG34: 0 | AH34: 0 | AI34: 0 | AJ34: 0 | AK34: 0 | AL34: 0 | AM34: 0 | AN34: 0 | AO34: 0 | AP34: 0 | AQ34: 0 | AR34: 0 | AS34: 0 | AT34: 23 | AU34: 39 | AV34: 95 | AW34: 68 | AX34: 11 | AY34: 0 | AZ34: 0 | BA34: 0 | BB34: 0 | BC34: 0 | BD34: 11 | BE34: 0 | BF34: 0 | BG34: 0 | BH34: -4 | BI34: 0 | BJ34: 0 | BK34: 0 | BL34: 0 | BM34: 0
A35: 6015 | B35: CHOC SNICKERS SNACK 21.5GR /11 | C35: 18 | D35: 162 | E35: EFFEM MEXICO INC. Y COMPAÑÍAS EN N.C DE CV | F35: 558 | G35: CHOCOLATES | H35: 96.61 | I35: 1738.98 | J35: =K35*I35 -> 8694.9 | K35: =SUM(P35+S35+V35) -> 5 | N35: 1.39 | O35: 0.72 | P35: 3 | Q35: 4.86 | R35: 4.06 | S35: 2 | T35: 0.64 | U35: 1.33 | V35: =MAX(0,(TRUNC((T35*0.8)-U35))) -> 0 | W35: 0 | X35: 11979.64 | Y35: 10627.1 | Z35: 16 | AA35: 10 | AB35: 0 | AC35: 8 | AD35: 13 | AE35: 0 | AF35: 0 | AG35: 0 | AH35: 0 | AI35: 0 | AJ35: 0 | AK35: 0 | AL35: 0 | AM35: 0 | AN35: 0 | AO35: 0 | AP35: 0 | AQ35: 0 | AR35: 0 | AS35: 0 | AT35: 23 | AU35: 40 | AV35: 30 | AW35: 29 | AX35: 73 | AY35: 0 | AZ35: 0 | BA35: 0 | BB35: 0 | BC35: 0 | BD35: 8 | BE35: 4 | BF35: 0 | BG35: 3 | BH35: 24 | BI35: 0 | BJ35: 0 | BK35: 0 | BL35: 0 | BM35: 0
A36: 65045 | B36: CHOC CONEJO MINI (120 GR) / 12 TURIN | C36: 18 | D36: 162 | E36: EFFEM MEXICO INC. Y COMPAÑÍAS EN N.C DE CV | F36: 123 | G36: CHOCOLATES TURIN S.A. DE C.V. | H36: 60.8763 | I36: 1095.7734 | J36: =K36*I36 -> 5478.867 | K36: =SUM(P36+S36+V36) -> 5 | N36: 1.67 | O36: 2.89 | P36: =MAX(0,(TRUNC((N36*0.8)-O36))) -> 0 | Q36: 7.11 | R36: 0.61 | S36: =MAX(0,(TRUNC((Q36*0.8)-R36))) -> 5 | T36: 1.06 | U36: 1.17 | V36: =MAX(0,(TRUNC((T36*0.8)-U36))) -> 0 | W36: 0 | X36: 10775.11 | Y36: 5113.61 | Z36: 6 | AA36: 14 | AB36: 0 | AC36: 34 | AD36: 52 | AE36: 0 | AF36: 0 | AG36: 0 | AH36: 0 | AI36: 0 | AJ36: 0 | AK36: 0 | AL36: 0 | AM36: 0 | AN36: 0 | AO36: 0 | AP36: 0 | AQ36: 0 | AR36: 0 | AS36: 0 | AT36: 54 | AU36: 61 | AV36: 27 | AW36: 33 | AX36: 11 | AY36: 0 | AZ36: 0 | BA36: 0 | BB36: 0 | BC36: 0 | BD36: 11 | BE36: 4 | BF36: 5 | BG36: 2 | BH36: 21 | BI36: 0 | BJ36: 0 | BK36: 0 | BL36: 0 | BM36: 0
A37: 6016 | B37: SKWINKLES SANDIA PA COMPARTIR 420GR /6 MARS | C37: 20 | D37: 162 | E37: EFFEM MEXICO INC. Y COMPAÑÍAS EN N.C DE CV | F37: 807 | G37: MATRE MEXICO S DE RL DE CV | H37: 87.817 | I37: 1756.34 | J37: =K37*I37 -> 17563.4 | K37: =SUM(P37+S37+V37) -> 10 | N37: 0 | O37: 0 | P37: 3 | Q37: 6.05 | R37: 0.6 | S37: 5 | T37: 0 | U37: 0 | V37: 2 | W37: 0 | X37: 10625.86 | Y37: 1053.8 | Z37: 0 | AA37: 0 | AB37: 0 | AC37: 0 | AD37: 0 | AE37: 0 | AF37: 0 | AG37: 0 | AH37: 0 | AI37: 0 | AJ37: 0 | AK37: 0 | AL37: 0 | AM37: 0 | AN37: 0 | AO37: 0 | AP37: 0 | AQ37: 0 | AR37: 0 | AS37: 0 | AT37: 42 | AU37: 26 | AV37: 63 | AW37: 6 | AX37: 12 | AY37: 0 | AZ37: 0 | BA37: 0 | BB37: 0 | BC37: 0 | BD37: 0 | BE37: 0 | BF37: 0 | BG37: 0 | BH37: 0 | BI37: 0 | BJ37: 0 | BK37: 0 | BL37: 0 | BM37: 0
A38: 65153 | B38: EXH SKWINKLES CHUNKS SANDIA 270GR/ 6 | C38: 20 | D38: 162 | E38: EFFEM MEXICO INC. Y COMPAÑÍAS EN N.C DE CV | F38: 807 | G38: MATRE MEXICO S DE RL DE CV | H38: 73.9487 | I38: 1478.974 | J38: =K38*I38 -> 7394.87 | K38: =SUM(P38+S38+V38) -> 5 | N38: 1.9 | O38: 3.15 | P38: =MAX(0,(TRUNC((N38*0.8)-O38))) -> 0 | Q38: 4.88 | R38: 2.1 | S38: 3 | T38: 0 | U38: 0 | V38: 2 | W38: 0 | X38: 10020.05 | Y38: 7764.61 | Z38: 8 | AA38: 5 | AB38: 21 | AC38: 13 | AD38: 63 | AE38: 0 | AF38: 0 | AG38: 0 | AH38: 0 | AI38: 0 | AJ38: 0 | AK38: 0 | AL38: 0 | AM38: 0 | AN38: 0 | AO38: 0 | AP38: 0 | AQ38: 0 | AR38: 0 | AS38: 0 | AT38: 28 | AU38: 30 | AV38: 44 | AW38: 21 | AX38: 42 | AY38: 0 | AZ38: 0 | BA38: 0 | BB38: 0 | BC38: 0 | BD38: 0 | BE38: 0 | BF38: 0 | BG38: 0 | BH38: 0 | BI38: 0 | BJ38: 0 | BK38: 0 | BL38: 0 | BM38: 0
A39: 6077 | B39: CHOC CONEJO 200gr/ 10 TURIN | C39: 12 | D39: 162 | E39: EFFEM MEXICO INC. Y COMPAÑÍAS EN N.C DE CV | F39: 123 | G39: CHOCOLATES TURIN S.A. DE C.V. | H39: 99.3739 | I39: 1192.4868 | J39: =K39*I39 -> 7154.9208 | K39: =SUM(P39+S39+V39) -> 6 | N39: 2.04 | O39: -0.58 | P39: =MAX(0,(TRUNC((N39*0.8)-O39))) -> 2 | Q39: 4.67 | R39: -0.58 | S39: =MAX(0,(TRUNC((Q39*0.8)-R39))) -> 4 | T39: 0 | U39: 0 | V39: =MAX(0,(TRUNC((T39*0.8)-U39))) -> 0 | W39: 0 | X39: 7999.6 | Y39: -1391.23 | Z39: 19 | AA39: 5 | AB39: 0 | AC39: 6 | AD39: -7 | AE39: 0 | AF39: 0 | AG39: 0 | AH39: 0 | AI39: 0 | AJ39: 0 | AK39: 0 | AL39: 0 | AM39: 0 | AN39: 0 | AO39: 0 | AP39: 0 | AQ39: 0 | AR39: 0 | AS39: 0 | AT39: 27 | AU39: 37 | AV39: 7 | AW39: 7 | AX39: -7 | AY39: 0 | AZ39: 0 | BA39: 0 | BB39: 0 | BC39: 0 | BD39: 0 | BE39: 0 | BF39: 0 | BG39: 0 | BH39: 0 | BI39: 0 | BJ39: 0 | BK39: 0 | BL39: 0 | BM39: 0
A40: 65102 | B40: GUSANO LUCAS TAMARINDO EXH /10 | C40: 30 | D40: 162 | E40: EFFEM MEXICO INC. Y COMPAÑÍAS EN N.C DE CV | F40: 807 | G40: MATRE MEXICO S DE RL DE CV | H40: 65.2744 | I40: 1958.232 | J40: =K40*I40 -> 0 | K40: =SUM(P40+S40+V40) -> 0 | N40: 0.43 | O40: 2.13 | P40: =MAX(0,(TRUNC((N40*0.8)-O40))) -> 0 | Q40: 2.53 | R40: 1.27 | S40: =MAX(0,(TRUNC((Q40*0.8)-R40))) -> 0 | T40: 1.1 | U40: 1.67 | V40: =MAX(0,(TRUNC((T40*0.8)-U40))) -> 0 | W40: 0 | X40: 7963.48 | Y40: 9921.71 | Z40: 6 | AA40: 16 | AB40: 12 | AC40: -26 | AD40: 64 | AE40: 0 | AF40: 0 | AG40: 0 | AH40: 0 | AI40: 0 | AJ40: 0 | AK40: 0 | AL40: 0 | AM40: 0 | AN40: 0 | AO40: 0 | AP40: 0 | AQ40: 0 | AR40: 0 | AS40: 0 | AT40: 33 | AU40: 19 | AV40: 18 | AW40: 31 | AX40: 38 | AY40: 0 | AZ40: 0 | BA40: 0 | BB40: 0 | BC40: 0 | BD40: 10 | BE40: 0 | BF40: 0 | BG40: 46 | BH40: 50 | BI40: 0 | BJ40: 0 | BK40: 0 | BL40: 0 | BM40: 0
A41: 6093 | B41: CHOC SNICKERS ALMOND 260G / 6 | C41: 12 | D41: 162 | E41: EFFEM MEXICO INC. Y COMPAÑÍAS EN N.C DE CV | F41: 558 | G41: CHOCOLATES | H41: 84.1675 | I41: 1010.01 | J41: =K41*I41 -> 5050.05 | K41: =SUM(P41+S41+V41) -> 5 | N41: 2.5 | O41: 4.92 | P41: =MAX(0,(TRUNC((N41*0.8)-O41))) -> 0 | Q41: 2.25 | R41: 6.67 | S41: =MAX(0,(TRUNC((Q41*0.8)-R41))) -> 0 | T41: 3 | U41: 0 | V41: 5 | W41: 0 | X41: 7827.58 | Y41: 11699.28 | Z41: 7 | AA41: 15 | AB41: 7 | AC41: 17 | AD41: 59 | AE41: 0 | AF41: 0 | AG41: 0 | AH41: 0 | AI41: 0 | AJ41: 0 | AK41: 0 | AL41: 0 | AM41: 0 | AN41: 0 | AO41: 0 | AP41: 0 | AQ41: 0 | AR41: 0 | AS41: 0 | AT41: 3 | AU41: 20 | AV41: 14 | AW41: 0 | AX41: 80 | AY41: 0 | AZ41: 0 | BA41: 0 | BB41: 0 | BC41: 0 | BD41: 12 | BE41: 24 | BF41: 0 | BG41: 24 | BH41: 0 | BI41: 0 | BJ41: 0 | BK41: 0 | BL41: 0 | BM41: 0
A42: 65103 | B42: BOMVASO LUCAS LIMON /10 LUCAS | C42: 24 | D42: 162 | E42: EFFEM MEXICO INC. Y COMPAÑÍAS EN N.C DE CV | F42: 807 | G42: MATRE MEXICO S DE RL DE CV | H42: 61.1678 | I42: 1468.0272 | J42: =K42*I42 -> 0 | K42: =SUM(P42+S42+V42) -> 0 | N42: 1.29 | O42: 0 | P42: 0 | Q42: 3.23 | R42: 0 | S42: 0 | T42: 0.67 | U42: 0 | V42: =MAX(0,(TRUNC((T42*0.8)-U42))) -> 0 | W42: 0 | X42: 7615.39 | Y42: 0 | Z42: 0 | AA42: 0 | AB42: 20 | AC42: 22 | AD42: 0 | AE42: 0 | AF42: 0 | AG42: 0 | AH42: 0 | AI42: 0 | AJ42: 0 | AK42: 0 | AL42: 0 | AM42: 0 | AN42: 0 | AO42: 0 | AP42: 0 | AQ42: 0 | AR42: 0 | AS42: 0 | AT42: 0 | AU42: 0 | AV42: 57 | AW42: 41 | AX42: 0 | AY42: 0 | AZ42: 0 | BA42: 0 | BB42: 0 | BC42: 0 | BD42: 0 | BE42: 0 | BF42: 12 | BG42: 8 | BH42: 0 | BI42: 0 | BJ42: 0 | BK42: 0 | BL42: 0 | BM42: 0
A43: 91046 | B43: CHOC JOSE CUERVO TUBO 180GR 2786 | C43: 6 | D43: 162 | E43: EFFEM MEXICO INC. Y COMPAÑÍAS EN N.C DE CV | F43: 123 | G43: CHOCOLATES TURIN S.A. DE C.V. | H43: 119.37 | I43: 716.22 | J43: =K43*I43 -> 0 | K43: =SUM(P43+S43+V43) -> 0 | N43: 3.25 | O43: 2 | P43: =MAX(0,(TRUNC((N43*0.8)-O43))) -> 0 | Q43: 5 | R43: 5.33 | S43: =MAX(0,(TRUNC((Q43*0.8)-R43))) -> 0 | T43: 1.83 | U43: 0.17 | V43: 0 | W43: 0 | X43: 7221.89 | Y43: 5371.65 | Z43: 14 | AA43: 4 | AB43: 3 | AC43: 1 | AD43: 12 | AE43: 0 | AF43: 0 | AG43: 0 | AH43: 0 | AI43: 0 | AJ43: 0 | AK43: 0 | AL43: 0 | AM43: 0 | AN43: 0 | AO43: 0 | AP43: 0 | AQ43: 0 | AR43: 0 | AS43: 0 | AT43: 20 | AU43: 20 | AV43: 0 | AW43: 0 | AX43: 32 | AY43: 0 | AZ43: 0 | BA43: 0 | BB43: 0 | BC43: 0 | BD43: 3 | BE43: 4 | BF43: 4 | BG43: 4 | BH43: 1 | BI43: 0 | BJ43: 0 | BK43: 0 | BL43: 0 | BM43: 0
A44: 88031 | B44: CH WRIGLEY S DOUBLEMINT /20 | C44: 40 | D44: 162 | E44: EFFEM MEXICO INC. Y COMPAÑÍAS EN N.C DE CV | F44: 974 | G44: CHICLES | H44: 123.2556 | I44: 4930.224 | J44: =K44*I44 -> 34511.568 | K44: =SUM(P44+S44+V44) -> 7 | N44: 0.76 | O44: 0.22 | P44: 3 | Q44: 0.2 | R44: 0.6 | S44: 2 | T44: 0.49 | U44: 0 | V44: 2 | W44: 0 | X44: 7148.82 | Y44: 4067.43 | Z44: 0 | AA44: 61 | AB44: 0 | AC44: 0 | AD44: 9 | AE44: 0 | AF44: 0 | AG44: 0 | AH44: 0 | AI44: 0 | AJ44: 0 | AK44: 0 | AL44: 0 | AM44: 0 | AN44: 0 | AO44: 0 | AP44: 0 | AQ44: 0 | AR44: 0 | AS44: 0 | AT44: 0 | AU44: 16 | AV44: 0 | AW44: 0 | AX44: 24 | AY44: 0 | AZ44: 0 | BA44: 0 | BB44: 0 | BC44: 0 | BD44: 0 | BE44: 39 | BF44: 0 | BG44: 0 | BH44: 0 | BI44: 0 | BJ44: 0 | BK44: 0 | BL44: 0 | BM44: 0
A45: 88216 | B45: CH WRIGLEYS DOUBLEMINT15S/10 | C45: 12 | D45: 162 | E45: EFFEM MEXICO INC. Y COMPAÑÍAS EN N.C DE CV | F45: 162 | G45: EFFEM MEXICO INC. Y COMPAÑÍA S EN N.C DE CV | H45: 161.939 | I45: 1943.268 | J45: =K45*I45 -> 9716.34 | K45: =SUM(P45+S45+V45) -> 5 | N45: 0.21 | O45: 0 | P45: 3 | Q45: 2.83 | R45: 1.5 | S45: =MAX(0,(TRUNC((Q45*0.8)-R45))) -> 0 | T45: 0.54 | U45: 0 | V45: 2 | W45: 0 | X45: 6963.38 | Y45: 2914.9 | Z45: 0 | AA45: 5 | AB45: 0 | AC45: 0 | AD45: 0 | AE45: 0 | AF45: 0 | AG45: 0 | AH45: 0 | AI45: 0 | AJ45: 0 | AK45: 0 | AL45: 0 | AM45: 0 | AN45: 0 | AO45: 0 | AP45: 0 | AQ45: 0 | AR45: 0 | AS45: 0 | AT45: 25 | AU45: 18 | AV45: 0 | AW45: 0 | AX45: 18 | AY45: 0 | AZ45: 0 | BA45: 0 | BB45: 0 | BC45: 0 | BD45: 5 | BE45: 3 | BF45: 0 | BG45: 0 | BH45: 0 | BI45: 0 | BJ45: 0 | BK45: 0 | BL45: 0 | BM45: 0
A46: 6029 | B46: CHOC SIN AZUCAR (288G/ 18 TURIN | C46: 5 | D46: 162 | E46: EFFEM MEXICO INC. Y COMPAÑÍAS EN N.C DE CV | F46: 558 | G46: CHOCOLATES | H46: 208.3884 | I46: 1041.942 | J46: =K46*I46 -> 10419.42 | K46: =SUM(P46+S46+V46) -> 10 | N46: 3.5 | O46: 0 | P46: 5 | Q46: 2.5 | R46: 0 | S46: 5 | T46: 0.2 | U46: 0 | V46: =MAX(0,(TRUNC((T46*0.8)-U46))) -> 0 | W46: 0 | X46: 6460.04 | Y46: 0 | Z46: 3 | AA46: 5 | AB46: 8 | AC46: 8 | AD46: 0 | AE46: 0 | AF46: 0 | AG46: 0 | AH46: 0 | AI46: 0 | AJ46: 0 | AK46: 0 | AL46: 0 | AM46: 0 | AN46: 0 | AO46: 0 | AP46: 0 | AQ46: 0 | AR46: 0 | AS46: 0 | AT46: 0 | AU46: 25 | AV46: 0 | AW46: 0 | AX46: 0 | AY46: 0 | AZ46: 0 | BA46: 0 | BB46: 0 | BC46: 0 | BD46: 1 | BE46: 0 | BF46: 0 | BG46: 0 | BH46: 0 | BI46: 0 | BJ46: 0 | BK46: 0 | BL46: 0 | BM46: 0
