Workbook

Sheet 230126
K1: =SUM(K18:K55) -> 639228.9 | L1: =SUM(L18:L55) -> 670 | M1: =SUM(M18:M55) -> 356.15 | N1: =SUM(N18:N55) -> 369.63 | P1: =SUM(P18:P55) -> 0 | Q1: =SUM(Q18:Q55) -> 502.08 | R1: =SUM(R18:R55) -> 484.43 | S1: =SUM(S18:S55) -> 315 | X1: =Z1/Y1 -> 0.83409698 | Y1: =SUM(Y3:Y91) -> 998643.08 | Z1: =SUM(Z3:Z91) -> 832965.18
A2: Articulo | B2: Nombre | C2: PROMO | D2: UXC | E2: Subfamilia | F2: SN | G2: Categoria | H2: CN | I2: CostoCIVA | J2: CostoXCaja | K2: $Pedido | L2: SumaPedido | M2: 10VentasG | N2: 10ExistenciaG | O2: PedidoLPD | Q2: 30VentasG | R2: 30ExistenciasG | S2: PedMorelia | U2: 50VentasG | V2: 50ExistenciaG | W2: PedidoZam | X2: ExCEDIS | Y2: ValorVentaG | Z2: ValorExistenciaG | AA2: 10Actual15 | AB2: 10Actual30R | AC2: 10Anterior15 | AD2: 10Anterior30R | AE2: 10ExistenciaWC | AF2: 40Actual15 | AG2: 40Actual30R | AH2: 40Anterior15 | AI2: 40Anterior30R | AJ2: 40ExistenciaWC | AK2: 42Actual15 | AL2: 42Actual30R | AM2: 42Anterior15 | AN2: 42Anterior30R | AO2: 42ExistenciaWC | AP2: 44Actual15 | AQ2: 44Actual30R | AR2: 44Anterior15 | AS2: 44Anterior30R | AT2: 44ExistenciaWC | AU2: 30Actual15 | AV2: 30Actual30R | AW2: 30Anterior15 | AX2: 30Anterior30R | AY2: 30ExistenciaWC | AZ2: 32Actual15 | BA2: 32Actual30R | BB2: 32Anterior15 | BC2: 32Anterior30R | BD2: 32ExistenciaWC | BE2: 50Actual15 | BF2: 50Actual30R | BG2: 50Anterior15 | BH2: 50Anterior30R | BI2: 50ExistenciaWC | BJ2: 54Actual15 | BK2: 54Actual30R | BL2: 54Anterior15 | BM2: 54Anterior30R | BN2: 54ExistenciaWC
A3: 47047 | B3: 47047 | D3: 15 | E3: 677 | F3: TRESMONTES LUCHETTI (NUTRESA) | G3: 999 | H3: PRODUCTOS A ELIMINAR | I3: 20.9477 | J3: 314.2155 | K3: =L3*J3 -> #REF! | L3: =SUM(O3+S3+W3) -> #REF! | M3: 0 | N3: 0 | O3: =MAX(0,(TRUNC((M3*0.75)-N3))) -> 0 | Q3: 0 | R3: 0 | S3: =Q3-#REF! -> #REF! | U3: 0 | V3: 0 | W3: =MAX(0,(TRUNC((U3*0.75)-V3))) -> 0 | X3: 0 | Y3: 0 | Z3: 0 | AA3: 0 | AB3: 0 | AC3: 0 | AD3: 0 | AE3: 0 | AF3: 0 | AG3: 0 | AH3: 0 | AI3: 0 | AJ3: 0 | AK3: 0 | AL3: 0 | AM3: 0 | AN3: 0 | AO3: 0 | AP3: 0 | AQ3: 0 | AR3: 0 | AS3: 0 | AT3: 0 | AU3: 0 | AV3: 0 | AW3: 0 | AX3: 0 | AY3: 0 | AZ3: 0 | BA3: 0 | BB3: 0 | BC3: 0 | BD3: 0 | BE3: 0 | BF3: 0 | BG3: 0 | BH3: 0 | BI3: 0 | BJ3: 0 | BK3: 0 | BL3: 0 | BM3: 0 | BN3: 0
A4: 47006 | B4: * DESC NUCITA SUPER 4 /12 NUTRESA | D4: 24 | E4: 677 | F4: TRESMONTES LUCHETTI (NUTRESA) | G4: 998 | H4: PRODUCTOS CON BAJA ROTACION | I4: 20.6351 | J4: 495.2424 | K4: =L4*J4 -> #REF! | L4: =SUM(O4+S4+W4) -> #REF! | M4: 0 | N4: 0 | O4: =MAX(0,(TRUNC((M4*0.75)-N4))) -> 0 | Q4: 0 | R4: 0 | S4: =Q4-#REF! -> #REF! | U4: 0 | V4: 0 | W4: =MAX(0,(TRUNC((U4*0.75)-V4))) -> 0 | X4: 0 | Y4: 0 | Z4: 0 | AA4: 0 | AB4: 0 | AC4: 0 | AD4: 0 | AE4: 0 | AF4: 0 | AG4: 0 | AH4: 0 | AI4: 0 | AJ4: 0 | AK4: 0 | AL4: 0 | AM4: 0 | AN4: 0 | AO4: 0 | AP4: 0 | AQ4: 0 | AR4: 0 | AS4: 0 | AT4: 0 | AU4: 0 | AV4: 0 | AW4: 0 | AX4: 0 | AY4: 0 | AZ4: 0 | BA4: 0 | BB4: 0 | BC4: 0 | BD4: 0 | BE4: 0 | BF4: 0 | BG4: 0 | BH4: 0 | BI4: 0 | BJ4: 0 | BK4: 0 | BL4: 0 | BM4: 0 | BN4: 0
A5: 47022 | B5: * DESC VIT MONEDA ORO CHOC NUTRESA /120 | D5: 10 | E5: 677 | F5: TRESMONTES LUCHETTI (NUTRESA) | G5: 998 | H5: PRODUCTOS CON BAJA ROTACION | I5: 127.43 | J5: 1274.3 | K5: =L5*J5 -> #REF! | L5: =SUM(O5+S5+W5) -> #REF! | M5: 0 | N5: 0 | O5: =MAX(0,(TRUNC((M5*0.75)-N5))) -> 0 | Q5: 0 | R5: 0 | S5: =Q5-#REF! -> #REF! | U5: 0 | V5: 0 | W5: =MAX(0,(TRUNC((U5*0.75)-V5))) -> 0 | X5: 0 | Y5: 0 | Z5: 0 | AA5: 0 | AB5: 0 | AC5: 0 | AD5: 0 | AE5: 0 | AF5: 0 | AG5: 0 | AH5: 0 | AI5: 0 | AJ5: 0 | AK5: 0 | AL5: 0 | AM5: 0 | AN5: 0 | AO5: 0 | AP5: 0 | AQ5: 0 | AR5: 0 | AS5: 0 | AT5: 0 | AU5: 0 | AV5: 0 | AW5: 0 | AX5: 0 | AY5: 0 | AZ5: 0 | BA5: 0 | BB5: 0 | BC5: 0 | BD5: 0 | BE5: 0 | BF5: 0 | BG5: 0 | BH5: 0 | BI5: 0 | BJ5: 0 | BK5: 0 | BL5: 0 | BM5: 0 | BN5: 0
A6: 8041 | B6: * DESCONTINUADO | D6: 72 | E6: 677 | F6: TRESMONTES LUCHETTI (NUTRESA) | G6: 999 | H6: PRODUCTOS A ELIMINAR | I6: 6.5368 | J6: 470.6496 | K6: =L6*J6 -> #REF! | L6: =SUM(O6+S6+W6) -> #REF! | M6: 0 | N6: 0 | O6: =MAX(0,(TRUNC((M6*0.75)-N6))) -> 0 | Q6: 0 | R6: 0 | S6: =Q6-#REF! -> #REF! | U6: 0 | V6: 0 | W6: =MAX(0,(TRUNC((U6*0.75)-V6))) -> 0 | X6: 0 | Y6: 0 | Z6: 0 | AA6: 0 | AB6: 0 | AC6: 0 | AD6: 0 | AE6: 0 | AF6: 0 | AG6: 0 | AH6: 0 | AI6: 0 | AJ6: 0 | AK6: 0 | AL6: 0 | AM6: 0 | AN6: 0 | AO6: 0 | AP6: 0 | AQ6: 0 | AR6: 0 | AS6: 0 | AT6: 0 | AU6: 0 | AV6: 0 | AW6: 0 | AX6: 0 | AY6: 0 | AZ6: 0 | BA6: 0 | BB6: 0 | BC6: 0 | BD6: 0 | BE6: 0 | BF6: 0 | BG6: 0 | BH6: 0 | BI6: 0 | BJ6: 0 | BK6: 0 | BL6: 0 | BM6: 0 | BN6: 0
A7: 8042 | B7: * DESCONTINUADO | D7: 72 | E7: 677 | F7: TRESMONTES LUCHETTI (NUTRESA) | G7: 999 | H7: PRODUCTOS A ELIMINAR | I7: 6.5368 | J7: 470.6496 | K7: =L7*J7 -> #REF! | L7: =SUM(O7+S7+W7) -> #REF! | M7: 0 | N7: 0 | O7: =MAX(0,(TRUNC((M7*0.75)-N7))) -> 0 | Q7: 0 | R7: 0 | S7: =Q7-#REF! -> #REF! | U7: 0 | V7: 0 | W7: =MAX(0,(TRUNC((U7*0.75)-V7))) -> 0 | X7: 0 | Y7: 0 | Z7: 0 | AA7: 0 | AB7: 0 | AC7: 0 | AD7: 0 | AE7: 0 | AF7: 0 | AG7: 0 | AH7: 0 | AI7: 0 | AJ7: 0 | AK7: 0 | AL7: 0 | AM7: 0 | AN7: 0 | AO7: 0 | AP7: 0 | AQ7: 0 | AR7: 0 | AS7: 0 | AT7: 0 | AU7: 0 | AV7: 0 | AW7: 0 | AX7: 0 | AY7: 0 | AZ7: 0 | BA7: 0 | BB7: 0 | BC7: 0 | BD7: 0 | BE7: 0 | BF7: 0 | BG7: 0 | BH7: 0 | BI7: 0 | BJ7: 0 | BK7: 0 | BL7: 0 | BM7: 0 | BN7: 0
A8: 9099 | B8: * DESCONTINUADO | D8: 24 | E8: 677 | F8: TRESMONTES LUCHETTI (NUTRESA) | G8: 999 | H8: PRODUCTOS A ELIMINAR | I8: 15.6492 | J8: 375.5808 | K8: =L8*J8 -> #REF! | L8: =SUM(O8+S8+W8) -> #REF! | M8: 0 | N8: 0 | O8: =MAX(0,(TRUNC((M8*0.75)-N8))) -> 0 | Q8: 0 | R8: 0 | S8: =Q8-#REF! -> #REF! | U8: 0 | V8: 0 | W8: =MAX(0,(TRUNC((U8*0.75)-V8))) -> 0 | X8: 0 | Y8: 0 | Z8: 0 | AA8: 0 | AB8: 0 | AC8: 0 | AD8: 0 | AE8: 0 | AF8: 0 | AG8: 0 | AH8: 0 | AI8: 0 | AJ8: 0 | AK8: 0 | AL8: 0 | AM8: 0 | AN8: 0 | AO8: 0 | AP8: 0 | AQ8: 0 | AR8: 0 | AS8: 0 | AT8: 0 | AU8: 0 | AV8: 0 | AW8: 0 | AX8: 0 | AY8: 0 | AZ8: 0 | BA8: 0 | BB8: 0 | BC8: 0 | BD8: 0 | BE8: 0 | BF8: 0 | BG8: 0 | BH8: 0 | BI8: 0 | BJ8: 0 | BK8: 0 | BL8: 0 | BM8: 0 | BN8: 0
A9: 47017 | B9: ** | D9: 6 | E9: 677 | F9: TRESMONTES LUCHETTI (NUTRESA) | G9: 999 | H9: PRODUCTOS A ELIMINAR | I9: 51.17 | J9: 307.02 | K9: =L9*J9 -> #REF! | L9: =SUM(O9+S9+W9) -> #REF! | M9: 0 | N9: 0 | O9: =MAX(0,(TRUNC((M9*0.75)-N9))) -> 0 | Q9: 0 | R9: 0 | S9: =Q9-#REF! -> #REF! | U9: 0 | V9: 0 | W9: =MAX(0,(TRUNC((U9*0.75)-V9))) -> 0 | X9: 0 | Y9: 0 | Z9: 0 | AA9: 0 | AB9: 0 | AC9: 0 | AD9: 0 | AE9: 0 | AF9: 0 | AG9: 0 | AH9: 0 | AI9: 0 | AJ9: 0 | AK9: 0 | AL9: 0 | AM9: 0 | AN9: 0 | AO9: 0 | AP9: 0 | AQ9: 0 | AR9: 0 | AS9: 0 | AT9: 0 | AU9: 0 | AV9: 0 | AW9: 0 | AX9: 0 | AY9: 0 | AZ9: 0 | BA9: 0 | BB9: 0 | BC9: 0 | BD9: 0 | BE9: 0 | BF9: 0 | BG9: 0 | BH9: 0 | BI9: 0 | BJ9: 0 | BK9: 0 | BL9: 0 | BM9: 0 | BN9: 0
A10: 47021 | B10: ** | D10: 10 | E10: 677 | F10: TRESMONTES LUCHETTI (NUTRESA) | G10: 999 | H10: PRODUCTOS A ELIMINAR | I10: 34.3188 | J10: 343.188 | K10: =L10*J10 -> #REF! | L10: =SUM(O10+S10+W10) -> #REF! | M10: 0 | N10: 0 | O10: =MAX(0,(TRUNC((M10*0.75)-N10))) -> 0 | Q10: 0 | R10: 0 | S10: =Q10-#REF! -> #REF! | U10: 0 | V10: 0 | W10: =MAX(0,(TRUNC((U10*0.75)-V10))) -> 0 | X10: 0 | Y10: 0 | Z10: 0 | AA10: 0 | AB10: 0 | AC10: 0 | AD10: 0 | AE10: 0 | AF10: 0 | AG10: 0 | AH10: 0 | AI10: 0 | AJ10: 0 | AK10: 0 | AL10: 0 | AM10: 0 | AN10: 0 | AO10: 0 | AP10: 0 | AQ10: 0 | AR10: 0 | AS10: 0 | AT10: 0 | AU10: 0 | AV10: 0 | AW10: 0 | AX10: 0 | AY10: 0 | AZ10: 0 | BA10: 0 | BB10: 0 | BC10: 0 | BD10: 0 | BE10: 0 | BF10: 0 | BG10: 0 | BH10: 0 | BI10: 0 | BJ10: 0 | BK10: 0 | BL10: 0 | BM10: 0 | BN10: 0
A11: 47028 | B11: ** | D11: 24 | E11: 677 | F11: TRESMONTES LUCHETTI (NUTRESA) | G11: 999 | H11: PRODUCTOS A ELIMINAR | I11: 37.9 | J11: 909.6 | K11: =L11*J11 -> #REF! | L11: =SUM(O11+S11+W11) -> #REF! | M11: 0 | N11: 0 | O11: =MAX(0,(TRUNC((M11*0.75)-N11))) -> 0 | Q11: 0 | R11: 0 | S11: =Q11-#REF! -> #REF! | U11: 0 | V11: 0 | W11: =MAX(0,(TRUNC((U11*0.75)-V11))) -> 0 | X11: 0 | Y11: 0 | Z11: 0 | AA11: 0 | AB11: 0 | AC11: 0 | AD11: 0 | AE11: 0 | AF11: 0 | AG11: 0 | AH11: 0 | AI11: 0 | AJ11: 0 | AK11: 0 | AL11: 0 | AM11: 0 | AN11: 0 | AO11: 0 | AP11: 0 | AQ11: 0 | AR11: 0 | AS11: 0 | AT11: 0 | AU11: 0 | AV11: 0 | AW11: 0 | AX11: 0 | AY11: 0 | AZ11: 0 | BA11: 0 | BB11: 0 | BC11: 0 | BD11: 0 | BE11: 0 | BF11: 0 | BG11: 0 | BH11: 0 | BI11: 0 | BJ11: 0 | BK11: 0 | BL11: 0 | BM11: 0 | BN11: 0
A12: 47032 | B12: ** | D12: 12 | E12: 677 | F12: TRESMONTES LUCHETTI (NUTRESA) | G12: 999 | H12: PRODUCTOS A ELIMINAR | I12: 22.49 | J12: 269.88 | K12: =L12*J12 -> #REF! | L12: =SUM(O12+S12+W12) -> #REF! | M12: 0 | N12: 0 | O12: =MAX(0,(TRUNC((M12*0.75)-N12))) -> 0 | Q12: 0 | R12: 0 | S12: =Q12-#REF! -> #REF! | U12: 0 | V12: 0 | W12: =MAX(0,(TRUNC((U12*0.75)-V12))) -> 0 | X12: 0 | Y12: 0 | Z12: 0 | AA12: 0 | AB12: 0 | AC12: 0 | AD12: 0 | AE12: 0 | AF12: 0 | AG12: 0 | AH12: 0 | AI12: 0 | AJ12: 0 | AK12: 0 | AL12: 0 | AM12: 0 | AN12: 0 | AO12: 0 | AP12: 0 | AQ12: 0 | AR12: 0 | AS12: 0 | AT12: 0 | AU12: 0 | AV12: 0 | AW12: 0 | AX12: 0 | AY12: 0 | AZ12: 0 | BA12: 0 | BB12: 0 | BC12: 0 | BD12: 0 | BE12: 0 | BF12: 0 | BG12: 0 | BH12: 0 | BI12: 0 | BJ12: 0 | BK12: 0 | BL12: 0 | BM12: 0 | BN12: 0
A13: 47034 | B13: ** | D13: 12 | E13: 677 | F13: TRESMONTES LUCHETTI (NUTRESA) | G13: 999 | H13: PRODUCTOS A ELIMINAR | I13: 25.0387 | J13: 300.4644 | K13: =L13*J13 -> #REF! | L13: =SUM(O13+S13+W13) -> #REF! | M13: 0 | N13: 0 | O13: =MAX(0,(TRUNC((M13*0.75)-N13))) -> 0 | Q13: 0 | R13: 0 | S13: =Q13-#REF! -> #REF! | U13: 0 | V13: 0 | W13: =MAX(0,(TRUNC((U13*0.75)-V13))) -> 0 | X13: 0 | Y13: 0 | Z13: 0 | AA13: 0 | AB13: 0 | AC13: 0 | AD13: 0 | AE13: 0 | AF13: 0 | AG13: 0 | AH13: 0 | AI13: 0 | AJ13: 0 | AK13: 0 | AL13: 0 | AM13: 0 | AN13: 0 | AO13: 0 | AP13: 0 | AQ13: 0 | AR13: 0 | AS13: 0 | AT13: 0 | AU13: 0 | AV13: 0 | AW13: 0 | AX13: 0 | AY13: 0 | AZ13: 0 | BA13: 0 | BB13: 0 | BC13: 0 | BD13: 0 | BE13: 0 | BF13: 0 | BG13: 0 | BH13: 0 | BI13: 0 | BJ13: 0 | BK13: 0 | BL13: 0 | BM13: 0 | BN13: 0
A14: 47037 | B14: ** | D14: 24 | E14: 677 | F14: TRESMONTES LUCHETTI (NUTRESA) | G14: 999 | H14: PRODUCTOS A ELIMINAR | I14: 20.0881 | J14: 482.1144 | K14: =L14*J14 -> #REF! | L14: =SUM(O14+S14+W14) -> #REF! | M14: 0 | N14: 0 | O14: =MAX(0,(TRUNC((M14*0.75)-N14))) -> 0 | Q14: 0 | R14: 0 | S14: =Q14-#REF! -> #REF! | U14: 0 | V14: 0 | W14: =MAX(0,(TRUNC((U14*0.75)-V14))) -> 0 | X14: 0 | Y14: 0 | Z14: 0 | AA14: 0 | AB14: 0 | AC14: 0 | AD14: 0 | AE14: 0 | AF14: 0 | AG14: 0 | AH14: 0 | AI14: 0 | AJ14: 0 | AK14: 0 | AL14: 0 | AM14: 0 | AN14: 0 | AO14: 0 | AP14: 0 | AQ14: 0 | AR14: 0 | AS14: 0 | AT14: 0 | AU14: 0 | AV14: 0 | AW14: 0 | AX14: 0 | AY14: 0 | AZ14: 0 | BA14: 0 | BB14: 0 | BC14: 0 | BD14: 0 | BE14: 0 | BF14: 0 | BG14: 0 | BH14: 0 | BI14: 0 | BJ14: 0 | BK14: 0 | BL14: 0 | BM14: 0 | BN14: 0
A15: 47044 | B15: ** | D15: 12 | E15: 677 | F15: TRESMONTES LUCHETTI (NUTRESA) | G15: 999 | H15: PRODUCTOS A ELIMINAR | I15: 18.04 | J15: 216.48 | K15: =L15*J15 -> #REF! | L15: =SUM(O15+S15+W15) -> #REF! | M15: 0 | N15: 0 | O15: =MAX(0,(TRUNC((M15*0.75)-N15))) -> 0 | Q15: 0 | R15: 0 | S15: =Q15-#REF! -> #REF! | U15: 0 | V15: 0 | W15: =MAX(0,(TRUNC((U15*0.75)-V15))) -> 0 | X15: 0 | Y15: 0 | Z15: 0 | AA15: 0 | AB15: 0 | AC15: 0 | AD15: 0 | AE15: 0 | AF15: 0 | AG15: 0 | AH15: 0 | AI15: 0 | AJ15: 0 | AK15: 0 | AL15: 0 | AM15: 0 | AN15: 0 | AO15: 0 | AP15: 0 | AQ15: 0 | AR15: 0 | AS15: 0 | AT15: 0 | AU15: 0 | AV15: 0 | AW15: 0 | AX15: 0 | AY15: 0 | AZ15: 0 | BA15: 0 | BB15: 0 | BC15: 0 | BD15: 0 | BE15: 0 | BF15: 0 | BG15: 0 | BH15: 0 | BI15: 0 | BJ15: 0 | BK15: 0 | BL15: 0 | BM15: 0 | BN15: 0
... A17: 47125 | B17: ** | D17: 15 | E17: 677 | F17: TRESMONTES LUCHETTI (NUTRESA) | G17: 999 | H17: PRODUCTOS A ELIMINAR | I17: 37.9 | J17: 568.5 | K17: =L17*J17 -> #REF! | L17: =SUM(O17+S17+W17) -> #REF! | M17: 0 | N17: 0 | O17: =MAX(0,(TRUNC((M17*0.75)-N17))) -> 0 | Q17: 0 | R17: 0 | S17: =Q17-#REF! -> #REF! | U17: 0 | V17: 0 | W17: =MAX(0,(TRUNC((U17*0.75)-V17))) -> 0 | X17: 0 | Y17: 0 | Z17: 0 | AA17: 0 | AB17: 0 | AC17: 0 | AD17: 0 | AE17: 0 | AF17: 0 | AG17: 0 | AH17: 0 | AI17: 0 | AJ17: 0 | AK17: 0 | AL17: 0 | AM17: 0 | AN17: 0 | AO17: 0 | AP17: 0 | AQ17: 0 | AR17: 0 | AS17: 0 | AT17: 0 | AU17: 0 | AV17: 0 | AW17: 0 | AX17: 0 | AY17: 0 | AZ17: 0 | BA17: 0 | BB17: 0 | BC17: 0 | BD17: 0 | BE17: 0 | BF17: 0 | BG17: 0 | BH17: 0 | BI17: 0 | BJ17: 0 | BK17: 0 | BL17: 0 | BM17: 0 | BN17: 0
A18: 47005 | B18: NUCITA TRISABOR 224GR /16 NUTRESA | C18: 2/20 | D18: 24 | E18: 677 | F18: TRESMONTES LUCHETTI (NUTRESA) | G18: 61 | H18: NUTRESA SA DE CV | I18: 22.3159 | J18: 535.5816 | K18: =L18*J18 -> 0 | L18: =SUM(O18+W18+S18) -> 0 | M18: 63.67 | N18: 71.96 | O18: =MAX(0,(TRUNC((M18*0.75)-N18))) -> 0 | Q18: 98.98 | R18: 143.71 | S18: 0 | U18: 99.04 | V18: 46.96 | W18: 0 | X18: 40 ma | Y18: 140155.01 | Z18: 140657.12 | AA18: 254 | AB18: 147 | AC18: 952 | AD18: 497 | AE18: 1727 | AF18: 0 | AG18: 0 | AH18: 0 | AI18: 0 | AJ18: 0 | AK18: 0 | AL18: 0 | AM18: 0 | AN18: 0 | AO18: 0 | AP18: 0 | AQ18: 0 | AR18: 0 | AS18: 0 | AT18: 0 | AU18: 614 | AV18: 305 | AW18: 1272 | AX18: 674 | AY18: 3449 | AZ18: 0 | BA18: 0 | BB18: 0 | BC18: 0 | BD18: 0 | BE18: 701 | BF18: 182 | BG18: 1160 | BH18: 850 | BI18: 1127 | BJ18: 0 | BK18: 0 | BL18: 0 | BM18: 0 | BN18: 0
A19: 47001 | B19: CHOC CREMINO BICOLOR /24 NUTRESA | C19: 1/20 | D19: 16 | E19: 677 | F19: TRESMONTES LUCHETTI (NUTRESA) | G19: 61 | H19: NUTRESA SA DE CV | I19: 56.5902 | J19: 905.4432 | K19: =L19*J19 -> 144870.91 | L19: =SUM(O19+W19+S19) -> 160 | M19: 45.12 | N19: 4.44 | O19: 60 | Q19: 58.19 | R19: 20 | S19: 60 | U19: 47.5 | V19: 6.88 | W19: 40 | X19: 0 | Y19: 136552.15 | Z19: 28351.69 | AA19: 213 | AB19: 67 | AC19: 291 | AD19: 369 | AE19: 71 | AF19: 0 | AG19: 0 | AH19: 0 | AI19: 0 | AJ19: 0 | AK19: 0 | AL19: 0 | AM19: 0 | AN19: 0 | AO19: 0 | AP19: 0 | AQ19: 0 | AR19: 0 | AS19: 0 | AT19: 0 | AU19: 369 | AV19: 107 | AW19: 362 | AX19: 293 | AY19: 320 | AZ19: 0 | BA19: 0 | BB19: 0 | BC19: 0 | BD19: 0 | BE19: 140 | BF19: 154 | BG19: 372 | BH19: 342 | BI19: 110 | BJ19: 0 | BK19: 0 | BL19: 0 | BM19: 0 | BN19: 0
A20: 47012 | B20: CHOC MONEDA EXH /48 NUTRESA 1432 | C20: 1/25 | D20: 18 | E20: 677 | F20: TRESMONTES LUCHETTI (NUTRESA) | G20: 61 | H20: NUTRESA SA DE CV | I20: 58.8379 | J20: 1059.0822 | K20: =L20*J20 -> 52954.11 | L20: =SUM(O20+W20+S20) -> 50 | M20: 15.86 | N20: 17.44 | O20: =MAX(0,(TRUNC((M20*0.75)-N20))) -> 0 | Q20: 41.25 | R20: 7.78 | S20: 50 | U20: 32.33 | V20: 26.89 | W20: =MAX(0,(TRUNC((U20*0.75)-V20))) -> 0 | X20: 0 | Y20: 94729.02 | Z20: 55189.95 | AA20: 91 | AB20: 87 | AC20: 63 | AD20: 176 | AE20: 314 | AF20: 0 | AG20: 0 | AH20: 0 | AI20: 0 | AJ20: 0 | AK20: 0 | AL20: 0 | AM20: 0 | AN20: 0 | AO20: 0 | AP20: 0 | AQ20: 0 | AR20: 0 | AS20: 0 | AT20: 0 | AU20: 278 | AV20: 125 | AW20: 308 | AX20: 188 | AY20: 140 | AZ20: 0 | BA20: 0 | BB20: 0 | BC20: 0 | BD20: 0 | BE20: 265 | BF20: 66 | BG20: 219 | BH20: 130 | BI20: 484 | BJ20: 0 | BK20: 0 | BL20: 0 | BM20: 0 | BN20: 0
A21: 47023 | B21: EXH CHOC CREMINO BICOLORE NUTRESA /50 | D21: 8 | E21: 677 | F21: TRESMONTES LUCHETTI (NUTRESA) | G21: 61 | H21: NUTRESA SA DE CV | I21: 105.55 | J21: 844.4 | K21: =L21*J21 -> 84440 | L21: =SUM(O21+W21+S21) -> 100 | M21: 33.19 | N21: 13.5 | O21: 20 | Q21: 35.12 | R21: 7.38 | S21: 50 | U21: 22.38 | V21: 4.88 | W21: 30 | X21: 0 | Y21: 76576.52 | Z21: 21743.3 | AA21: 101 | AB21: 23 | AC21: 127 | AD21: 52 | AE21: 108 | AF21: 0 | AG21: 0 | AH21: 0 | AI21: 0 | AJ21: 0 | AK21: 0 | AL21: 0 | AM21: 0 | AN21: 0 | AO21: 0 | AP21: 0 | AQ21: 0 | AR21: 0 | AS21: 0 | AT21: 0 | AU21: 106 | AV21: 19 | AW21: 120 | AX21: 91 | AY21: 59 | AZ21: 0 | BA21: 0 | BB21: 0 | BC21: 0 | BD21: 0 | BE21: 78 | BF21: 59 | BG21: 62 | BH21: 19 | BI21: 39 | BJ21: 0 | BK21: 0 | BL21: 0 | BM21: 0 | BN21: 0
A22: 47010 | B22: CHOC MUIBON AVELLANAS /15 NUTRESA 9055 | C22: 46296 | D22: 24 | E22: 677 | F22: TRESMONTES LUCHETTI (NUTRESA) | G22: 61 | H22: NUTRESA SA DE CV | I22: 48.56 | J22: 1165.44 | K22: =L22*J22 -> 58272 | L22: =SUM(O22+W22+S22) -> 50 | M22: 14.6 | N22: 2.79 | O22: 20 | Q22: 22.04 | R22: 7.62 | S22: 20 | U22: 24.75 | V22: 12.08 | W22: 10 | X22: 0 | Y22: 71553.16 | Z22: 26222.4 | AA22: 67 | AB22: 59 | AC22: 127 | AD22: 254 | AE22: 67 | AF22: 0 | AG22: 0 | AH22: 0 | AI22: 0 | AJ22: 0 | AK22: 0 | AL22: 0 | AM22: 0 | AN22: 0 | AO22: 0 | AP22: 0 | AQ22: 0 | AR22: 0 | AS22: 0 | AT22: 0 | AU22: 187 | AV22: 74 | AW22: 143 | AX22: 324 | AY22: 183 | AZ22: 0 | BA22: 0 | BB22: 0 | BC22: 0 | BD22: 0 | BE22: 153 | BF22: 98 | BG22: 253 | BH22: 278 | BI22: 290 | BJ22: 0 | BK22: 0 | BL22: 0 | BM22: 0 | BN22: 0
A23: 47046 | B23: NUCITA PATITAS (152G) / 8 NUTRESA | C23: 1/20 | D23: 24 | E23: 677 | F23: TRESMONTES LUCHETTI (NUTRESA) | G23: 61 | H23: NUTRESA SA DE CV | I23: 39.11 | J23: 938.64 | K23: =L23*J23 -> 18772.8 | L23: =SUM(O23+W23+S23) -> 20 | M23: 12.83 | N23: 45.96 | O23: =MAX(0,(TRUNC((M23*0.75)-N23))) -> 0 | Q23: 30.85 | R23: 6.88 | S23: 20 | T23: 10ZAM | U23: 22.21 | V23: 49.12 | W23: =MAX(0,(TRUNC((U23*0.75)-V23))) -> 0 | X23: 0 | Y23: 61852.46 | Z23: 95702.17 | AA23: 86 | AB23: 38 | AC23: 139 | AD23: 128 | AE23: 1103 | AF23: 0 | AG23: 0 | AH23: 0 | AI23: 0 | AJ23: 0 | AK23: 0 | AL23: 0 | AM23: 0 | AN23: 0 | AO23: 0 | AP23: 0 | AQ23: 0 | AR23: 0 | AS23: 0 | AT23: 0 | AU23: 319 | AV23: 77 | AW23: 286 | AX23: 194 | AY23: 165 | AZ23: 0 | BA23: 0 | BB23: 0 | BC23: 0 | BD23: 0 | BE23: 133 | BF23: 62 | BG23: 270 | BH23: 198 | BI23: 1179 | BJ23: 0 | BK23: 0 | BL23: 0 | BM23: 0 | BN23: 0
A24: 47038 | B24: CREMINO STICK 140GR/ 20 NUTRESA | D24: 28 | E24: 677 | F24: TRESMONTES LUCHETTI (NUTRESA) | G24: 61 | H24: NUTRESA SA DE CV | I24: 26.59 | J24: 744.52 | K24: =L24*J24 -> 29780.8 | L24: =SUM(O24+W24+S24) -> 40 | M24: 16.34 | N24: 0.04 | O24: 20 | Q24: 23.54 | R24: 29.54 | S24: 0 | U24: 23.89 | V24: 6.54 | W24: 20 | X24: 0 | Y24: 47476.44 | Z24: 26882.49 | AA24: 93 | AB24: 83 | AC24: 248 | AD24: 150 | AE24: 1 | AF24: 0 | AG24: 0 | AH24: 0 | AI24: 0 | AJ24: 0 | AK24: 0 | AL24: 0 | AM24: 0 | AN24: 0 | AO24: 0 | AP24: 0 | AQ24: 0 | AR24: 0 | AS24: 0 | AT24: 0 | AU24: 138 | AV24: 52 | AW24: 357 | AX24: 276 | AY24: 827 | AZ24: 0 | BA24: 0 | BB24: 0 | BC24: 0 | BD24: 0 | BE24: 239 | BF24: 8 | BG24: 277 | BH24: 298 | BI24: 183 | BJ24: 0 | BK24: 0 | BL24: 0 | BM24: 0 | BN24: 0
A25: 47039 | B25: NUCITA TRISABOR CONFITES NUTRESA/12 5868 | D25: 24 | E25: 677 | F25: TRESMONTES LUCHETTI (NUTRESA) | G25: 61 | H25: NUTRESA SA DE CV | I25: 52.259 | J25: 1254.216 | K25: =L25*J25 -> 25084.32 | L25: =SUM(O25+W25+S25) -> 20 | M25: 8.44 | N25: 1 | O25: 10 | Q25: 17.9 | R25: 12.12 | S25: 10 | U25: 9.98 | V25: 7.83 | W25: =MAX(0,(TRUNC((U25*0.75)-V25))) -> 0 | X25: 0 | Y25: 45543.72 | Z25: 26286.28 | AA25: 72 | AB25: 0 | AC25: 94 | AD25: 73 | AE25: 24 | AF25: 0 | AG25: 0 | AH25: 0 | AI25: 0 | AJ25: 0 | AK25: 0 | AL25: 0 | AM25: 0 | AN25: 0 | AO25: 0 | AP25: 0 | AQ25: 0 | AR25: 0 | AS25: 0 | AT25: 0 | AU25: 126 | AV25: 35 | AW25: 217 | AX25: 138 | AY25: 291 | AZ25: 0 | BA25: 0 | BB25: 0 | BC25: 0 | BD25: 0 | BE25: 97 | BF25: 20 | BG25: 85 | BH25: 95 | BI25: 188 | BJ25: 0 | BK25: 0 | BL25: 0 | BM25: 0 | BN25: 0
A26: 47000 | B26: CHOC CREMINO BLANCO /24 NUTRESA 2256 | C26: 1/20 | D26: 16 | E26: 677 | F26: TRESMONTES LUCHETTI (NUTRESA) | G26: 61 | H26: NUTRESA SA DE CV | I26: 56.59 | J26: 905.44 | K26: =L26*J26 -> 0 | L26: =SUM(O26+W26+S26) -> 0 | M26: 12.75 | N26: 8.38 | O26: 0 | P26: 5ZAM | Q26: 23.38 | R26: 38.44 | S26: 0 | U26: 12 | V26: 21.62 | W26: =MAX(0,(TRUNC((U26*0.75)-V26))) -> 0 | X26: 0 | Y26: 43574.3 | Z26: 61966.05 | AA26: 70 | AB26: 17 | AC26: 83 | AD26: 85 | AE26: 134 | AF26: 0 | AG26: 0 | AH26: 0 | AI26: 0 | AJ26: 0 | AK26: 0 | AL26: 0 | AM26: 0 | AN26: 0 | AO26: 0 | AP26: 0 | AQ26: 0 | AR26: 0 | AS26: 0 | AT26: 0 | AU26: 147 | AV26: 38 | AW26: 133 | AX26: 150 | AY26: 615 | AZ26: 0 | BA26: 0 | BB26: 0 | BC26: 0 | BD26: 0 | BE26: 62 | BF26: 49 | BG26: 83 | BH26: 45 | BI26: 346 | BJ26: 0 | BK26: 0 | BL26: 0 | BM26: 0 | BN26: 0
A27: 10703 | B27: VIT CHOC MONEDA 708g /120 NUTRESA | D27: 12 | E27: 677 | F27: TRESMONTES LUCHETTI (NUTRESA) | G27: 542 | H27: DISPONIBLE | I27: 125.581 | J27: 1506.972 | K27: =L27*J27 -> 52744.02 | L27: =SUM(O27+W27+S27) -> 35 | M27: 4.62 | N27: -0.25 | O27: 10 | Q27: 5.92 | R27: 0 | S27: 15 | U27: 11.08 | V27: 3.25 | W27: 10 | X27: 0 | Y27: 32588.27 | Z27: 4520.92 | AA27: 12 | AB27: 15 | AC27: 34 | AD27: 4 | AE27: -3 | AF27: 0 | AG27: 0 | AH27: 0 | AI27: 0 | AJ27: 0 | AK27: 0 | AL27: 0 | AM27: 0 | AN27: 0 | AO27: 0 | AP27: 0 | AQ27: 0 | AR27: 0 | AS27: 0 | AT27: 0 | AU27: 13 | AV27: 9 | AW27: 40 | AX27: 27 | AY27: 0 | AZ27: 0 | BA27: 0 | BB27: 0 | BC27: 0 | BD27: 0 | BE27: 40 | BF27: 23 | BG27: 54 | BH27: 55 | BI27: 39 | BJ27: 0 | BK27: 0 | BL27: 0 | BM27: 0 | BN27: 0
A28: 47004 | B28: NUCITA FRESA Y CHOCOLATE 224GR /16 NUTRESA | C28: 2/20 | D28: 24 | E28: 677 | F28: TRESMONTES LUCHETTI (NUTRESA) | G28: 61 | H28: NUTRESA SA DE CV | I28: 22.3159 | J28: 535.5816 | K28: =L28*J28 -> 0 | L28: =SUM(O28+W28+S28) -> 0 | M28: 15.02 | N28: 22.88 | O28: =MAX(0,(TRUNC((M28*0.75)-N28))) -> 0 | Q28: 22.33 | R28: 41.42 | S28: 0 | U28: 23.35 | V28: 79.96 | W28: =MAX(0,(TRUNC((U28*0.75)-V28))) -> 0 | X28: 0 | Y28: 32514.27 | Z28: 77257.65 | AA28: 104 | AB28: 70 | AC28: 93 | AD28: 257 | AE28: 549 | AF28: 0 | AG28: 0 | AH28: 0 | AI28: 0 | AJ28: 0 | AK28: 0 | AL28: 0 | AM28: 0 | AN28: 0 | AO28: 0 | AP28: 0 | AQ28: 0 | AR28: 0 | AS28: 0 | AT28: 0 | AU28: 220 | AV28: 69 | AW28: 232 | AX28: 99 | AY28: 994 | AZ28: 0 | BA28: 0 | BB28: 0 | BC28: 0 | BD28: 0 | BE28: 64 | BF28: 32 | BG28: 377 | BH28: 207 | BI28: 1919 | BJ28: 0 | BK28: 0 | BL28: 0 | BM28: 0 | BN28: 0
A29: 47024 | B29: CHOC BALONCITOS NUTRESA /200 | D29: 12 | E29: 677 | F29: TRESMONTES LUCHETTI (NUTRESA) | G29: 61 | H29: NUTRESA SA DE CV | I29: 135.39 | J29: 1624.68 | K29: =L29*J29 -> 40617 | L29: =SUM(O29+W29+S29) -> 25 | M29: 7.42 | N29: -0.08 | O29: 10 | Q29: 6.67 | R29: 4.67 | S29: 5 | U29: 4.88 | V29: 0 | W29: 10 | X29: 0 | Y29: 30801.22 | Z29: 7446.45 | AA29: 19 | AB29: 29 | AC29: 54 | AD29: 3 | AE29: -1 | AF29: 0 | AG29: 0 | AH29: 0 | AI29: 0 | AJ29: 0 | AK29: 0 | AL29: 0 | AM29: 0 | AN29: 0 | AO29: 0 | AP29: 0 | AQ29: 0 | AR29: 0 | AS29: 0 | AT29: 0 | AU29: 33 | AV29: 6 | AW29: 33 | AX29: 22 | AY29: 56 | AZ29: 0 | BA29: 0 | BB29: 0 | BC29: 0 | BD29: 0 | BE29: 6 | BF29: 13 | BG29: 30 | BH29: 32 | BI29: 0 | BJ29: 0 | BK29: 0 | BL29: 0 | BM29: 0 | BN29: 0
A30: 47008 | B30: CHOC NUCITA BARRA /16 NUTRESA 1471 | D30: 24 | E30: 677 | F30: TRESMONTES LUCHETTI (NUTRESA) | G30: 61 | H30: NUTRESA SA DE CV | I30: 35.74 | J30: 857.76 | K30: =L30*J30 -> 42888 | L30: =SUM(O30+W30+S30) -> 50 | M30: 7.79 | N30: 0.5 | O30: 10 | Q30: 10.58 | R30: 0 | S30: 20 | U30: 16.5 | V30: 1.42 | W30: 20 | X30: 0 | Y30: 29914.38 | Z30: 1644.04 | AA30: 0 | AB30: 3 | AC30: 135 | AD30: 101 | AE30: 12 | AF30: 0 | AG30: 0 | AH30: 0 | AI30: 0 | AJ30: 0 | AK30: 0 | AL30: 0 | AM30: 0 | AN30: 0 | AO30: 0 | AP30: 0 | AQ30: 0 | AR30: 0 | AS30: 0 | AT30: 0 | AU30: 0 | AV30: 3 | AW30: 198 | AX30: 109 | AY30: 0 | AZ30: 0 | BA30: 0 | BB30: 0 | BC30: 0 | BD30: 0 | BE30: 88 | BF30: 89 | BG30: 169 | BH30: 189 | BI30: 34 | BJ30: 0 | BK30: 0 | BL30: 0 | BM30: 0 | BN30: 0
A31: 47003 | B31: NUCITA FRESA/VAINILLLA /16 NUTRESA | C31: 2/20 | D31: 24 | E31: 677 | F31: TRESMONTES LUCHETTI (NUTRESA) | G31: 61 | H31: NUTRESA SA DE CV | I31: 22.3159 | J31: 535.5816 | K31: =L31*J31 -> 0 | L31: =SUM(O31+W31+S31) -> 0 | M31: 19.75 | N31: 36.58 | O31: =MAX(0,(TRUNC((M31*0.75)-N31))) -> 0 | Q31: 16.98 | R31: 47.54 | S31: 0 | U31: 17.81 | V31: 54.04 | W31: =MAX(0,(TRUNC((U31*0.75)-V31))) -> 0 | X31: 0 | Y31: 29211.51 | Z31: 73999.52 | AA31: 63 | AB31: 38 | AC31: 348 | AD31: 88 | AE31: 878 | AF31: 0 | AG31: 0 | AH31: 0 | AI31: 0 | AJ31: 0 | AK31: 0 | AL31: 0 | AM31: 0 | AN31: 0 | AO31: 0 | AP31: 0 | AQ31: 0 | AR31: 0 | AS31: 0 | AT31: 0 | AU31: 74 | AV31: 33 | AW31: 218 | AX31: 198 | AY31: 1141 | AZ31: 0 | BA31: 0 | BB31: 0 | BC31: 0 | BD31: 0 | BE31: 99 | BF31: 46 | BG31: 250 | BH31: 111 | BI31: 1297 | BJ31: 0 | BK31: 0 | BL31: 0 | BM31: 0 | BN31: 0
A32: 47002 | B32: NUCITA VAINILLA Y CHOCOLATE 240GR /16 NUTRES 78 | C32: 2/20 | D32: 24 | E32: 677 | F32: TRESMONTES LUCHETTI (NUTRESA) | G32: 61 | H32: NUTRESA SA DE CV | I32: 22.3159 | J32: 535.5816 | K32: =L32*J32 -> 0 | L32: =SUM(O32+W32+S32) -> 0 | M32: 17.71 | N32: 39.58 | O32: =MAX(0,(TRUNC((M32*0.75)-N32))) -> 0 | Q32: 16.94 | R32: 50.88 | S32: 0 | U32: 9.54 | V32: 24 | W32: =MAX(0,(TRUNC((U32*0.75)-V32))) -> 0 | X32: 0 | Y32: 23666.01 | Z32: 61301.78 | AA32: 76 | AB32: 33 | AC32: 237 | AD32: 191 | AE32: 950 | AF32: 0 | AG32: 0 | AH32: 0 | AI32: 0 | AJ32: 0 | AK32: 0 | AL32: 0 | AM32: 0 | AN32: 0 | AO32: 0 | AP32: 0 | AQ32: 0 | AR32: 0 | AS32: 0 | AT32: 0 | AU32: 99 | AV32: 49 | AW32: 176 | AX32: 214 | AY32: 1221 | AZ32: 0 | BA32: 0 | BB32: 0 | BC32: 0 | BD32: 0 | BE32: 66 | BF32: 17 | BG32: 112 | BH32: 85 | BI32: 576 | BJ32: 0 | BK32: 0 | BL32: 0 | BM32: 0 | BN32: 0
A33: 47029 | B33: NUCITA TRIANG TRISABOR /12 NUTRESA 2694 | D33: 24 | E33: 677 | F33: TRESMONTES LUCHETTI (NUTRESA) | G33: 61 | H33: NUTRESA SA DE CV | I33: 41.26 | J33: 990.24 | K33: =L33*J33 -> 24756 | L33: =SUM(O33+W33+S33) -> 25 | M33: 5 | N33: -0.04 | O33: 5 | Q33: 7.75 | R33: 4.29 | S33: 10 | U33: 9.08 | V33: 2.67 | W33: 10 | X33: 0 | Y33: 21620.24 | Z33: 6849.16 | AA33: 16 | AB33: 7 | AC33: 57 | AD33: 87 | AE33: -1 | AF33: 0 | AG33: 0 | AH33: 0 | AI33: 0 | AJ33: 0 | AK33: 0 | AL33: 0 | AM33: 0 | AN33: 0 | AO33: 0 | AP33: 0 | AQ33: 0 | AR33: 0 | AS33: 0 | AT33: 0 | AU33: 75 | AV33: 36 | AW33: 56 | AX33: 74 | AY33: 103 | AZ33: 0 | BA33: 0 | BB33: 0 | BC33: 0 | BD33: 0 | BE33: 76 | BF33: 25 | BG33: 108 | BH33: 43 | BI33: 64 | BJ33: 0 | BK33: 0 | BL33: 0 | BM33: 0 | BN33: 0
A34: 47014 | B34: CHOC BALONES BLISTER/56 NUTRESA 1398 | C34: 1/25 | D34: 24 | E34: 677 | F34: TRESMONTES LUCHETTI (NUTRESA) | G34: 61 | H34: NUTRESA SA DE CV | I34: 43.3191 | J34: 1039.6584 | K34: =L34*J34 -> 5198.292 | L34: =SUM(O34+W34+S34) -> 5 | M34: 4.1 | N34: 1.62 | O34: 0 | P34: 1ZAM | Q34: 5.9 | R34: 4 | S34: 5 | T34: NO PEDIR 25 SOLO 5 CONFIRMAR POR QUE LUEGO MANDAN LOS 25 | U34: 2.1 | V34: 5.04 | W34: =MAX(0,(TRUNC((U34*0.75)-V34))) -> 0 | X34: 0 | Y34: 12584.2 | Z34: 11089.69 | AA34: 15 | AB34: 4 | AC34: 71 | AD34: 21 | AE34: 39 | AF34: 0 | AG34: 0 | AH34: 0 | AI34: 0 | AJ34: 0 | AK34: 0 | AL34: 0 | AM34: 0 | AN34: 0 | AO34: 0 | AP34: 0 | AQ34: 0 | AR34: 0 | AS34: 0 | AT34: 0 | AU34: 73 | AV34: 33 | AW34: 34 | AX34: 36 | AY34: 96 | AZ34: 0 | BA34: 0 | BB34: 0 | BC34: 0 | BD34: 0 | BE34: 10 | BF34: 9 | BG34: 17 | BH34: 38 | BI34: 121 | BJ34: 0 | BK34: 0 | BL34: 0 | BM34: 0 | BN34: 0
A35: 48091 | B35: ZUKO 8 S JAMAICA EXH | D35: 12 | E35: 677 | F35: TRESMONTES LUCHETTI (NUTRESA) | G35: 690 | H35: TRESMONTES LUCCHETTI (ZUKO) | I35: 29.5707 | J35: 354.8484 | K35: =L35*J35 -> 0 | L35: =SUM(O35+W35+S35) -> 0 | M35: 10.88 | N35: 12.17 | O35: =MAX(0,(TRUNC((M35*0.75)-N35))) -> 0 | Q35: 6.96 | R35: 5.92 | S35: 0 | T35: 5zam | U35: 7.33 | V35: 20.25 | W35: =MAX(0,(TRUNC((U35*0.75)-V35))) -> 0 | X35: 0 | Y35: 8930.35 | Z35: 13602.52 | AA35: 32 | AB35: 14 | AC35: 58 | AD35: 67 | AE35: 146 | AF35: 0 | AG35: 0 | AH35: 0 | AI35: 0 | AJ35: 0 | AK35: 0 | AL35: 0 | AM35: 0 | AN35: 0 | AO35: 0 | AP35: 0 | AQ35: 0 | AR35: 0 | AS35: 0 | AT35: 0 | AU35: 18 | AV35: 11 | AW35: 43 | AX35: 34 | AY35: 71 | AZ35: 0 | BA35: 0 | BB35: 0 | BC35: 0 | BD35: 0 | BE35: 17 | BF35: 12 | BG35: 13 | BH35: 104 | BI35: 243 | BJ35: 0 | BK35: 0 | BL35: 0 | BM35: 0 | BN35: 0
A36: 48084 | B36: ZUKO 8 S HORCHATA EXH | D36: 12 | E36: 677 | F36: TRESMONTES LUCHETTI (NUTRESA) | G36: 690 | H36: TRESMONTES LUCCHETTI (ZUKO) | I36: 29.5707 | J36: 354.8484 | K36: =L36*J36 -> 0 | L36: =SUM(O36+W36+S36) -> 0 | M36: 7.04 | N36: 10.83 | O36: =MAX(0,(TRUNC((M36*0.75)-N36))) -> 0 | Q36: 5.58 | R36: 5.17 | S36: 0 | T36: 3zam | U36: 5.79 | V36: 15.42 | W36: =MAX(0,(TRUNC((U36*0.75)-V36))) -> 0 | X36: 0 | Y36: 6535.12 | Z36: 11148.15 | AA36: 41 | AB36: 14 | AC36: 14 | AD36: 45 | AE36: 130 | AF36: 0 | AG36: 0 | AH36: 0 | AI36: 0 | AJ36: 0 | AK36: 0 | AL36: 0 | AM36: 0 | AN36: 0 | AO36: 0 | AP36: 0 | AQ36: 0 | AR36: 0 | AS36: 0 | AT36: 0 | AU36: 18 | AV36: 10 | AW36: 30 | AX36: 28 | AY36: 62 | AZ36: 0 | BA36: 0 | BB36: 0 | BC36: 0 | BD36: 0 | BE36: 22 | BF36: 9 | BG36: 10 | BH36: 66 | BI36: 185 | BJ36: 0 | BK36: 0 | BL36: 0 | BM36: 0 | BN36: 0
A37: 48085 | B37: ZUKO 8 S FRESA EXH | D37: 12 | E37: 677 | F37: TRESMONTES LUCHETTI (NUTRESA) | G37: 690 | H37: TRESMONTES LUCCHETTI (ZUKO) | I37: 29.5707 | J37: 354.8484 | K37: =L37*J37 -> 0 | L37: =SUM(O37+W37+S37) -> 0 | M37: 5.12 | N37: 3.5 | O37: =MAX(0,(TRUNC((M37*0.75)-N37))) -> 0 | Q37: 4.5 | R37: 3.33 | S37: 0 | U37: 4.83 | V37: 0.67 | W37: 0 | X37: 0 | Y37: 5130.52 | Z37: 2661.36 | AA37: 17 | AB37: 11 | AC37: 7 | AD37: 64 | AE37: 42 | AF37: 0 | AG37: 0 | AH37: 0 | AI37: 0 | AJ37: 0 | AK37: 0 | AL37: 0 | AM37: 0 | AN37: 0 | AO37: 0 | AP37: 0 | AQ37: 0 | AR37: 0 | AS37: 0 | AT37: 0 | AU37: 8 | AV37: 0 | AW37: 35 | AX37: 22 | AY37: 40 | AZ37: 0 | BA37: 0 | BB37: 0 | BC37: 0 | BD37: 0 | BE37: 10 | BF37: 6 | BG37: 12 | BH37: 66 | BI37: 8 | BJ37: 0 | BK37: 0 | BL37: 0 | BM37: 0 | BN37: 0
A38: 48081 | B38: ZUKO 8 S NARANJA EXH | D38: 12 | E38: 677 | F38: TRESMONTES LUCHETTI (NUTRESA) | G38: 690 | H38: TRESMONTES LUCCHETTI (ZUKO) | I38: 29.5707 | J38: 354.8484 | K38: =L38*J38 -> 0 | L38: =SUM(O38+W38+S38) -> 0 | M38: 4.46 | N38: 15.08 | O38: =MAX(0,(TRUNC((M38*0.75)-N38))) -> 0 | Q38: 3.25 | R38: 6.75 | S38: 0 | U38: 6.38 | V38: 18.17 | W38: =MAX(0,(TRUNC((U38*0.75)-V38))) -> 0 | X38: 0 | Y38: 4997.45 | Z38: 14193.94 | AA38: 18 | AB38: 9 | AC38: 6 | AD38: 50 | AE38: 181 | AF38: 0 | AG38: 0 | AH38: 0 | AI38: 0 | AJ38: 0 | AK38: 0 | AL38: 0 | AM38: 0 | AN38: 0 | AO38: 0 | AP38: 0 | AQ38: 0 | AR38: 0 | AS38: 0 | AT38: 0 | AU38: 5 | AV38: 4 | AW38: 23 | AX38: 18 | AY38: 81 | AZ38: 0 | BA38: 0 | BB38: 0 | BC38: 0 | BD38: 0 | BE38: 25 | BF38: 10 | BG38: 19 | BH38: 55 | BI38: 218 | BJ38: 0 | BK38: 0 | BL38: 0 | BM38: 0 | BN38: 0
A39: 47026 | B39: CHOC MUIBON ROLL C&C 315GR/ 15 NUTRESA | C39: 1/20 | D39: 12 | E39: 677 | F39: TRESMONTES LUCHETTI (NUTRESA) | G39: 999 | H39: PRODUCTOS A ELIMINAR | I39: 48.56 | J39: 582.72 | K39: =L39*J39 -> 34963.2 | L39: =SUM(O39+W39+S39) -> 60 | M39: 0 | N39: 0 | O39: 20 | Q39: 7.08 | R39: 3.5 | S39: 20 | U39: 0 | V39: 0 | W39: 20 | X39: 0 | Y39: 4127.6 | Z39: 2039.52 | AA39: 0 | AB39: 0 | AC39: 0 | AD39: 0 | AE39: 0 | AF39: 0 | AG39: 0 | AH39: 0 | AI39: 0 | AJ39: 0 | AK39: 0 | AL39: 0 | AM39: 0 | AN39: 0 | AO39: 0 | AP39: 0 | AQ39: 0 | AR39: 0 | AS39: 0 | AT39: 0 | AU39: 67 | AV39: 36 | AW39: 0 | AX39: 0 | AY39: 42 | AZ39: 0 | BA39: 0 | BB39: 0 | BC39: 0 | BD39: 0 | BE39: 0 | BF39: 0 | BG39: 0 | BH39: 0 | BI39: 0 | BJ39: 0 | BK39: 0 | BL39: 0 | BM39: 0 | BN39: 0
A40: 48067 | B40: ZUKO 8 S LIMON EXH | D40: 12 | E40: 677 | F40: TRESMONTES LUCHETTI (NUTRESA) | G40: 690 | H40: TRESMONTES LUCCHETTI (ZUKO) | I40: 29.5707 | J40: 354.8484 | K40: =L40*J40 -> 0 | L40: =SUM(O40+W40+S40) -> 0 | M40: 3.58 | N40: 8 | O40: =MAX(0,(TRUNC((M40*0.75)-N40))) -> 0 | Q40: 3.21 | R40: 7.25 | S40: 0 | U40: 4.58 | V40: 9.92 | W40: =MAX(0,(TRUNC((U40*0.75)-V40))) -> 0 | X40: 0 | Y40: 4036.4 | Z40: 8930.35 | AA40: 22 | AB40: 5 | AC40: 6 | AD40: 25 | AE40: 96 | AF40: 0 | AG40: 0 | AH40: 0 | AI40: 0 | AJ40: 0 | AK40: 0 | AL40: 0 | AM40: 0 | AN40: 0 | AO40: 0 | AP40: 0 | AQ40: 0 | AR40: 0 | AS40: 0 | AT40: 0 | AU40: 6 | AV40: 4 | AW40: 25 | AX40: 11 | AY40: 87 | AZ40: 0 | BA40: 0 | BB40: 0 | BC40: 0 | BD40: 0 | BE40: 5 | BF40: 4 | BG40: 24 | BH40: 48 | BI40: 119 | BJ40: 0 | BK40: 0 | BL40: 0 | BM40: 0 | BN40: 0
A41: 47036 | B41: CHOC RACING BLISTER NUTRESA /56 1476 | D41: 24 | E41: 677 | F41: TRESMONTES LUCHETTI (NUTRESA) | G41: 61 | H41: NUTRESA SA DE CV | I41: 38.6661 | J41: 927.9864 | K41: =L41*J41 -> 0 | L41: =SUM(O41+W41+S41) -> 0 | M41: 2.06 | N41: 0 | O41: 0 | Q41: 1.21 | R41: 0 | S41: 0 | U41: 0.65 | V41: 0 | W41: =MAX(0,(TRUNC((U41*0.75)-V41))) -> 0 | X41: 0 | Y41: 3634.61 | Z41: 0 | AA41: 0 | AB41: 0 | AC41: 35 | AD41: 29 | AE41: 0 | AF41: 0 | AG41: 0 | AH41: 0 | AI41: 0 | AJ41: 0 | AK41: 0 | AL41: 0 | AM41: 0 | AN41: 0 | AO41: 0 | AP41: 0 | AQ41: 0 | AR41: 0 | AS41: 0 | AT41: 0 | AU41: 0 | AV41: 0 | AW41: 19 | AX41: 20 | AY41: 0 | AZ41: 0 | BA41: 0 | BB41: 0 | BC41: 0 | BD41: 0 | BE41: 0 | BF41: 0 | BG41: 11 | BH41: 9 | BI41: 0 | BJ41: 0 | BK41: 0 | BL41: 0 | BM41: 0 | BN41: 0
A42: 48069 | B42: ZUKO 8 S MANGO EXH | D42: 12 | E42: 677 | F42: TRESMONTES LUCHETTI (NUTRESA) | G42: 690 | H42: TRESMONTES LUCCHETTI (ZUKO) | I42: 29.5707 | J42: 354.8484 | K42: =L42*J42 -> 0 | L42: =SUM(O42+W42+S42) -> 0 | M42: 2.42 | N42: 4.5 | O42: =MAX(0,(TRUNC((M42*0.75)-N42))) -> 0 | Q42: 5 | R42: 2.75 | S42: 0 | T42: 3zam | U42: 2.08 | V42: 8.25 | W42: =MAX(0,(TRUNC((U42*0.75)-V42))) -> 0 | X42: 0 | Y42: 3371.06 | Z42: 5500.15 | AA42: 8 | AB42: 3 | AC42: 6 | AD42: 27 | AE42: 54 | AF42: 0 | AG42: 0 | AH42: 0 | AI42: 0 | AJ42: 0 | AK42: 0 | AL42: 0 | AM42: 0 | AN42: 0 | AO42: 0 | AP42: 0 | AQ42: 0 | AR42: 0 | AS42: 0 | AT42: 0 | AU42: 12 | AV42: 4 | AW42: 31 | AX42: 30 | AY42: 33 | AZ42: 0 | BA42: 0 | BB42: 0 | BC42: 0 | BD42: 0 | BE42: 5 | BF42: 4 | BG42: 11 | BH42: 14 | BI42: 99 | BJ42: 0 | BK42: 0 | BL42: 0 | BM42: 0 | BN42: 0
A43: 48058 | B43: ZUKO 8 S MELON EXH | D43: 12 | E43: 677 | F43: TRESMONTES LUCHETTI (NUTRESA) | G43: 690 | H43: TRESMONTES LUCCHETTI (ZUKO) | I43: 29.5707 | J43: 354.8484 | K43: =L43*J43 -> 0 | L43: =SUM(O43+W43+S43) -> 0 | M43: 2.96 | N43: 8.83 | O43: =MAX(0,(TRUNC((M43*0.75)-N43))) -> 0 | Q43: 1.83 | R43: 3.33 | S43: 0 | U43: 3.62 | V43: 4.92 | W43: =MAX(0,(TRUNC((U43*0.75)-V43))) -> 0 | X43: 0 | Y43: 2986.64 | Z43: 6061.99 | AA43: 15 | AB43: 6 | AC43: 13 | AD43: 9 | AE43: 106 | AF43: 0 | AG43: 0 | AH43: 0 | AI43: 0 | AJ43: 0 | AK43: 0 | AL43: 0 | AM43: 0 | AN43: 0 | AO43: 0 | AP43: 0 | AQ43: 0 | AR43: 0 | AS43: 0 | AT43: 0 | AU43: 2 | AV43: 4 | AW43: 10 | AX43: 16 | AY43: 40 | AZ43: 0 | BA43: 0 | BB43: 0 | BC43: 0 | BD43: 0 | BE43: 2 | BF43: 0 | BG43: 30 | BH43: 23 | BI43: 59 | BJ43: 0 | BK43: 0 | BL43: 0 | BM43: 0 | BN43: 0
A44: 48068 | B44: ZUKO 8 S TAMARINDO EXH | D44: 12 | E44: 677 | F44: TRESMONTES LUCHETTI (NUTRESA) | G44: 690 | H44: TRESMONTES LUCCHETTI (ZUKO) | I44: 29.5707 | J44: 354.8484 | K44: =L44*J44 -> 0 | L44: =SUM(O44+W44+S44) -> 0 | M44: 1.96 | N44: 5.33 | O44: =MAX(0,(TRUNC((M44*0.75)-N44))) -> 0 | Q44: 3.92 | R44: 2.83 | S44: 0 | U44: 1.83 | V44: 0 | W44: 0 | X44: 0 | Y44: 2735.29 | Z44: 2897.93 | AA44: 3 | AB44: 1 | AC44: 5 | AD44: 30 | AE44: 64 | AF44: 0 | AG44: 0 | AH44: 0 | AI44: 0 | AJ44: 0 | AK44: 0 | AL44: 0 | AM44: 0 | AN44: 0 | AO44: 0 | AP44: 0 | AQ44: 0 | AR44: 0 | AS44: 0 | AT44: 0 | AU44: 4 | AV44: 2 | AW44: 30 | AX44: 24 | AY44: 34 | AZ44: 0 | BA44: 0 | BB44: 0 | BC44: 0 | BD44: 0 | BE44: 1 | BF44: 0 | BG44: 5 | BH44: 32 | BI44: 0 | BJ44: 0 | BK44: 0 | BL44: 0 | BM44: 0 | BN44: 0
A45: 48082 | B45: ZUKO 8 S PIÑA EXH | D45: 12 | E45: 677 | F45: TRESMONTES LUCHETTI (NUTRESA) | G45: 690 | H45: TRESMONTES LUCCHETTI (ZUKO) | I45: 29.5707 | J45: 354.8484 | K45: =L45*J45 -> 0 | L45: =SUM(O45+W45+S45) -> 0 | M45: 3.71 | N45: 3.08 | O45: =MAX(0,(TRUNC((M45*0.75)-N45))) -> 0 | Q45: 1.54 | R45: 0 | S45: 0 | T45: 3zam | U45: 2.38 | V45: 8.67 | W45: =MAX(0,(TRUNC((U45*0.75)-V45))) -> 0 | X45: 0 | Y45: 2705.72 | Z45: 4169.47 | AA45: 22 | AB45: 5 | AC45: 6 | AD45: 28 | AE45: 37 | AF45: 0 | AG45: 0 | AH45: 0 | AI45: 0 | AJ45: 0 | AK45: 0 | AL45: 0 | AM45: 0 | AN45: 0 | AO45: 0 | AP45: 0 | AQ45: 0 | AR45: 0 | AS45: 0 | AT45: 0 | AU45: 0 | AV45: 0 | AW45: 13 | AX45: 11 | AY45: 0 | AZ45: 0 | BA45: 0 | BB45: 0 | BC45: 0 | BD45: 0 | BE45: 14 | BF45: 2 | BG45: 4 | BH45: 19 | BI45: 104 | BJ45: 0 | BK45: 0 | BL45: 0 | BM45: 0 | BN45: 0
A46: 47009 | B46: VIT CHOC RACING /200 NUTRESA 1477 | D46: 12 | E46: 677 | F46: TRESMONTES LUCHETTI (NUTRESA) | G46: 61 | H46: NUTRESA SA DE CV | I46: 138.47 | J46: 1661.64 | K46: =L46*J46 -> 0 | L46: =SUM(O46+W46+S46) -> 0 | M46: 0 | N46: 0 | O46: =MAX(0,(TRUNC((M46*0.75)-N46))) -> 0 | Q46: 0.79 | R46: 0 | S46: 0 | U46: 0.75 | V46: 0 | W46: =MAX(0,(TRUNC((U46*0.75)-V46))) -> 0 | X46: 0 | Y46: 2561.69 | Z46: 0 | AA46: 0 | AB46: 0 | AC46: 0 | AD46: 0 | AE46: 0 | AF46: 0 | AG46: 0 | AH46: 0 | AI46: 0 | AJ46: 0 | AK46: 0 | AL46: 0 | AM46: 0 | AN46: 0 | AO46: 0 | AP46: 0 | AQ46: 0 | AR46: 0 | AS46: 0 | AT46: 0 | AU46: 0 | AV46: 0 | AW46: 9 | AX46: 1 | AY46: 0 | AZ46: 0 | BA46: 0 | BB46: 0 | BC46: 0 | BD46: 0 | BE46: 0 | BF46: 0 | BG46: 8 | BH46: 2 | BI46: 0 | BJ46: 0 | BK46: 0 | BL46: 0 | BM46: 0 | BN46: 0
A47: 47027 | B47: CHOC CREMINO FRUTOS ROJOS 408GR/ 24 NUTRESA | C47: 1/20 | D47: 16 | E47: 677 | F47: TRESMONTES LUCHETTI (NUTRESA) | G47: 999 | H47: PRODUCTOS A ELIMINAR | I47: 56.59 | J47: 905.44 | K47: =L47*J47 -> 18108.8 | L47: =SUM(O47+W47+S47) -> 20 | M47: 2.59 | N47: 1.81 | O47: =MAX(0,(TRUNC((M47*0.75)-N47))) -> 0 | Q47: 0 | R47: 0 | S47: 20 | U47: 0 | V47: 0 | W47: =MAX(0,(TRUNC((U47*0.75)-V47))) -> 0 | X47: 0 | Y47: 2348.48 | Z47: 1641.11 | AA47: 35 | AB47: 13 | AC47: 0 | AD47: 0 | AE47: 29 | AF47: 0 | AG47: 0 | AH47: 0 | AI47: 0 | AJ47: 0 | AK47: 0 | AL47: 0 | AM47: 0 | AN47: 0 | AO47: 0 | AP47: 0 | AQ47: 0 | AR47: 0 | AS47: 0 | AT47: 0 | AU47: 0 | AV47: 0 | AW47: 0 | AX47: 0 | AY47: 0 | AZ47: 0 | BA47: 0 | BB47: 0 | BC47: 0 | BD47: 0 | BE47: 0 | BF47: 0 | BG47: 0 | BH47: 0 | BI47: 0 | BJ47: 0 | BK47: 0 | BL47: 0 | BM47: 0 | BN47: 0
A48: 47210 | B48: CREMINO AVELLANA UNTABLE (350G) / 1 NUTRESA | D48: 12 | E48: 677 | F48: TRESMONTES LUCHETTI (NUTRESA) | G48: 61 | H48: NUTRESA SA DE CV | I48: 48.1554 | J48: 577.8648 | K48: =L48*J48 -> 5778.648 | L48: =SUM(O48+W48+S48) -> 10 | M48: 0.25 | N48: 1.33 | O48: =MAX(0,(TRUNC((M48*0.75)-N48))) -> 0 | Q48: 2 | R48: 0.33 | S48: 10 | U48: 1.62 | V48: 1.42 | W48: =MAX(0,(TRUNC((U48*0.75)-V48))) -> 0 | X48: 0 | Y48: 2239.23 | Z48: 1781.75 | AA48: 3 | AB48: 0 | AC48: 0 | AD48: 0 | AE48: 16 | AF48: 0 | AG48: 0 | AH48: 0 | AI48: 0 | AJ48: 0 | AK48: 0 | AL48: 0 | AM48: 0 | AN48: 0 | AO48: 0 | AP48: 0 | AQ48: 0 | AR48: 0 | AS48: 0 | AT48: 0 | AU48: 16 | AV48: 14 | AW48: 1 | AX48: 0 | AY48: 4 | AZ48: 0 | BA48: 0 | BB48: 0 | BC48: 0 | BD48: 0 | BE48: 13 | BF48: 13 | BG48: 0 | BH48: 0 | BI48: 17 | BJ48: 0 | BK48: 0 | BL48: 0 | BM48: 0 | BN48: 0
A49: 47019 | B49: BOLSA CHOCO MIX 815 GR / 69 NUTRESA | D49: 8 | E49: 677 | F49: TRESMONTES LUCHETTI (NUTRESA) | G49: 61 | H49: NUTRESA SA DE CV | I49: 152.41 | J49: 1219.28 | K49: =L49*J49 -> 0 | L49: =SUM(O49+W49+S49) -> 0 | M49: 0.12 | N49: 3.62 | O49: =MAX(0,(TRUNC((M49*0.75)-N49))) -> 0 | Q49: 1.56 | R49: 1.5 | S49: 0 | U49: 0.12 | V49: 0.75 | W49: =MAX(0,(TRUNC((U49*0.75)-V49))) -> 0 | X49: 0 | Y49: 2209.95 | Z49: 7163.27 | AA49: 0 | AB49: 0 | AC49: 0 | AD49: 2 | AE49: 29 | AF49: 0 | AG49: 0 | AH49: 0 | AI49: 0 | AJ49: 0 | AK49: 0 | AL49: 0 | AM49: 0 | AN49: 0 | AO49: 0 | AP49: 0 | AQ49: 0 | AR49: 0 | AS49: 0 | AT49: 0 | AU49: 1 | AV49: 4 | AW49: 9 | AX49: 1 | AY49: 12 | AZ49: 0 | BA49: 0 | BB49: 0 | BC49: 0 | BD49: 0 | BE49: 0 | BF49: 2 | BG49: 0 | BH49: 0 | BI49: 6 | BJ49: 0 | BK49: 0 | BL49: 0 | BM49: 0 | BN49: 0
A50: 48029 | B50: ZUKO 8 S UVA EXH | D50: 12 | E50: 677 | F50: TRESMONTES LUCHETTI (NUTRESA) | G50: 690 | H50: TRESMONTES LUCCHETTI (ZUKO) | I50: 29.5707 | J50: 354.8484 | K50: =L50*J50 -> 0 | L50: =SUM(O50+W50+S50) -> 0 | M50: 1.29 | N50: 8.17 | O50: =MAX(0,(TRUNC((M50*0.75)-N50))) -> 0 | Q50: 2.92 | R50: 3.92 | S50: 0 | U50: 1.75 | V50: 4 | W50: =MAX(0,(TRUNC((U50*0.75)-V50))) -> 0 | X50: 0 | Y50: 2114.31 | Z50: 5707.15 | AA50: 4 | AB50: 4 | AC50: 4 | AD50: 11 | AE50: 98 | AF50: 0 | AG50: 0 | AH50: 0 | AI50: 0 | AJ50: 0 | AK50: 0 | AL50: 0 | AM50: 0 | AN50: 0 | AO50: 0 | AP50: 0 | AQ50: 0 | AR50: 0 | AS50: 0 | AT50: 0 | AU50: 4 | AV50: 1 | AW50: 26 | AX50: 9 | AY50: 47 | AZ50: 0 | BA50: 0 | BB50: 0 | BC50: 0 | BD50: 0 | BE50: 4 | BF50: 4 | BG50: 5 | BH50: 20 | BI50: 48 | BJ50: 0 | BK50: 0 | BL50: 0 | BM50: 0 | BN50: 0
A51: 48063 | B51: ZUKO 8 S PIÑA COLADA EXH | D51: 12 | E51: 677 | F51: TRESMONTES LUCHETTI (NUTRESA) | G51: 690 | H51: TRESMONTES LUCCHETTI (ZUKO) | I51: 29.5707 | J51: 354.8484 | K51: =L51*J51 -> 0 | L51: =SUM(O51+W51+S51) -> 0 | M51: 1.96 | N51: 6.75 | O51: =MAX(0,(TRUNC((M51*0.75)-N51))) -> 0 | Q51: 0.5 | R51: 4.17 | S51: 0 | U51: 1.38 | V51: 6.33 | W51: =MAX(0,(TRUNC((U51*0.75)-V51))) -> 0 | X51: 0 | Y51: 1360.25 | Z51: 6121.13 | AA51: 5 | AB51: 10 | AC51: 5 | AD51: 17 | AE51: 81 | AF51: 0 | AG51: 0 | AH51: 0 | AI51: 0 | AJ51: 0 | AK51: 0 | AL51: 0 | AM51: 0 | AN51: 0 | AO51: 0 | AP51: 0 | AQ51: 0 | AR51: 0 | AS51: 0 | AT51: 0 | AU51: 5 | AV51: 2 | AW51: 0 | AX51: 0 | AY51: 50 | AZ51: 0 | BA51: 0 | BB51: 0 | BC51: 0 | BD51: 0 | BE51: 1 | BF51: 2 | BG51: 4 | BH51: 21 | BI51: 76 | BJ51: 0 | BK51: 0 | BL51: 0 | BM51: 0 | BN51: 0
A52: 48049 | B52: ZUKO 8 S SANDIA EXH | D52: 12 | E52: 677 | F52: TRESMONTES LUCHETTI (NUTRESA) | G52: 690 | H52: TRESMONTES LUCCHETTI (ZUKO) | I52: 29.5707 | J52: 354.8484 | K52: =L52*J52 -> 0 | L52: =SUM(O52+W52+S52) -> 0 | M52: 0.96 | N52: 5.08 | O52: =MAX(0,(TRUNC((M52*0.75)-N52))) -> 0 | Q52: 2.25 | R52: 0 | S52: 0 | U52: 0.58 | V52: 0 | W52: =MAX(0,(TRUNC((U52*0.75)-V52))) -> 0 | X52: 0 | Y52: 1345.47 | Z52: 1803.81 | AA52: 0 | AB52: 3 | AC52: 9 | AD52: 2 | AE52: 61 | AF52: 0 | AG52: 0 | AH52: 0 | AI52: 0 | AJ52: 0 | AK52: 0 | AL52: 0 | AM52: 0 | AN52: 0 | AO52: 0 | AP52: 0 | AQ52: 0 | AR52: 0 | AS52: 0 | AT52: 0 | AU52: 0 | AV52: 0 | AW52: 15 | AX52: 24 | AY52: 0 | AZ52: 0 | BA52: 0 | BB52: 0 | BC52: 0 | BD52: 0 | BE52: 0 | BF52: 0 | BG52: 2 | BH52: 10 | BI52: 0 | BJ52: 0 | BK52: 0 | BL52: 0 | BM52: 0 | BN52: 0
A53: 48080 | B53: ZUKO 8 S DURAZNO EXH | D53: 12 | E53: 677 | F53: TRESMONTES LUCHETTI (NUTRESA) | G53: 690 | H53: TRESMONTES LUCCHETTI (ZUKO) | I53: 29.5707 | J53: 354.8484 | K53: =L53*J53 -> 0 | L53: =SUM(O53+W53+S53) -> 0 | M53: 0 | N53: 0 | O53: =MAX(0,(TRUNC((M53*0.75)-N53))) -> 0 | Q53: 2.04 | R53: 0 | S53: 0 | U53: 1.08 | V53: 2.92 | W53: =MAX(0,(TRUNC((U53*0.75)-V53))) -> 0 | X53: 0 | Y53: 1108.9 | Z53: 1034.97 | AA53: 0 | AB53: 0 | AC53: 0 | AD53: 0 | AE53: 0 | AF53: 0 | AG53: 0 | AH53: 0 | AI53: 0 | AJ53: 0 | AK53: 0 | AL53: 0 | AM53: 0 | AN53: 0 | AO53: 0 | AP53: 0 | AQ53: 0 | AR53: 0 | AS53: 0 | AT53: 0 | AU53: 0 | AV53: 0 | AW53: 18 | AX53: 13 | AY53: 0 | AZ53: 0 | BA53: 0 | BB53: 0 | BC53: 0 | BD53: 0 | BE53: 7 | BF53: 1 | BG53: 2 | BH53: 7 | BI53: 35 | BJ53: 0 | BK53: 0 | BL53: 0 | BM53: 0 | BN53: 0
A54: 48044 | B54: ZUKO 8 S COCO EXH | D54: 12 | E54: 677 | F54: TRESMONTES LUCHETTI (NUTRESA) | G54: 690 | H54: TRESMONTES LUCCHETTI (ZUKO) | I54: 29.5707 | J54: 354.8484 | K54: =L54*J54 -> 0 | L54: =SUM(O54+S54+W54) -> 0 | M54: 0 | N54: 0 | O54: =MAX(0,(TRUNC((M54*0.75)-N54))) -> 0 | Q54: 1.29 | R54: 4.33 | S54: 0 | U54: 0.5 | V54: 3.17 | W54: =MAX(0,(TRUNC((U54*0.75)-V54))) -> 0 | X54: 0 | Y54: 635.77 | Z54: 2661.36 | AA54: 0 | AB54: 0 | AC54: 0 | AD54: 0 | AE54: 0 | AF54: 0 | AG54: 0 | AH54: 0 | AI54: 0 | AJ54: 0 | AK54: 0 | AL54: 0 | AM54: 0 | AN54: 0 | AO54: 0 | AP54: 0 | AQ54: 0 | AR54: 0 | AS54: 0 | AT54: 0 | AU54: 7 | AV54: 1 | AW54: 6 | AX54: 4 | AY54: 52 | AZ54: 0 | BA54: 0 | BB54: 0 | BC54: 0 | BD54: 0 | BE54: 6 | BF54: 0 | BG54: 0 | BH54: 0 | BI54: 38 | BJ54: 0 | BK54: 0 | BL54: 0 | BM54: 0 | BN54: 0
A55: 48055 | B55: ZUKO 8 S GUAYABA EXH | D55: 12 | E55: 677 | F55: TRESMONTES LUCHETTI (NUTRESA) | G55: 690 | H55: TRESMONTES LUCCHETTI (ZUKO) | I55: 29.5707 | J55: 354.8484 | K55: =L55*J55 -> 0 | L55: =SUM(O55+S55+W55) -> 0 | M55: 0.58 | N55: 5.25 | O55: =MAX(0,(TRUNC((M55*0.75)-N55))) -> 0 | Q55: 0.33 | R55: 3.08 | S55: 0 | U55: 0.5 | V55: 2.42 | W55: =MAX(0,(TRUNC((U55*0.75)-V55))) -> 0 | X55: 0 | Y55: 502.7 | Z55: 3814.62 | AA55: 5 | AB55: 4 | AC55: 0 | AD55: 0 | AE55: 63 | AF55: 0 | AG55: 0 | AH55: 0 | AI55: 0 | AJ55: 0 | AK55: 0 | AL55: 0 | AM55: 0 | AN55: 0 | AO55: 0 | AP55: 0 | AQ55: 0 | AR55: 0 | AS55: 0 | AT55: 0 | AU55: 2 | AV55: 4 | AW55: 0 | AX55: 0 | AY55: 37 | AZ55: 0 | BA55: 0 | BB55: 0 | BC55: 0 | BD55: 0 | BE55: 5 | BF55: 2 | BG55: 0 | BH55: 0 | BI55: 29 | BJ55: 0 | BK55: 0 | BL55: 0 | BM55: 0 | BN55: 0
A56: 48066 | B56: ZUKO 8 S MANDARINA EXH | D56: 12 | E56: 677 | F56: TRESMONTES LUCHETTI (NUTRESA) | G56: 690 | H56: TRESMONTES LUCCHETTI (ZUKO) | I56: 29.5707 | J56: 354.8484 | K56: =L56*J56 -> 0 | L56: =SUM(O56+S56+W56) -> 0 | M56: 0.54 | N56: 3.25 | O56: =MAX(0,(TRUNC((M56*0.75)-N56))) -> 0 | Q56: 0.25 | R56: 4.5 | S56: 0 | U56: 0.17 | V56: 2.33 | W56: =MAX(0,(TRUNC((U56*0.75)-V56))) -> 0 | X56: 0 | Y56: 340.06 | Z56: 3578.05 | AA56: 5 | AB56: 3 | AC56: 0 | AD56: 0 | AE56: 39 | AF56: 0 | AG56: 0 | AH56: 0 | AI56: 0 | AJ56: 0 | AK56: 0 | AL56: 0 | AM56: 0 | AN56: 0 | AO56: 0 | AP56: 0 | AQ56: 0 | AR56: 0 | AS56: 0 | AT56: 0 | AU56: 2 | AV56: 2 | AW56: 0 | AX56: 0 | AY56: 54 | AZ56: 0 | BA56: 0 | BB56: 0 | BC56: 0 | BD56: 0 | BE56: 2 | BF56: 0 | BG56: 0 | BH56: 0 | BI56: 28 | BJ56: 0 | BK56: 0 | BL56: 0 | BM56: 0 | BN56: 0
A57: 560 | B57: IND ZUKO FRESA | D57: 96 | E57: 677 | F57: TRESMONTES LUCHETTI (NUTRESA) | G57: 690 | H57: TRESMONTES LUCCHETTI (ZUKO) | I57: 3.6969 | J57: 354.9024 | K57: =L57*J57 -> 0 | L57: =SUM(O57+S57+W57) -> 0 | M57: 0.88 | N57: -0.47 | O57: 0 | Q57: 0 | R57: 0 | S57: 0 | U57: 0 | V57: 0 | W57: =MAX(0,(TRUNC((U57*0.75)-V57))) -> 0 | X57: 0 | Y57: 312.39 | Z57: -166.36 | AA57: 27 | AB57: 17 | AC57: 21 | AD57: 56 | AE57: -45 | AF57: 0 | AG57: 0 | AH57: 0 | AI57: 0 | AJ57: 0 | AK57: 0 | AL57: 0 | AM57: 0 | AN57: 0 | AO57: 0 | AP57: 0 | AQ57: 0 | AR57: 0 | AS57: 0 | AT57: 0 | AU57: 0 | AV57: 0 | AW57: 0 | AX57: 0 | AY57: 0 | AZ57: 0 | BA57: 0 | BB57: 0 | BC57: 0 | BD57: 0 | BE57: 0 | BF57: 0 | BG57: 0 | BH57: 0 | BI57: 0 | BJ57: 0 | BK57: 0 | BL57: 0 | BM57: 0 | BN57: 0
A58: 567 | B58: IND ZUKO HORCHATA | D58: 96 | E58: 677 | F58: TRESMONTES LUCHETTI (NUTRESA) | G58: 690 | H58: TRESMONTES LUCCHETTI (ZUKO) | I58: 3.6969 | J58: 354.9024 | K58: =L58*J58 -> 0 | L58: =SUM(O58+S58+W58) -> 0 | M58: 0.58 | N58: -0.39 | O58: =MAX(0,(TRUNC((M58*0.75)-N58))) -> 0 | Q58: 0 | R58: 0 | S58: 0 | U58: 0.06 | V58: 0.02 | W58: =MAX(0,(TRUNC((U58*0.75)-V58))) -> 0 | X58: 0 | Y58: 229.21 | Z58: -129.39 | AA58: 11 | AB58: 13 | AC58: 25 | AD58: 27 | AE58: -37 | AF58: 0 | AG58: 0 | AH58: 0 | AI58: 0 | AJ58: 0 | AK58: 0 | AL58: 0 | AM58: 0 | AN58: 0 | AO58: 0 | AP58: 0 | AQ58: 0 | AR58: 0 | AS58: 0 | AT58: 0 | AU58: 0 | AV58: 0 | AW58: 0 | AX58: 0 | AY58: 0 | AZ58: 0 | BA58: 0 | BB58: 0 | BC58: 0 | BD58: 0 | BE58: 4 | BF58: 0 | BG58: 2 | BH58: 0 | BI58: 2 | BJ58: 0 | BK58: 0 | BL58: 0 | BM58: 0 | BN58: 0
A59: 561 | B59: IND ZUKO JAMAICA | D59: 96 | E59: 677 | F59: TRESMONTES LUCHETTI (NUTRESA) | G59: 690 | H59: TRESMONTES LUCCHETTI (ZUKO) | I59: 3.6969 | J59: 354.9024 | K59: =L59*J59 -> 0 | L59: =SUM(O59+S59+W59) -> 0 | M59: 0.59 | N59: -0.29 | O59: =MAX(0,(TRUNC((M59*0.75)-N59))) -> 0 | Q59: 0 | R59: 0 | S59: 0 | U59: 0.01 | V59: 0 | W59: =MAX(0,(TRUNC((U59*0.75)-V59))) -> 0 | X59: 0 | Y59: 212.57 | Z59: -103.51 | AA59: 23 | AB59: 3 | AC59: 9 | AD59: 46 | AE59: -28 | AF59: 0 | AG59: 0 | AH59: 0 | AI59: 0 | AJ59: 0 | AK59: 0 | AL59: 0 | AM59: 0 | AN59: 0 | AO59: 0 | AP59: 0 | AQ59: 0 | AR59: 0 | AS59: 0 | AT59: 0 | AU59: 0 | AV59: 0 | AW59: 0 | AX59: 0 | AY59: 0 | AZ59: 0 | BA59: 0 | BB59: 0 | BC59: 0 | BD59: 0 | BE59: 0 | BF59: 0 | BG59: 1 | BH59: 0 | BI59: 0 | BJ59: 0 | BK59: 0 | BL59: 0 | BM59: 0 | BN59: 0
A60: 562 | B60: IND ZUKO LIMON | D60: 96 | E60: 677 | F60: TRESMONTES LUCHETTI (NUTRESA) | G60: 690 | H60: TRESMONTES LUCCHETTI (ZUKO) | I60: 3.6969 | J60: 354.9024 | K60: =L60*J60 -> 0 | L60: =SUM(O60+S60+W60) -> 0 | M60: 0.52 | N60: -0.23 | O60: =MAX(0,(TRUNC((M60*0.75)-N60))) -> 0 | Q60: 0 | R60: 0 | S60: 0 | U60: 0 | V60: 0 | W60: =MAX(0,(TRUNC((U60*0.75)-V60))) -> 0 | X60: 0 | Y60: 184.85 | Z60: -81.33 | AA60: 15 | AB60: 13 | AC60: 5 | AD60: 47 | AE60: -22 | AF60: 0 | AG60: 0 | AH60: 0 | AI60: 0 | AJ60: 0 | AK60: 0 | AL60: 0 | AM60: 0 | AN60: 0 | AO60: 0 | AP60: 0 | AQ60: 0 | AR60: 0 | AS60: 0 | AT60: 0 | AU60: 0 | AV60: 0 | AW60: 0 | AX60: 0 | AY60: 0 | AZ60: 0 | BA60: 0 | BB60: 0 | BC60: 0 | BD60: 0 | BE60: 0 | BF60: 0 | BG60: 0 | BH60: 0 | BI60: 0 | BJ60: 0 | BK60: 0 | BL60: 0 | BM60: 0 | BN60: 0
A61: 564 | B61: IND ZUKO NARANJA | D61: 96 | E61: 677 | F61: TRESMONTES LUCHETTI (NUTRESA) | G61: 690 | H61: TRESMONTES LUCCHETTI (ZUKO) | I61: 3.6969 | J61: 354.9024 | K61: =L61*J61 -> 0 | L61: =SUM(O61+S61+W61) -> 0 | M61: 0.41 | N61: -0.35 | O61: =MAX(0,(TRUNC((M61*0.75)-N61))) -> 0 | Q61: 0 | R61: 0 | S61: 0 | U61: 0.06 | V61: 0 | W61: =MAX(0,(TRUNC((U61*0.75)-V61))) -> 0 | X61: 0 | Y61: 168.21 | Z61: -125.69 | AA61: 14 | AB61: 21 | AC61: 0 | AD61: 30 | AE61: -34 | AF61: 0 | AG61: 0 | AH61: 0 | AI61: 0 | AJ61: 0 | AK61: 0 | AL61: 0 | AM61: 0 | AN61: 0 | AO61: 0 | AP61: 0 | AQ61: 0 | AR61: 0 | AS61: 0 | AT61: 0 | AU61: 0 | AV61: 0 | AW61: 0 | AX61: 0 | AY61: 0 | AZ61: 0 | BA61: 0 | BB61: 0 | BC61: 0 | BD61: 0 | BE61: 0 | BF61: 0 | BG61: 6 | BH61: 0 | BI61: 0 | BJ61: 0 | BK61: 0 | BL61: 0 | BM61: 0 | BN61: 0
A62: 565 | B62: IND ZUKO PIÑA | D62: 96 | E62: 677 | F62: TRESMONTES LUCHETTI (NUTRESA) | G62: 690 | H62: TRESMONTES LUCCHETTI (ZUKO) | I62: 3.6969 | J62: 354.9024 | K62: =L62*J62 -> 0 | L62: =SUM(O62+S62+W62) -> 0 | M62: 0.36 | N62: -0.31 | O62: =MAX(0,(TRUNC((M62*0.75)-N62))) -> 0 | Q62: 0 | R62: 0 | S62: 0 | U62: 0 | V62: 0 | W62: =MAX(0,(TRUNC((U62*0.75)-V62))) -> 0 | X62: 0 | Y62: 127.54 | Z62: -110.91 | AA62: 14 | AB62: 16 | AC62: 4 | AD62: 17 | AE62: -30 | AF62: 0 | AG62: 0 | AH62: 0 | AI62: 0 | AJ62: 0 | AK62: 0 | AL62: 0 | AM62: 0 | AN62: 0 | AO62: 0 | AP62: 0 | AQ62: 0 | AR62: 0 | AS62: 0 | AT62: 0 | AU62: 0 | AV62: 0 | AW62: 0 | AX62: 0 | AY62: 0 | AZ62: 0 | BA62: 0 | BB62: 0 | BC62: 0 | BD62: 0 | BE62: 0 | BF62: 0 | BG62: 0 | BH62: 0 | BI62: 0 | BJ62: 0 | BK62: 0 | BL62: 0 | BM62: 0 | BN62: 0
A63: 48056 | B63: ZUKO 8 S GUANABANA EXH | D63: 12 | E63: 677 | F63: TRESMONTES LUCHETTI (NUTRESA) | G63: 690 | H63: TRESMONTES LUCCHETTI (ZUKO) | I63: 29.5707 | J63: 354.8484 | K63: =L63*J63 -> 0 | L63: =SUM(O63+S63+W63) -> 0 | M63: 0 | N63: 0 | O63: =MAX(0,(TRUNC((M63*0.75)-N63))) -> 0 | Q63: 0 | R63: 0 | S63: 0 | U63: 0.33 | V63: 0.58 | W63: =MAX(0,(TRUNC((U63*0.75)-V63))) -> 0 | X63: 0 | Y63: 118.28 | Z63: 206.99 | AA63: 0 | AB63: 0 | AC63: 0 | AD63: 0 | AE63: 0 | AF63: 0 | AG63: 0 | AH63: 0 | AI63: 0 | AJ63: 0 | AK63: 0 | AL63: 0 | AM63: 0 | AN63: 0 | AO63: 0 | AP63: 0 | AQ63: 0 | AR63: 0 | AS63: 0 | AT63: 0 | AU63: 0 | AV63: 0 | AW63: 0 | AX63: 0 | AY63: 0 | AZ63: 0 | BA63: 0 | BB63: 0 | BC63: 0 | BD63: 0 | BE63: 4 | BF63: 0 | BG63: 0 | BH63: 0 | BI63: 7 | BJ63: 0 | BK63: 0 | BL63: 0 | BM63: 0 | BN63: 0
A64: 48083 | B64: ZUKO 8 S MANZANA EXH | D64: 12 | E64: 677 | F64: TRESMONTES LUCHETTI (NUTRESA) | G64: 690 | H64: TRESMONTES LUCCHETTI (ZUKO) | I64: 29.5707 | J64: 354.8484 | K64: =L64*J64 -> 0 | L64: =SUM(O64+S64+W64) -> 0 | M64: 0 | N64: 0 | O64: =MAX(0,(TRUNC((M64*0.75)-N64))) -> 0 | Q64: 0 | R64: 0 | S64: 0 | U64: 0.29 | V64: 0.08 | W64: =MAX(0,(TRUNC((U64*0.75)-V64))) -> 0 | X64: 0 | Y64: 103.5 | Z64: 29.57 | AA64: 0 | AB64: 0 | AC64: 0 | AD64: 0 | AE64: 0 | AF64: 0 | AG64: 0 | AH64: 0 | AI64: 0 | AJ64: 0 | AK64: 0 | AL64: 0 | AM64: 0 | AN64: 0 | AO64: 0 | AP64: 0 | AQ64: 0 | AR64: 0 | AS64: 0 | AT64: 0 | AU64: 0 | AV64: 0 | AW64: 0 | AX64: 0 | AY64: 0 | AZ64: 0 | BA64: 0 | BB64: 0 | BC64: 0 | BD64: 0 | BE64: 3 | BF64: 0 | BG64: 0 | BH64: 1 | BI64: 1 | BJ64: 0 | BK64: 0 | BL64: 0 | BM64: 0 | BN64: 0
A65: 504 | B65: IND ZUKO MANGO | D65: 96 | E65: 677 | F65: TRESMONTES LUCHETTI (NUTRESA) | G65: 690 | H65: TRESMONTES LUCCHETTI (ZUKO) | I65: 3.6969 | J65: 354.9024 | K65: =L65*J65 -> 0 | L65: =SUM(O65+S65+W65) -> 0 | M65: 0.22 | N65: -0.08 | O65: =MAX(0,(TRUNC((M65*0.75)-N65))) -> 0 | Q65: 0 | R65: 0 | S65: 0 | U65: 0 | V65: 0 | W65: =MAX(0,(TRUNC((U65*0.75)-V65))) -> 0 | X65: 0 | Y65: 79.48 | Z65: -29.58 | AA65: 6 | AB65: 4 | AC65: 5 | AD65: 17 | AE65: -8 | AF65: 0 | AG65: 0 | AH65: 0 | AI65: 0 | AJ65: 0 | AK65: 0 | AL65: 0 | AM65: 0 | AN65: 0 | AO65: 0 | AP65: 0 | AQ65: 0 | AR65: 0 | AS65: 0 | AT65: 0 | AU65: 0 | AV65: 0 | AW65: 0 | AX65: 0 | AY65: 0 | AZ65: 0 | BA65: 0 | BB65: 0 | BC65: 0 | BD65: 0 | BE65: 0 | BF65: 0 | BG65: 0 | BH65: 0 | BI65: 0 | BJ65: 0 | BK65: 0 | BL65: 0 | BM65: 0 | BN65: 0
A66: 501 | B66: IND ZUKO PIÑA COLADA | D66: 96 | E66: 677 | F66: TRESMONTES LUCHETTI (NUTRESA) | G66: 690 | H66: TRESMONTES LUCCHETTI (ZUKO) | I66: 3.6969 | J66: 354.9024 | K66: =L66*J66 -> 0 | L66: =SUM(O66+S66+W66) -> 0 | M66: 0.19 | N66: -0.1 | O66: =MAX(0,(TRUNC((M66*0.75)-N66))) -> 0 | Q66: 0 | R66: 0 | S66: 0 | U66: 0 | V66: 0 | W66: =MAX(0,(TRUNC((U66*0.75)-V66))) -> 0 | X66: 0 | Y66: 68.39 | Z66: -36.97 | AA66: 3 | AB66: 10 | AC66: 8 | AD66: 5 | AE66: -10 | AF66: 0 | AG66: 0 | AH66: 0 | AI66: 0 | AJ66: 0 | AK66: 0 | AL66: 0 | AM66: 0 | AN66: 0 | AO66: 0 | AP66: 0 | AQ66: 0 | AR66: 0 | AS66: 0 | AT66: 0 | AU66: 0 | AV66: 0 | AW66: 0 | AX66: 0 | AY66: 0 | AZ66: 0 | BA66: 0 | BB66: 0 | BC66: 0 | BD66: 0 | BE66: 0 | BF66: 0 | BG66: 0 | BH66: 0 | BI66: 0 | BJ66: 0 | BK66: 0 | BL66: 0 | BM66: 0 | BN66: 0
A67: 566 | B67: IND ZUKO TAMARINDO | D67: 96 | E67: 677 | F67: TRESMONTES LUCHETTI (NUTRESA) | G67: 690 | H67: TRESMONTES LUCCHETTI (ZUKO) | I67: 3.6969 | J67: 354.9024 | K67: =L67*J67 -> 0 | L67: =SUM(O67+S67+W67) -> 0 | M67: 0.15 | N67: -0.08 | O67: =MAX(0,(TRUNC((M67*0.75)-N67))) -> 0 | Q67: 0 | R67: 0 | S67: 0 | U67: 0 | V67: 0 | W67: =MAX(0,(TRUNC((U67*0.75)-V67))) -> 0 | X67: 0 | Y67: 51.76 | Z67: -29.58 | AA67: 4 | AB67: 7 | AC67: 3 | AD67: 7 | AE67: -8 | AF67: 0 | AG67: 0 | AH67: 0 | AI67: 0 | AJ67: 0 | AK67: 0 | AL67: 0 | AM67: 0 | AN67: 0 | AO67: 0 | AP67: 0 | AQ67: 0 | AR67: 0 | AS67: 0 | AT67: 0 | AU67: 0 | AV67: 0 | AW67: 0 | AX67: 0 | AY67: 0 | AZ67: 0 | BA67: 0 | BB67: 0 | BC67: 0 | BD67: 0 | BE67: 0 | BF67: 0 | BG67: 0 | BH67: 0 | BI67: 0 | BJ67: 0 | BK67: 0 | BL67: 0 | BM67: 0 | BN67: 0
A68: 506 | B68: IND ZUKO MELON | D68: 96 | E68: 677 | F68: TRESMONTES LUCHETTI (NUTRESA) | G68: 690 | H68: TRESMONTES LUCCHETTI (ZUKO) | I68: 3.6969 | J68: 354.9024 | K68: =L68*J68 -> 0 | L68: =SUM(O68+S68+W68) -> 0 | M68: 0.12 | N68: -0.06 | O68: =MAX(0,(TRUNC((M68*0.75)-N68))) -> 0 | Q68: 0 | R68: 0 | S68: 0 | U68: 0 | V68: 0 | W68: =MAX(0,(TRUNC((U68*0.75)-V68))) -> 0 | X68: 0 | Y68: 42.51 | Z68: -22.18 | AA68: 1 | AB68: 10 | AC68: 0 | AD68: 11 | AE68: -6 | AF68: 0 | AG68: 0 | AH68: 0 | AI68: 0 | AJ68: 0 | AK68: 0 | AL68: 0 | AM68: 0 | AN68: 0 | AO68: 0 | AP68: 0 | AQ68: 0 | AR68: 0 | AS68: 0 | AT68: 0 | AU68: 0 | AV68: 0 | AW68: 0 | AX68: 0 | AY68: 0 | AZ68: 0 | BA68: 0 | BB68: 0 | BC68: 0 | BD68: 0 | BE68: 0 | BF68: 0 | BG68: 0 | BH68: 0 | BI68: 0 | BJ68: 0 | BK68: 0 | BL68: 0 | BM68: 0 | BN68: 0
A69: 519 | B69: IND ZUKO GUAYABA | D69: 96 | E69: 677 | F69: TRESMONTES LUCHETTI (NUTRESA) | G69: 690 | H69: TRESMONTES LUCCHETTI (ZUKO) | I69: 3.6969 | J69: 354.9024 | K69: =L69*J69 -> 0 | L69: =SUM(O69+S69+W69) -> 0 | M69: 0.09 | N69: -0.14 | O69: =MAX(0,(TRUNC((M69*0.75)-N69))) -> 0 | Q69: 0 | R69: 0 | S69: 0 | U69: 0 | V69: 0 | W69: =MAX(0,(TRUNC((U69*0.75)-V69))) -> 0 | X69: 0 | Y69: 33.27 | Z69: -48.06 | AA69: 6 | AB69: 6 | AC69: 0 | AD69: 0 | AE69: -13 | AF69: 0 | AG69: 0 | AH69: 0 | AI69: 0 | AJ69: 0 | AK69: 0 | AL69: 0 | AM69: 0 | AN69: 0 | AO69: 0 | AP69: 0 | AQ69: 0 | AR69: 0 | AS69: 0 | AT69: 0 | AU69: 0 | AV69: 0 | AW69: 0 | AX69: 0 | AY69: 0 | AZ69: 0 | BA69: 0 | BB69: 0 | BC69: 0 | BD69: 0 | BE69: 0 | BF69: 0 | BG69: 0 | BH69: 0 | BI69: 0 | BJ69: 0 | BK69: 0 | BL69: 0 | BM69: 0 | BN69: 0
... A91: 47030 | B91: VIT NUCITA PHANTOM 700 GR / 200 NUTRESA | D91: 12 | E91: 677 | F91: TRESMONTES LUCHETTI (NUTRESA) | G91: 999 | H91: PRODUCTOS A ELIMINAR | I91: 109.64 | J91: 1315.68 | K91: =L91*J91 -> 0 | L91: =SUM(O91+S91+W91) -> 0 | M91: 0 | N91: 0 | O91: =MAX(0,(TRUNC((M91*0.75)-N91))) -> 0 | Q91: 0 | R91: 0 | S91: 0 | U91: 0 | V91: 0 | W91: =MAX(0,(TRUNC((U91*0.75)-V91))) -> 0 | X91: 0 | Y91: 0 | Z91: 0 | AA91: 0 | AB91: 0 | AC91: 0 | AD91: 0 | AE91: 0 | AF91: 0 | AG91: 0 | AH91: 0 | AI91: 0 | AJ91: 0 | AK91: 0 | AL91: 0 | AM91: 0 | AN91: 0 | AO91: 0 | AP91: 0 | AQ91: 0 | AR91: 0 | AS91: 0 | AT91: 0 | AU91: 0 | AV91: 0 | AW91: 0 | AX91: 0 | AY91: 0 | AZ91: 0 | BA91: 0 | BB91: 0 | BC91: 0 | BD91: 0 | BE91: 0 | BF91: 0 | BG91: 0 | BH91: 0 | BI91: 0 | BJ91: 0 | BK91: 0 | BL91: 0 | BM91: 0 | BN91: 0
S92: 0
S93: 0
S94: 0
S95: 0
S96: 0
S97: 0
S98: 0
S99: 0
S100: 0
S101: 0
S102: 0
S103: 0
... S119: 0

Sheet 120226
J1: =SUM(J3:J91) -> 860364.99 | K1: =SUM(K3:K91) -> 992 | N1: =SUM(N3:N91) -> 326 | R1: =SUM(R3:R91) -> 420 | U1: =SUM(U3:U91) -> 285 | V1: =X1/W1 -> 0.41499017 | W1: =SUM(W3:W91) -> 914416.64 | X1: =SUM(X3:X91) -> 379473.92
A2: Articulo | B2: Nombre | C2: UXC | D2: Subfamilia | E2: SN | F2: Categoria | G2: CN | H2: CostoCIVA | I2: CostoXCaja | J2: $Pedido | K2: SumaPedido | L2: 10VentasG | M2: 10ExistenciaG | N2: PedidoLPD | P2: 30VentasG | Q2: 30ExistenciasG | R2: PedMorelia | S2: 50VentasG | T2: 50ExistenciaG | U2: PedidoZam | V2: ExCEDIS | W2: ValorVentaG | X2: ValorExistenciaG | Y2: 10Actual15 | Z2: 10Actual30R | AA2: 10Anterior15 | AB2: 10Anterior30R | AC2: 10ExistenciaWC | AD2: 40Actual15 | AE2: 40Actual30R | AF2: 40Anterior15 | AG2: 40Anterior30R | AH2: 40ExistenciaWC | AI2: 42Actual15 | AJ2: 42Actual30R | AK2: 42Anterior15 | AL2: 42Anterior30R | AM2: 42ExistenciaWC | AN2: 44Actual15 | AO2: 44Actual30R | AP2: 44Anterior15 | AQ2: 44Anterior30R | AR2: 44ExistenciaWC | AS2: 30Actual15 | AT2: 30Actual30R | AU2: 30Anterior15 | AV2: 30Anterior30R | AW2: 30ExistenciaWC | AX2: 32Actual15 | AY2: 32Actual30R | AZ2: 32Anterior15 | BA2: 32Anterior30R | BB2: 32ExistenciaWC | BC2: 50Actual15 | BD2: 50Actual30R | BE2: 50Anterior15 | BF2: 50Anterior30R | BG2: 50ExistenciaWC | BH2: 54Actual15 | BI2: 54Actual30R | BJ2: 54Anterior15 | BK2: 54Anterior30R | BL2: 54ExistenciaWC
A3: 47005 | B3: NUCITA TRISABOR 224GR /16 NUTRESA | C3: 24 | D3: 677 | E3: TRESMONTES LUCHETTI (NUTRESA) | F3: 61 | G3: NUTRESA SA DE CV | H3: 22.316 | I3: 535.584 | J3: =K3*I3 -> 99618.624 | K3: =SUM(N3+R3+U3) -> 186 | L3: 64.69 | M3: 4.29 | N3: 66 | O3: 15ma | P3: 121.94 | Q3: 50.88 | R3: 60 | S3: 78.44 | T3: 2.67 | U3: =MAX(0,(TRUNC((S3*0.8)-T3))) -> 60 | V3: 10ma | W3: 141963.23 | X3: 42221.87 | Y3: 1038 | Z3: 231 | AA3: 399 | AB3: 0 | AC3: 103 | AD3: 0 | AE3: 0 | AF3: 0 | AG3: 0 | AH3: 0 | AI3: 0 | AJ3: 0 | AK3: 0 | AL3: 0 | AM3: 0 | AN3: 0 | AO3: 0 | AP3: 0 | AQ3: 0 | AR3: 0 | AS3: 1614 | AT3: 543 | AU3: 810 | AV3: 462 | AW3: 1725 | AX3: 0 | AY3: 0 | AZ3: 0 | BA3: 0 | BB3: 0 | BC3: 748 | BD3: 593 | BE3: 652 | BF3: 372 | BG3: 64 | BH3: 0 | BI3: 0 | BJ3: 0 | BK3: 0 | BL3: 0
A4: 47001 | B4: CHOC CREMINO BICOLOR /24 NUTRESA | C4: 16 | D4: 677 | E4: TRESMONTES LUCHETTI (NUTRESA) | F4: 61 | G4: NUTRESA SA DE CV | H4: 56.5902 | I4: 905.4432 | J4: =K4*I4 -> 165696.11 | K4: =SUM(N4+R4+U4) -> 183 | L4: 37.81 | M4: 1.06 | N4: 63 | P4: 60.28 | Q4: -0.25 | R4: 80 | S4: 38.44 | T4: 0.12 | U4: 40 | V4: 0 | W4: 114566.86 | X4: 848.85 | Y4: 0 | Z4: 178 | AA4: 365 | AB4: 302 | AC4: 17 | AD4: 0 | AE4: 0 | AF4: 0 | AG4: 0 | AH4: 0 | AI4: 0 | AJ4: 0 | AK4: 0 | AL4: 0 | AM4: 0 | AN4: 0 | AO4: 0 | AP4: 0 | AQ4: 0 | AR4: 0 | AS4: 162 | AT4: 402 | AU4: 322 | AV4: 239 | AW4: -4 | AX4: 0 | AY4: 0 | AZ4: 0 | BA4: 0 | BB4: 0 | BC4: 56 | BD4: 138 | BE4: 398 | BF4: 184 | BG4: 2 | BH4: 0 | BI4: 0 | BJ4: 0 | BK4: 0 | BL4: 0
A5: 47010 | B5: CHOC MUIBON AVELLANAS /15 NUTRESA 9055 | C5: 24 | D5: 677 | E5: TRESMONTES LUCHETTI (NUTRESA) | F5: 61 | G5: NUTRESA SA DE CV | H5: 48.56 | I5: 1165.44 | J5: =K5*I5 -> 83911.68 | K5: =SUM(N5+R5+U5) -> 72 | L5: 15.1 | M5: 2.08 | N5: 22 | P5: 26.75 | Q5: 0 | R5: 30 | S5: 20.9 | T5: 1.25 | U5: 20 | V5: 0 | W5: 73131.36 | X5: 3884.8 | Y5: 3 | Z5: 72 | AA5: 268 | AB5: 111 | AC5: 50 | AD5: 0 | AE5: 0 | AF5: 0 | AG5: 0 | AH5: 0 | AI5: 0 | AJ5: 0 | AK5: 0 | AL5: 0 | AM5: 0 | AN5: 0 | AO5: 0 | AP5: 0 | AQ5: 0 | AR5: 0 | AS5: 113 | AT5: 195 | AU5: 313 | AV5: 237 | AW5: 0 | AX5: 0 | AY5: 0 | AZ5: 0 | BA5: 0 | BB5: 0 | BC5: 182 | BD5: 170 | BE5: 234 | BF5: 1 | BG5: 30 | BH5: 0 | BI5: 0 | BJ5: 0 | BK5: 0 | BL5: 0
A6: 47012 | B6: CHOC MONEDA EXH /48 NUTRESA 1432 | C6: 18 | D6: 677 | E6: TRESMONTES LUCHETTI (NUTRESA) | F6: 61 | G6: NUTRESA SA DE CV | H6: 58.8379 | I6: 1059.0822 | J6: =K6*I6 -> 84726.576 | K6: =SUM(N6+R6+U6) -> 80 | L6: 18.81 | M6: 5.72 | N6: 10 | P6: 22.39 | Q6: 0.06 | R6: 50 | S6: 24.44 | T6: 9.56 | U6: 20 | V6: 0 | W6: 69516.98 | X6: 16239.26 | Y6: 102 | Z6: 100 | AA6: 136 | AB6: 101 | AC6: 103 | AD6: 0 | AE6: 0 | AF6: 0 | AG6: 0 | AH6: 0 | AI6: 0 | AJ6: 0 | AK6: 0 | AL6: 0 | AM6: 0 | AN6: 0 | AO6: 0 | AP6: 0 | AQ6: 0 | AR6: 0 | AS6: 13 | AT6: 309 | AU6: 190 | AV6: 91 | AW6: 1 | AX6: 0 | AY6: 0 | AZ6: 0 | BA6: 0 | BB6: 0 | BC6: 197 | BD6: 222 | BE6: 86 | BF6: 92 | BG6: 172 | BH6: 0 | BI6: 0 | BJ6: 0 | BK6: 0 | BL6: 0
A7: 47046 | B7: NUCITA PATITAS (152G) / 8 NUTRESA | C7: 24 | D7: 677 | E7: TRESMONTES LUCHETTI (NUTRESA) | F7: 61 | G7: NUTRESA SA DE CV | H7: 39.11 | I7: 938.64 | J7: =K7*I7 -> 18772.8 | K7: =SUM(N7+R7+U7) -> 20 | L7: 13.71 | M7: 40.25 | N7: =MAX(0,(TRUNC((L7*0.8)-M7))) -> 0 | P7: 22.52 | Q7: 0.08 | R7: 20 | S7: 28.62 | T7: 31.21 | U7: =MAX(0,(TRUNC((S7*0.8)-T7))) -> 0 | V7: 0 | W7: 60874.72 | X7: 67151.87 | Y7: 84 | Z7: 119 | AA7: 144 | AB7: 83 | AC7: 966 | AD7: 0 | AE7: 0 | AF7: 0 | AG7: 0 | AH7: 0 | AI7: 0 | AJ7: 0 | AK7: 0 | AL7: 0 | AM7: 0 | AN7: 0 | AO7: 0 | AP7: 0 | AQ7: 0 | AR7: 0 | AS7: 121 | AT7: 270 | AU7: 198 | AV7: 173 | AW7: 2 | AX7: 0 | AY7: 0 | AZ7: 0 | BA7: 0 | BB7: 0 | BC7: 245 | BD7: 262 | BE7: 248 | BF7: 126 | BG7: 749 | BH7: 0 | BI7: 0 | BJ7: 0 | BK7: 0 | BL7: 0
A8: 47039 | B8: NUCITA TRISABOR CONFITES NUTRESA/12 5868 | C8: 24 | D8: 677 | E8: TRESMONTES LUCHETTI (NUTRESA) | F8: 61 | G8: NUTRESA SA DE CV | H8: 52.259 | I8: 1254.216 | J8: =K8*I8 -> 56439.72 | K8: =SUM(N8+R8+U8) -> 45 | L8: 4.77 | M8: 0.04 | N8: 10 | P8: 18.35 | Q8: 3.25 | R8: 15 | S8: 18.29 | T8: 0 | U8: 20 | V8: 0 | W8: 51945.45 | X8: 4128.46 | Y8: 8 | Z8: 47 | AA8: 83 | AB8: 0 | AC8: 1 | AD8: 0 | AE8: 0 | AF8: 0 | AG8: 0 | AH8: 0 | AI8: 0 | AJ8: 0 | AK8: 0 | AL8: 0 | AM8: 0 | AN8: 0 | AO8: 0 | AP8: 0 | AQ8: 0 | AR8: 0 | AS8: 123 | AT8: 112 | AU8: 207 | AV8: 109 | AW8: 78 | AX8: 0 | AY8: 0 | AZ8: 0 | BA8: 0 | BB8: 0 | BC8: 173 | BD8: 71 | BE8: 184 | BF8: 93 | BG8: 0 | BH8: 0 | BI8: 0 | BJ8: 0 | BK8: 0 | BL8: 0
A9: 47023 | B9: EXH CHOC CREMINO BICOLORE NUTRESA /50 | C9: 8 | D9: 677 | E9: TRESMONTES LUCHETTI (NUTRESA) | F9: 61 | G9: NUTRESA SA DE CV | H9: 105.55 | I9: 844.4 | J9: =K9*I9 -> 67552 | K9: =SUM(N9+R9+U9) -> 80 | L9: 17.94 | M9: 0.38 | N9: 20 | P9: 29.75 | Q9: 0.12 | R9: 40 | S9: 12.88 | T9: -5 | U9: 20 | V9: 0 | W9: 51138.98 | X9: -3799.8 | Y9: 58 | Z9: 107 | AA9: 32 | AB9: 0 | AC9: 3 | AD9: 0 | AE9: 0 | AF9: 0 | AG9: 0 | AH9: 0 | AI9: 0 | AJ9: 0 | AK9: 0 | AL9: 0 | AM9: 0 | AN9: 0 | AO9: 0 | AP9: 0 | AQ9: 0 | AR9: 0 | AS9: 23 | AT9: 120 | AU9: 89 | AV9: 132 | AW9: 1 | AX9: 0 | AY9: 0 | AZ9: 0 | BA9: 0 | BB9: 0 | BC9: 57 | BD9: 84 | BE9: 4 | BF9: 0 | BG9: -40 | BH9: 0 | BI9: 0 | BJ9: 0 | BK9: 0 | BL9: 0
A10: 47000 | B10: CHOC CREMINO BLANCO /24 NUTRESA 2256 | C10: 16 | D10: 677 | E10: TRESMONTES LUCHETTI (NUTRESA) | F10: 61 | G10: NUTRESA SA DE CV | H10: 56.59 | I10: 905.44 | J10: =K10*I10 -> 37123.04 | K10: =SUM(N10+R10+U10) -> 41 | L10: 15.91 | M10: -1.12 | N10: 21 | P10: 26.94 | Q10: 25.31 | R10: 20 | S10: 12.91 | T10: 15.88 | U10: =MAX(0,(TRUNC((S10*0.8)-T10))) -> 0 | V10: 0 | W10: 50478.28 | X10: 36274.19 | Y10: 111 | Z10: 66 | AA10: 87 | AB10: 47 | AC10: -18 | AD10: 0 | AE10: 0 | AF10: 0 | AG10: 0 | AH10: 0 | AI10: 0 | AJ10: 0 | AK10: 0 | AL10: 0 | AM10: 0 | AN10: 0 | AO10: 0 | AP10: 0 | AQ10: 0 | AR10: 0 | AS10: 123 | AT10: 152 | AU10: 165 | AV10: 134 | AW10: 405 | AX10: 0 | AY10: 0 | AZ10: 0 | BA10: 0 | BB10: 0 | BC10: 54 | BD10: 67 | BE10: 59 | BF10: 120 | BG10: 254 | BH10: 0 | BI10: 0 | BJ10: 0 | BK10: 0 | BL10: 0
A11: 47004 | B11: NUCITA FRESA Y CHOCOLATE 224GR /16 NUTRESA | C11: 24 | D11: 677 | E11: TRESMONTES LUCHETTI (NUTRESA) | F11: 61 | G11: NUTRESA SA DE CV | H11: 22.316 | I11: 535.584 | J11: =K11*I11 -> 0 | K11: =SUM(N11+R11+U11) -> 0 | L11: 20.69 | M11: 4.25 | N11: 0 | O11: 20zam | P11: 31.65 | Q11: 18.75 | R11: 0 | S11: 21.23 | T11: 68.67 | U11: =MAX(0,(TRUNC((S11*0.8)-T11))) -> 0 | V11: 0 | W11: 39398.9 | X11: 49095.2 | Y11: 204 | Z11: 129 | AA11: 228 | AB11: 0 | AC11: 102 | AD11: 0 | AE11: 0 | AF11: 0 | AG11: 0 | AH11: 0 | AI11: 0 | AJ11: 0 | AK11: 0 | AL11: 0 | AM11: 0 | AN11: 0 | AO11: 0 | AP11: 0 | AQ11: 0 | AR11: 0 | AS11: 438 | AT11: 244 | AU11: 116 | AV11: 167 | AW11: 450 | AX11: 0 | AY11: 0 | AZ11: 0 | BA11: 0 | BB11: 0 | BC11: 237 | BD11: 110 | BE11: 172 | BF11: 91 | BG11: 1648 | BH11: 0 | BI11: 0 | BJ11: 0 | BK11: 0 | BL11: 0
A12: 47002 | B12: NUCITA VAINILLA Y CHOCOLATE 240GR /16 NUTRES 78 | C12: 24 | D12: 677 | E12: TRESMONTES LUCHETTI (NUTRESA) | F12: 61 | G12: NUTRESA SA DE CV | H12: 22.316 | I12: 535.584 | J12: =K12*I12 -> 22494.528 | K12: =SUM(N12+R12+U12) -> 42 | L12: 22.73 | M12: 4.88 | N12: 22 | P12: 29.29 | Q12: 29.12 | R12: 0 | S12: 17.65 | T12: 8.75 | U12: 20 | V12: 0 | W12: 37312.35 | X12: 22896.22 | Y12: 334 | Z12: 95 | AA12: 164 | AB12: 0 | AC12: 117 | AD12: 0 | AE12: 0 | AF12: 0 | AG12: 0 | AH12: 0 | AI12: 0 | AJ12: 0 | AK12: 0 | AL12: 0 | AM12: 0 | AN12: 0 | AO12: 0 | AP12: 0 | AQ12: 0 | AR12: 0 | AS12: 394 | AT12: 115 | AU12: 217 | AV12: 69 | AW12: 699 | AX12: 0 | AY12: 0 | AZ12: 0 | BA12: 0 | BB12: 0 | BC12: 238 | BD12: 94 | BE12: 114 | BF12: 49 | BG12: 210 | BH12: 0 | BI12: 0 | BJ12: 0 | BK12: 0 | BL12: 0
A13: 47038 | B13: CREMINO STICK 140GR/ 20 NUTRESA | C13: 28 | D13: 677 | E13: TRESMONTES LUCHETTI (NUTRESA) | F13: 61 | G13: NUTRESA SA DE CV | H13: 26.59 | I13: 744.52 | J13: =K13*I13 -> 22335.6 | K13: =SUM(N13+R13+U13) -> 30 | L13: 5.38 | M13: 0.04 | N13: 10 | P13: 21.14 | Q13: 23.93 | R13: 0 | S13: 23.05 | T13: 1.29 | U13: 20 | V13: 0 | W13: 36906.92 | X13: 18799.13 | Y13: 0 | Z13: 0 | AA13: 116 | AB13: 69 | AC13: 1 | AD13: 0 | AE13: 0 | AF13: 0 | AG13: 0 | AH13: 0 | AI13: 0 | AJ13: 0 | AK13: 0 | AL13: 0 | AM13: 0 | AN13: 0 | AO13: 0 | AP13: 0 | AQ13: 0 | AR13: 0 | AS13: 131 | AT13: 118 | AU13: 322 | AV13: 160 | AW13: 670 | AX13: 0 | AY13: 0 | AZ13: 0 | BA13: 0 | BB13: 0 | BC13: 139 | BD13: 225 | BE13: 375 | BF13: 38 | BG13: 36 | BH13: 0 | BI13: 0 | BJ13: 0 | BK13: 0 | BL13: 0
A14: 47003 | B14: NUCITA FRESA/VAINILLLA /16 NUTRESA | C14: 24 | D14: 677 | E14: TRESMONTES LUCHETTI (NUTRESA) | F14: 61 | G14: NUTRESA SA DE CV | H14: 22.316 | I14: 535.584 | J14: =K14*I14 -> 11782.848 | K14: =SUM(N14+R14+U14) -> 22 | L14: 18.96 | M14: 4.38 | N14: 22 | O14: 10zam | P14: 33.75 | Q14: 23.25 | R14: 0 | S14: 15 | T14: 44.92 | U14: =MAX(0,(TRUNC((S14*0.8)-T14))) -> 0 | V14: 0 | W14: 36263.5 | X14: 38852.16 | Y14: 351 | Z14: 96 | AA14: 56 | AB14: 0 | AC14: 105 | AD14: 0 | AE14: 0 | AF14: 0 | AG14: 0 | AH14: 0 | AI14: 0 | AJ14: 0 | AK14: 0 | AL14: 0 | AM14: 0 | AN14: 0 | AO14: 0 | AP14: 0 | AQ14: 0 | AR14: 0 | AS14: 530 | AT14: 85 | AU14: 216 | AV14: 43 | AW14: 558 | AX14: 0 | AY14: 0 | AZ14: 0 | BA14: 0 | BB14: 0 | BC14: 171 | BD14: 134 | BE14: 92 | BF14: 60 | BG14: 1078 | BH14: 0 | BI14: 0 | BJ14: 0 | BK14: 0 | BL14: 0
A15: 10703 | B15: VIT CHOC MONEDA 708g /120 NUTRESA | C15: 12 | D15: 677 | E15: TRESMONTES LUCHETTI (NUTRESA) | F15: 542 | G15: DISPONIBLE | H15: 125.581 | I15: 1506.972 | J15: =K15*I15 -> 45209.16 | K15: =SUM(N15+R15+U15) -> 30 | L15: 0 | M15: -0.25 | N15: 10 | P15: 3.04 | Q15: 0 | R15: 10 | S15: 10.54 | T15: 0 | U15: 10 | V15: 0 | W15: 20469.7 | X15: -376.74 | Y15: 0 | Z15: 0 | AA15: 0 | AB15: 0 | AC15: -3 | AD15: 0 | AE15: 0 | AF15: 0 | AG15: 0 | AH15: 0 | AI15: 0 | AJ15: 0 | AK15: 0 | AL15: 0 | AM15: 0 | AN15: 0 | AO15: 0 | AP15: 0 | AQ15: 0 | AR15: 0 | AS15: 0 | AT15: 0 | AU15: 28 | AV15: 17 | AW15: 0 | AX15: 0 | AY15: 0 | AZ15: 0 | BA15: 0 | BB15: 0 | BC15: 26 | BD15: 43 | BE15: 60 | BF15: 38 | BG15: 0 | BH15: 0 | BI15: 0 | BJ15: 0 | BK15: 0 | BL15: 0
A16: 47008 | B16: CHOC NUCITA BARRA /16 NUTRESA 1471 | C16: 24 | D16: 677 | E16: TRESMONTES LUCHETTI (NUTRESA) | F16: 61 | G16: NUTRESA SA DE CV | H16: 35.74 | I16: 857.76 | J16: =K16*I16 -> 30021.6 | K16: =SUM(N16+R16+U16) -> 35 | L16: 2.85 | M16: 0.5 | N16: 5 | P16: 9.06 | Q16: 0 | R16: 20 | S16: 8.79 | T16: 0 | U16: 10 | V16: 0 | W16: 17762.78 | X16: 428.88 | Y16: 0 | Z16: 0 | AA16: 68 | AB16: 1 | AC16: 12 | AD16: 0 | AE16: 0 | AF16: 0 | AG16: 0 | AH16: 0 | AI16: 0 | AJ16: 0 | AK16: 0 | AL16: 0 | AM16: 0 | AN16: 0 | AO16: 0 | AP16: 0 | AQ16: 0 | AR16: 0 | AS16: 0 | AT16: 0 | AU16: 155 | AV16: 125 | AW16: 0 | AX16: 0 | AY16: 0 | AZ16: 0 | BA16: 0 | BB16: 0 | BC16: 18 | BD16: 94 | BE16: 119 | BF16: 54 | BG16: 0 | BH16: 0 | BI16: 0 | BJ16: 0 | BK16: 0 | BL16: 0
A17: 47029 | B17: NUCITA TRIANG TRISABOR /12 NUTRESA 2694 | C17: 24 | D17: 677 | E17: TRESMONTES LUCHETTI (NUTRESA) | F17: 61 | G17: NUTRESA SA DE CV | H17: 41.26 | I17: 990.24 | J17: =K17*I17 -> 19804.8 | K17: =SUM(N17+R17+U17) -> 20 | L17: 5.77 | M17: -0.04 | N17: 5 | P17: 6.77 | Q17: 0.92 | R17: 10 | S17: 5.04 | T17: 0.67 | U17: 5 | V17: 0 | W17: 17411.72 | X17: 1526.62 | Y17: 0 | Z17: 15 | AA17: 99 | AB17: 64 | AC17: -1 | AD17: 0 | AE17: 0 | AF17: 0 | AG17: 0 | AH17: 0 | AI17: 0 | AJ17: 0 | AK17: 0 | AL17: 0 | AM17: 0 | AN17: 0 | AO17: 0 | AP17: 0 | AQ17: 0 | AR17: 0 | AS17: 33 | AT17: 81 | AU17: 73 | AV17: 32 | AW17: 22 | AX17: 0 | AY17: 0 | AZ17: 0 | BA17: 0 | BB17: 0 | BC17: 45 | BD17: 51 | BE17: 37 | BF17: 27 | BG17: 16 | BH17: 0 | BI17: 0 | BJ17: 0 | BK17: 0 | BL17: 0
A18: 47024 | B18: CHOC BALONCITOS NUTRESA /200 | C18: 12 | D18: 677 | E18: TRESMONTES LUCHETTI (NUTRESA) | F18: 61 | G18: NUTRESA SA DE CV | H18: 135.39 | I18: 1624.68 | J18: =K18*I18 -> 24370.2 | K18: =SUM(N18+R18+U18) -> 15 | L18: 0.25 | M18: -0.08 | N18: 5 | P18: 5.88 | Q18: 1.92 | R18: 5 | S18: 4.33 | T18: 0 | U18: 5 | V18: 0 | W18: 16991.44 | X18: 2978.58 | Y18: 0 | Z18: 6 | AA18: 0 | AB18: 0 | AC18: -1 | AD18: 0 | AE18: 0 | AF18: 0 | AG18: 0 | AH18: 0 | AI18: 0 | AJ18: 0 | AK18: 0 | AL18: 0 | AM18: 0 | AN18: 0 | AO18: 0 | AP18: 0 | AQ18: 0 | AR18: 0 | AS18: 29 | AT18: 24 | AU18: 18 | AV18: 23 | AW18: 23 | AX18: 0 | AY18: 0 | AZ18: 0 | BA18: 0 | BB18: 0 | BC18: 0 | BD18: 4 | BE18: 37 | BF18: 26 | BG18: 0 | BH18: 0 | BI18: 0 | BJ18: 0 | BK18: 0 | BL18: 0
A19: 47014 | B19: CHOC BALONES BLISTER/56 NUTRESA 1398 | C19: 24 | D19: 677 | E19: TRESMONTES LUCHETTI (NUTRESA) | F19: 61 | G19: NUTRESA SA DE CV | H19: 43.3191 | I19: 1039.6584 | J19: =K19*I19 -> 10396.584 | K19: =SUM(N19+R19+U19) -> 10 | L19: 3 | M19: 0.08 | N19: 5 | P19: 4.9 | Q19: 2.5 | R19: 5 | S19: 3.5 | T19: 3.21 | U19: =MAX(0,(TRUNC((S19*0.8)-T19))) -> 0 | V19: 0 | W19: 11847.77 | X19: 6021.35 | Y19: 33 | Z19: 14 | AA19: 20 | AB19: 24 | AC19: 2 | AD19: 0 | AE19: 0 | AF19: 0 | AG19: 0 | AH19: 0 | AI19: 0 | AJ19: 0 | AK19: 0 | AL19: 0 | AM19: 0 | AN19: 0 | AO19: 0 | AP19: 0 | AQ19: 0 | AR19: 0 | AS19: 30 | AT19: 67 | AU19: 39 | AV19: 30 | AW19: 60 | AX19: 0 | AY19: 0 | AZ19: 0 | BA19: 0 | BB19: 0 | BC19: 29 | BD19: 23 | BE19: 40 | BF19: 7 | BG19: 77 | BH19: 0 | BI19: 0 | BJ19: 0 | BK19: 0 | BL19: 0
A20: 48084 | B20: ZUKO 8 S HORCHATA EXH | C20: 12 | D20: 677 | E20: TRESMONTES LUCHETTI (NUTRESA) | F20: 690 | G20: TRESMONTES LUCCHETTI (ZUKO) | H20: 29.5707 | I20: 354.8484 | J20: =K20*I20 -> 0 | K20: 0 | L20: 8.5 | M20: 4.83 | N20: =MAX(0,(TRUNC((L20*0.8)-M20))) -> 1 | P20: 4.67 | Q20: 3.58 | R20: 3 | S20: 10.5 | T20: 11.83 | U20: =MAX(0,(TRUNC((S20*0.8)-T20))) -> 0 | V20: 0 | W20: 8398.08 | X20: 7185.68 | Y20: 32 | Z20: 32 | AA20: 49 | AB20: 10 | AC20: 58 | AD20: 0 | AE20: 0 | AF20: 0 | AG20: 0 | AH20: 0 | AI20: 0 | AJ20: 0 | AK20: 0 | AL20: 0 | AM20: 0 | AN20: 0 | AO20: 0 | AP20: 0 | AQ20: 0 | AR20: 0 | AS20: 14 | AT20: 17 | AU20: 30 | AV20: 7 | AW20: 43 | AX20: 0 | AY20: 0 | AZ20: 0 | BA20: 0 | BB20: 0 | BC20: 33 | BD20: 21 | BE20: 69 | BF20: 27 | BG20: 142 | BH20: 0 | BI20: 0 | BJ20: 0 | BK20: 0 | BL20: 0
A21: 48091 | B21: ZUKO 8 S JAMAICA EXH | C21: 12 | D21: 677 | E21: TRESMONTES LUCHETTI (NUTRESA) | F21: 690 | G21: TRESMONTES LUCCHETTI (ZUKO) | H21: 29.5707 | I21: 354.8484 | J21: =K21*I21 -> 0 | K21: 0 | L21: 7.08 | M21: 8.42 | N21: =MAX(0,(TRUNC((L21*0.8)-M21))) -> 0 | P21: 5.25 | Q21: 3 | R21: 3 | S21: 10.42 | T21: 17.92 | U21: =MAX(0,(TRUNC((S21*0.8)-T21))) -> 0 | V21: 0 | W21: 8072.8 | X21: 10408.89 | Y21: 16 | Z21: 23 | AA21: 56 | AB21: 3 | AC21: 101 | AD21: 0 | AE21: 0 | AF21: 0 | AG21: 0 | AH21: 0 | AI21: 0 | AJ21: 0 | AK21: 0 | AL21: 0 | AM21: 0 | AN21: 0 | AO21: 0 | AP21: 0 | AQ21: 0 | AR21: 0 | AS21: 22 | AT21: 24 | AU21: 29 | AV21: 0 | AW21: 36 | AX21: 0 | AY21: 0 | AZ21: 0 | BA21: 0 | BB21: 0 | BC21: 20 | BD21: 20 | BE21: 95 | BF21: 0 | BG21: 215 | BH21: 0 | BI21: 0 | BJ21: 0 | BK21: 0 | BL21: 0
A22: 48081 | B22: ZUKO 8 S NARANJA EXH | C22: 12 | D22: 677 | E22: TRESMONTES LUCHETTI (NUTRESA) | F22: 690 | G22: TRESMONTES LUCCHETTI (ZUKO) | H22: 29.5707 | I22: 354.8484 | J22: =K22*I22 -> 0 | K22: 0 | L22: 4.62 | M22: 11.5 | N22: =MAX(0,(TRUNC((L22*0.8)-M22))) -> 0 | P22: 3.46 | Q22: 5.75 | R22: 0 | S22: 9.5 | T22: 15.92 | U22: =MAX(0,(TRUNC((S22*0.8)-T22))) -> 0 | V22: 0 | W22: 6239.42 | X22: 11769.14 | Y22: 16 | Z22: 15 | AA22: 32 | AB22: 0 | AC22: 138 | AD22: 0 | AE22: 0 | AF22: 0 | AG22: 0 | AH22: 0 | AI22: 0 | AJ22: 0 | AK22: 0 | AL22: 0 | AM22: 0 | AN22: 0 | AO22: 0 | AP22: 0 | AQ22: 0 | AR22: 0 | AS22: 10 | AT22: 7 | AU22: 20 | AV22: 16 | AW22: 69 | AX22: 0 | AY22: 0 | AZ22: 0 | BA22: 0 | BB22: 0 | BC22: 20 | BD22: 28 | BE22: 58 | BF22: 44 | BG22: 191 | BH22: 0 | BI22: 0 | BJ22: 0 | BK22: 0 | BL22: 0
A23: 48085 | B23: ZUKO 8 S FRESA EXH | C23: 12 | D23: 677 | E23: TRESMONTES LUCHETTI (NUTRESA) | F23: 690 | G23: TRESMONTES LUCCHETTI (ZUKO) | H23: 29.5707 | I23: 354.8484 | J23: =K23*I23 -> 0 | K23: 0 | L23: 5.21 | M23: 2.33 | N23: 3 | P23: 3.12 | Q23: 2.67 | R23: 3 | S23: 7.62 | T23: 0 | U23: 10 | V23: 0 | W23: 5662.79 | X23: 1774.24 | Y23: 12 | Z23: 11 | AA23: 45 | AB23: 0 | AC23: 28 | AD23: 0 | AE23: 0 | AF23: 0 | AG23: 0 | AH23: 0 | AI23: 0 | AJ23: 0 | AK23: 0 | AL23: 0 | AM23: 0 | AN23: 0 | AO23: 0 | AP23: 0 | AQ23: 0 | AR23: 0 | AS23: 5 | AT23: 7 | AU23: 19 | AV23: 20 | AW23: 32 | AX23: 0 | AY23: 0 | AZ23: 0 | BA23: 0 | BB23: 0 | BC23: 4 | BD23: 9 | BE23: 68 | BF23: 30 | BG23: 0 | BH23: 0 | BI23: 0 | BJ23: 0 | BK23: 0 | BL23: 0
A24: 48067 | B24: ZUKO 8 S LIMON EXH | C24: 12 | D24: 677 | E24: TRESMONTES LUCHETTI (NUTRESA) | F24: 690 | G24: TRESMONTES LUCCHETTI (ZUKO) | H24: 29.5707 | I24: 354.8484 | J24: =K24*I24 -> 0 | K24: 0 | L24: 5.38 | M24: 2.25 | N24: 0 | O24: 2ma | P24: 2.79 | Q24: 6.5 | R24: 0 | S24: 6.38 | T24: 7.92 | U24: =MAX(0,(TRUNC((S24*0.8)-T24))) -> 0 | V24: 0 | W24: 5160.09 | X24: 5914.14 | Y24: 19 | Z24: 17 | AA24: 27 | AB24: 20 | AC24: 27 | AD24: 0 | AE24: 0 | AF24: 0 | AG24: 0 | AH24: 0 | AI24: 0 | AJ24: 0 | AK24: 0 | AL24: 0 | AM24: 0 | AN24: 0 | AO24: 0 | AP24: 0 | AQ24: 0 | AR24: 0 | AS24: 6 | AT24: 5 | AU24: 16 | AV24: 18 | AW24: 78 | AX24: 0 | AY24: 0 | AZ24: 0 | BA24: 0 | BB24: 0 | BC24: 20 | BD24: 9 | BE24: 49 | BF24: 6 | BG24: 95 | BH24: 0 | BI24: 0 | BJ24: 0 | BK24: 0 | BL24: 0
A25: 48068 | B25: ZUKO 8 S TAMARINDO EXH | C25: 12 | D25: 677 | E25: TRESMONTES LUCHETTI (NUTRESA) | F25: 690 | G25: TRESMONTES LUCCHETTI (ZUKO) | H25: 29.5707 | I25: 354.8484 | J25: =K25*I25 -> 0 | K25: 0 | L25: 2.38 | M25: 0.58 | N25: 5 | P25: 2.96 | Q25: 2.08 | R25: 3 | S25: 3.71 | T25: 0 | U25: 5 | V25: 0 | W25: 3208.42 | X25: 946.26 | Y25: 9 | Z25: 3 | AA25: 18 | AB25: 0 | AC25: 7 | AD25: 0 | AE25: 0 | AF25: 0 | AG25: 0 | AH25: 0 | AI25: 0 | AJ25: 0 | AK25: 0 | AL25: 0 | AM25: 0 | AN25: 0 | AO25: 0 | AP25: 0 | AQ25: 0 | AR25: 0 | AS25: 6 | AT25: 5 | AU25: 19 | AV25: 16 | AW25: 25 | AX25: 0 | AY25: 0 | AZ25: 0 | BA25: 0 | BB25: 0 | BC25: 0 | BD25: 0 | BE25: 35 | BF25: 19 | BG25: 0 | BH25: 0 | BI25: 0 | BJ25: 0 | BK25: 0 | BL25: 0
A26: 48069 | B26: ZUKO 8 S MANGO EXH | C26: 12 | D26: 677 | E26: TRESMONTES LUCHETTI (NUTRESA) | F26: 690 | G26: TRESMONTES LUCCHETTI (ZUKO) | H26: 29.5707 | I26: 354.8484 | J26: =K26*I26 -> 0 | K26: 0 | L26: 2.33 | M26: 2.58 | N26: =MAX(0,(TRUNC((L26*0.8)-M26))) -> 0 | P26: 3.54 | Q26: 2.25 | R26: 0 | S26: 3.12 | T26: 7.42 | U26: =MAX(0,(TRUNC((S26*0.8)-T26))) -> 0 | V26: 0 | W26: 3193.64 | X26: 4346.89 | Y26: 10 | Z26: 8 | AA26: 14 | AB26: 0 | AC26: 31 | AD26: 0 | AE26: 0 | AF26: 0 | AG26: 0 | AH26: 0 | AI26: 0 | AJ26: 0 | AK26: 0 | AL26: 0 | AM26: 0 | AN26: 0 | AO26: 0 | AP26: 0 | AQ26: 0 | AR26: 0 | AS26: 4 | AT26: 8 | AU26: 28 | AV26: 13 | AW26: 27 | AX26: 0 | AY26: 0 | AZ26: 0 | BA26: 0 | BB26: 0 | BC26: 10 | BD26: 3 | BE26: 15 | BF26: 22 | BG26: 89 | BH26: 0 | BI26: 0 | BJ26: 0 | BK26: 0 | BL26: 0
A27: 48029 | B27: ZUKO 8 S UVA EXH | C27: 12 | D27: 677 | E27: TRESMONTES LUCHETTI (NUTRESA) | F27: 690 | G27: TRESMONTES LUCCHETTI (ZUKO) | H27: 29.5707 | I27: 354.8484 | J27: =K27*I27 -> 0 | K27: 0 | L27: 1.83 | M27: 4.67 | N27: =MAX(0,(TRUNC((L27*0.8)-M27))) -> 0 | P27: 2.21 | Q27: 3.33 | R27: 0 | S27: 4.25 | T27: 2.58 | U27: =MAX(0,(TRUNC((S27*0.8)-T27))) -> 0 | V27: 0 | W27: 2942.28 | X27: 3755.48 | Y27: 5 | Z27: 4 | AA27: 12 | AB27: 6 | AC27: 56 | AD27: 0 | AE27: 0 | AF27: 0 | AG27: 0 | AH27: 0 | AI27: 0 | AJ27: 0 | AK27: 0 | AL27: 0 | AM27: 0 | AN27: 0 | AO27: 0 | AP27: 0 | AQ27: 0 | AR27: 0 | AS27: 6 | AT27: 3 | AU27: 11 | AV27: 16 | AW27: 40 | AX27: 0 | AY27: 0 | AZ27: 0 | BA27: 0 | BB27: 0 | BC27: 14 | BD27: 5 | BE27: 21 | BF27: 27 | BG27: 31 | BH27: 0 | BI27: 0 | BJ27: 0 | BK27: 0 | BL27: 0
A28: 48082 | B28: ZUKO 8 S PIÑA EXH | C28: 12 | D28: 677 | E28: TRESMONTES LUCHETTI (NUTRESA) | F28: 690 | G28: TRESMONTES LUCCHETTI (ZUKO) | H28: 29.5707 | I28: 354.8484 | J28: =K28*I28 -> 0 | K28: 0 | L28: 4.17 | M28: -0.5 | N28: 0 | O28: 3zam | P28: 0.79 | Q28: 0 | R28: 3 | S28: 2.96 | T28: 8.33 | U28: =MAX(0,(TRUNC((S28*0.8)-T28))) -> 0 | V28: 0 | W28: 2809.22 | X28: 2779.65 | Y28: 25 | Z28: 20 | AA28: 15 | AB28: 0 | AC28: -6 | AD28: 0 | AE28: 0 | AF28: 0 | AG28: 0 | AH28: 0 | AI28: 0 | AJ28: 0 | AK28: 0 | AL28: 0 | AM28: 0 | AN28: 0 | AO28: 0 | AP28: 0 | AQ28: 0 | AR28: 0 | AS28: 0 | AT28: 0 | AU28: 9 | AV28: 1 | AW28: 0 | AX28: 0 | AY28: 0 | AZ28: 0 | BA28: 0 | BB28: 0 | BC28: 2 | BD28: 11 | BE28: 15 | BF28: 26 | BG28: 100 | BH28: 0 | BI28: 0 | BJ28: 0 | BK28: 0 | BL28: 0
A29: 48058 | B29: ZUKO 8 S MELON EXH | C29: 12 | D29: 677 | E29: TRESMONTES LUCHETTI (NUTRESA) | F29: 690 | G29: TRESMONTES LUCCHETTI (ZUKO) | H29: 29.5707 | I29: 354.8484 | J29: =K29*I29 -> 0 | K29: =SUM(N29+R29+U29) -> 0 | L29: 1.92 | M29: 4.25 | N29: =MAX(0,(TRUNC((L29*0.8)-M29))) -> 0 | P29: 2.33 | Q29: 3.25 | R29: 0 | S29: 3.29 | T29: 3.92 | U29: =MAX(0,(TRUNC((S29*0.8)-T29))) -> 0 | V29: 0 | W29: 2676.15 | X29: 4051.19 | Y29: 7 | Z29: 8 | AA29: 10 | AB29: 4 | AC29: 51 | AD29: 0 | AE29: 0 | AF29: 0 | AG29: 0 | AH29: 0 | AI29: 0 | AJ29: 0 | AK29: 0 | AL29: 0 | AM29: 0 | AN29: 0 | AO29: 0 | AP29: 0 | AQ29: 0 | AR29: 0 | AS29: 1 | AT29: 0 | AU29: 20 | AV29: 14 | AW29: 39 | AX29: 0 | AY29: 0 | AZ29: 0 | BA29: 0 | BB29: 0 | BC29: 10 | BD29: 3 | BE29: 26 | BF29: 4 | BG29: 47 | BH29: 0 | BI29: 0 | BJ29: 0 | BK29: 0 | BL29: 0
A30: 47036 | B30: CHOC RACING BLISTER NUTRESA /56 1476 | C30: 24 | D30: 677 | E30: TRESMONTES LUCHETTI (NUTRESA) | F30: 61 | G30: NUTRESA SA DE CV | H30: 38.6661 | I30: 927.9864 | J30: =K30*I30 -> 0 | K30: =SUM(N30+R30+U30) -> 0 | L30: 1.23 | M30: 0 | N30: =MAX(0,(TRUNC((L30*0.8)-M30))) -> 0 | P30: 1.02 | Q30: 0 | R30: 0 | S30: 0.54 | T30: 0 | U30: =MAX(0,(TRUNC((S30*0.8)-T30))) -> 0 | V30: 0 | W30: 2590.63 | X30: 0 | Y30: 0 | Z30: 0 | AA30: 28 | AB30: 3 | AC30: 0 | AD30: 0 | AE30: 0 | AF30: 0 | AG30: 0 | AH30: 0 | AI30: 0 | AJ30: 0 | AK30: 0 | AL30: 0 | AM30: 0 | AN30: 0 | AO30: 0 | AP30: 0 | AQ30: 0 | AR30: 0 | AS30: 0 | AT30: 0 | AU30: 21 | AV30: 7 | AW30: 0 | AX30: 0 | AY30: 0 | AZ30: 0 | BA30: 0 | BB30: 0 | BC30: 0 | BD30: 0 | BE30: 7 | BF30: 12 | BG30: 0 | BH30: 0 | BI30: 0 | BJ30: 0 | BK30: 0 | BL30: 0
A31: 48063 | B31: ZUKO 8 S PIÑA COLADA EXH | C31: 12 | D31: 677 | E31: TRESMONTES LUCHETTI (NUTRESA) | F31: 690 | G31: TRESMONTES LUCCHETTI (ZUKO) | H31: 29.5707 | I31: 354.8484 | J31: =K31*I31 -> 0 | K31: =SUM(N31+R31+U31) -> 0 | L31: 2.12 | M31: 2.58 | N31: =MAX(0,(TRUNC((L31*0.8)-M31))) -> 0 | P31: 0.54 | Q31: 3.67 | R31: 0 | S31: 3.75 | T31: 5.17 | U31: =MAX(0,(TRUNC((S31*0.8)-T31))) -> 0 | V31: 0 | W31: 2276.94 | X31: 4051.19 | Y31: 10 | Z31: 7 | AA31: 12 | AB31: 0 | AC31: 31 | AD31: 0 | AE31: 0 | AF31: 0 | AG31: 0 | AH31: 0 | AI31: 0 | AJ31: 0 | AK31: 0 | AL31: 0 | AM31: 0 | AN31: 0 | AO31: 0 | AP31: 0 | AQ31: 0 | AR31: 0 | AS31: 4 | AT31: 5 | AU31: 0 | AV31: 0 | AW31: 44 | AX31: 0 | AY31: 0 | AZ31: 0 | BA31: 0 | BB31: 0 | BC31: 11 | BD31: 4 | BE31: 19 | BF31: 26 | BG31: 62 | BH31: 0 | BI31: 0 | BJ31: 0 | BK31: 0 | BL31: 0
A32: 47026 | B32: CHOC MUIBON ROLL C&C 315GR/ 15 NUTRESA | C32: 12 | D32: 677 | E32: TRESMONTES LUCHETTI (NUTRESA) | F32: 999 | G32: PRODUCTOS A ELIMINAR | H32: 48.56 | I32: 582.72 | J32: =K32*I32 -> 23891.52 | K32: =SUM(N32+R32+U32) -> 41 | L32: 0 | M32: 0 | N32: 11 | P32: 3.54 | Q32: 0.92 | R32: 20 | S32: 0 | T32: 0 | U32: 10 | V32: 0 | W32: 2063.8 | X32: 534.16 | Y32: 0 | Z32: 0 | AA32: 0 | AB32: 0 | AC32: 0 | AD32: 0 | AE32: 0 | AF32: 0 | AG32: 0 | AH32: 0 | AI32: 0 | AJ32: 0 | AK32: 0 | AL32: 0 | AM32: 0 | AN32: 0 | AO32: 0 | AP32: 0 | AQ32: 0 | AR32: 0 | AS32: 13 | AT32: 59 | AU32: 0 | AV32: 0 | AW32: 11 | AX32: 0 | AY32: 0 | AZ32: 0 | BA32: 0 | BB32: 0 | BC32: 0 | BD32: 0 | BE32: 0 | BF32: 0 | BG32: 0 | BH32: 0 | BI32: 0 | BJ32: 0 | BK32: 0 | BL32: 0
A33: 47027 | B33: CHOC CREMINO FRUTOS ROJOS 408GR/ 24 NUTRESA | C33: 16 | D33: 677 | E33: TRESMONTES LUCHETTI (NUTRESA) | F33: 999 | G33: PRODUCTOS A ELIMINAR | H33: 56.59 | I33: 905.44 | J33: =K33*I33 -> 36217.6 | K33: =SUM(N33+R33+U33) -> 40 | L33: 2.09 | M33: 0 | N33: 10 | P33: 0 | Q33: 0 | R33: 20 | S33: 0 | T33: 0 | U33: 10 | V33: 0 | W33: 1895.76 | X33: 0 | Y33: 16 | Z33: 35 | AA33: 0 | AB33: 0 | AC33: 0 | AD33: 0 | AE33: 0 | AF33: 0 | AG33: 0 | AH33: 0 | AI33: 0 | AJ33: 0 | AK33: 0 | AL33: 0 | AM33: 0 | AN33: 0 | AO33: 0 | AP33: 0 | AQ33: 0 | AR33: 0 | AS33: 0 | AT33: 0 | AU33: 0 | AV33: 0 | AW33: 0 | AX33: 0 | AY33: 0 | AZ33: 0 | BA33: 0 | BB33: 0 | BC33: 0 | BD33: 0 | BE33: 0 | BF33: 0 | BG33: 0 | BH33: 0 | BI33: 0 | BJ33: 0 | BK33: 0 | BL33: 0
A34: 48080 | B34: ZUKO 8 S DURAZNO EXH | C34: 12 | D34: 677 | E34: TRESMONTES LUCHETTI (NUTRESA) | F34: 690 | G34: TRESMONTES LUCCHETTI (ZUKO) | H34: 29.5707 | I34: 354.8484 | J34: =K34*I34 -> 0 | K34: =SUM(N34+R34+U34) -> 0 | L34: 0 | M34: 0 | N34: =MAX(0,(TRUNC((L34*0.8)-M34))) -> 0 | P34: 1.75 | Q34: 0 | R34: 0 | S34: 2.83 | T34: 1.58 | U34: =MAX(0,(TRUNC((S34*0.8)-T34))) -> 0 | V34: 0 | W34: 1626.39 | X34: 561.84 | Y34: 0 | Z34: 0 | AA34: 0 | AB34: 0 | AC34: 0 | AD34: 0 | AE34: 0 | AF34: 0 | AG34: 0 | AH34: 0 | AI34: 0 | AJ34: 0 | AK34: 0 | AL34: 0 | AM34: 0 | AN34: 0 | AO34: 0 | AP34: 0 | AQ34: 0 | AR34: 0 | AS34: 0 | AT34: 0 | AU34: 10 | AV34: 22 | AW34: 0 | AX34: 0 | AY34: 0 | AZ34: 0 | BA34: 0 | BB34: 0 | BC34: 14 | BD34: 6 | BE34: 4 | BF34: 26 | BG34: 19 | BH34: 0 | BI34: 0 | BJ34: 0 | BK34: 0 | BL34: 0
A35: 47019 | B35: BOLSA CHOCO MIX 815 GR / 69 NUTRESA | C35: 8 | D35: 677 | E35: TRESMONTES LUCHETTI (NUTRESA) | F35: 61 | G35: NUTRESA SA DE CV | H35: 152.41 | I35: 1219.28 | J35: =K35*I35 -> 0 | K35: =SUM(N35+R35+U35) -> 0 | L35: 0.38 | M35: 3.5 | N35: =MAX(0,(TRUNC((L35*0.8)-M35))) -> 0 | P35: 0.81 | Q35: 1.5 | R35: 0 | S35: 0 | T35: 0.75 | U35: =MAX(0,(TRUNC((S35*0.8)-T35))) -> 0 | V35: 0 | W35: 1447.9 | X35: 7010.86 | Y35: 1 | Z35: 0 | AA35: 1 | AB35: 2 | AC35: 28 | AD35: 0 | AE35: 0 | AF35: 0 | AG35: 0 | AH35: 0 | AI35: 0 | AJ35: 0 | AK35: 0 | AL35: 0 | AM35: 0 | AN35: 0 | AO35: 0 | AP35: 0 | AQ35: 0 | AR35: 0 | AS35: 0 | AT35: 1 | AU35: 2 | AV35: 8 | AW35: 12 | AX35: 0 | AY35: 0 | AZ35: 0 | BA35: 0 | BB35: 0 | BC35: 0 | BD35: 0 | BE35: 0 | BF35: 0 | BG35: 6 | BH35: 0 | BI35: 0 | BJ35: 0 | BK35: 0 | BL35: 0
A36: 48049 | B36: ZUKO 8 S SANDIA EXH | C36: 12 | D36: 677 | E36: TRESMONTES LUCHETTI (NUTRESA) | F36: 690 | G36: TRESMONTES LUCCHETTI (ZUKO) | H36: 29.5707 | I36: 354.8484 | J36: =K36*I36 -> 0 | K36: 0 | L36: 0.17 | M36: 1 | N36: =MAX(0,(TRUNC((L36*0.8)-M36))) -> 0 | P36: 1.79 | Q36: 0 | R36: 0 | S36: 1.17 | T36: 0 | U36: =MAX(0,(TRUNC((S36*0.8)-T36))) -> 0 | V36: 0 | W36: 1108.9 | X36: 354.85 | Y36: 1 | Z36: 0 | AA36: 1 | AB36: 0 | AC36: 12 | AD36: 0 | AE36: 0 | AF36: 0 | AG36: 0 | AH36: 0 | AI36: 0 | AJ36: 0 | AK36: 0 | AL36: 0 | AM36: 0 | AN36: 0 | AO36: 0 | AP36: 0 | AQ36: 0 | AR36: 0 | AS36: 0 | AT36: 0 | AU36: 19 | AV36: 5 | AW36: 0 | AX36: 0 | AY36: 0 | AZ36: 0 | BA36: 0 | BB36: 0 | BC36: 0 | BD36: 0 | BE36: 6 | BF36: 16 | BG36: 0 | BH36: 0 | BI36: 0 | BJ36: 0 | BK36: 0 | BL36: 0
A37: 48044 | B37: ZUKO 8 S COCO EXH | C37: 12 | D37: 677 | E37: TRESMONTES LUCHETTI (NUTRESA) | F37: 690 | G37: TRESMONTES LUCCHETTI (ZUKO) | H37: 29.5707 | I37: 354.8484 | J37: =K37*I37 -> 0 | K37: =SUM(N37+R37+U37) -> 0 | L37: 0 | M37: 0 | N37: =MAX(0,(TRUNC((L37*0.8)-M37))) -> 0 | P37: 1.38 | Q37: 3.75 | R37: 0 | S37: 0.96 | T37: 2.25 | U37: =MAX(0,(TRUNC((S37*0.8)-T37))) -> 0 | V37: 0 | W37: 827.98 | X37: 2129.09 | Y37: 0 | Z37: 0 | AA37: 0 | AB37: 0 | AC37: 0 | AD37: 0 | AE37: 0 | AF37: 0 | AG37: 0 | AH37: 0 | AI37: 0 | AJ37: 0 | AK37: 0 | AL37: 0 | AM37: 0 | AN37: 0 | AO37: 0 | AP37: 0 | AQ37: 0 | AR37: 0 | AS37: 5 | AT37: 7 | AU37: 4 | AV37: 8 | AW37: 45 | AX37: 0 | AY37: 0 | AZ37: 0 | BA37: 0 | BB37: 0 | BC37: 10 | BD37: 3 | BE37: 0 | BF37: 0 | BG37: 27 | BH37: 0 | BI37: 0 | BJ37: 0 | BK37: 0 | BL37: 0
A38: 47210 | B38: CREMINO AVELLANA UNTABLE (350G) / 1 NUTRESA | C38: 12 | D38: 677 | E38: TRESMONTES LUCHETTI (NUTRESA) | F38: 61 | G38: NUTRESA SA DE CV | H38: 48.1554 | I38: 577.8648 | J38: =K38*I38 -> 0 | K38: =SUM(N38+R38+U38) -> 0 | L38: 0.12 | M38: 0.75 | N38: =MAX(0,(TRUNC((L38*0.8)-M38))) -> 0 | P38: 0.67 | Q38: 0 | R38: 0 | S38: 0.46 | T38: 0.92 | U38: =MAX(0,(TRUNC((S38*0.8)-T38))) -> 0 | V38: 0 | W38: 722.33 | X38: 963.11 | Y38: 1 | Z38: 1 | AA38: 0 | AB38: 0 | AC38: 9 | AD38: 0 | AE38: 0 | AF38: 0 | AG38: 0 | AH38: 0 | AI38: 0 | AJ38: 0 | AK38: 0 | AL38: 0 | AM38: 0 | AN38: 0 | AO38: 0 | AP38: 0 | AQ38: 0 | AR38: 0 | AS38: 0 | AT38: 16 | AU38: 0 | AV38: 0 | AW38: 0 | AX38: 0 | AY38: 0 | AZ38: 0 | BA38: 0 | BB38: 0 | BC38: 4 | BD38: 3 | BE38: 0 | BF38: 0 | BG38: 11 | BH38: 0 | BI38: 0 | BJ38: 0 | BK38: 0 | BL38: 0
A39: 48066 | B39: ZUKO 8 S MANDARINA EXH | C39: 12 | D39: 677 | E39: TRESMONTES LUCHETTI (NUTRESA) | F39: 690 | G39: TRESMONTES LUCCHETTI (ZUKO) | H39: 29.5707 | I39: 354.8484 | J39: =K39*I39 -> 0 | K39: =SUM(N39+R39+U39) -> 0 | L39: 0.75 | M39: 1.67 | N39: =MAX(0,(TRUNC((L39*0.8)-M39))) -> 0 | P39: 0.21 | Q39: 4.25 | R39: 0 | S39: 0.83 | T39: 1.58 | U39: =MAX(0,(TRUNC((S39*0.8)-T39))) -> 0 | V39: 0 | W39: 635.77 | X39: 2661.36 | Y39: 7 | Z39: 4 | AA39: 0 | AB39: 0 | AC39: 20 | AD39: 0 | AE39: 0 | AF39: 0 | AG39: 0 | AH39: 0 | AI39: 0 | AJ39: 0 | AK39: 0 | AL39: 0 | AM39: 0 | AN39: 0 | AO39: 0 | AP39: 0 | AQ39: 0 | AR39: 0 | AS39: 1 | AT39: 3 | AU39: 0 | AV39: 0 | AW39: 51 | AX39: 0 | AY39: 0 | AZ39: 0 | BA39: 0 | BB39: 0 | BC39: 8 | BD39: 3 | BE39: 0 | BF39: 1 | BG39: 19 | BH39: 0 | BI39: 0 | BJ39: 0 | BK39: 0 | BL39: 0
A40: 48055 | B40: ZUKO 8 S GUAYABA EXH | C40: 12 | D40: 677 | E40: TRESMONTES LUCHETTI (NUTRESA) | F40: 690 | G40: TRESMONTES LUCCHETTI (ZUKO) | H40: 29.5707 | I40: 354.8484 | J40: =K40*I40 -> 0 | K40: =SUM(N40+R40+U40) -> 0 | L40: 0.54 | M40: 2.92 | N40: =MAX(0,(TRUNC((L40*0.8)-M40))) -> 0 | P40: 0.21 | Q40: 2.92 | R40: 0 | S40: 0.92 | T40: 1.5 | U40: =MAX(0,(TRUNC((S40*0.8)-T40))) -> 0 | V40: 0 | W40: 591.41 | X40: 2602.22 | Y40: 4 | Z40: 5 | AA40: 0 | AB40: 0 | AC40: 35 | AD40: 0 | AE40: 0 | AF40: 0 | AG40: 0 | AH40: 0 | AI40: 0 | AJ40: 0 | AK40: 0 | AL40: 0 | AM40: 0 | AN40: 0 | AO40: 0 | AP40: 0 | AQ40: 0 | AR40: 0 | AS40: 2 | AT40: 1 | AU40: 0 | AV40: 0 | AW40: 35 | AX40: 0 | AY40: 0 | AZ40: 0 | BA40: 0 | BB40: 0 | BC40: 10 | BD40: 2 | BE40: 0 | BF40: 0 | BG40: 18 | BH40: 0 | BI40: 0 | BJ40: 0 | BK40: 0 | BL40: 0
A41: 47009 | B41: VIT CHOC RACING /200 NUTRESA 1477 | C41: 12 | D41: 677 | E41: TRESMONTES LUCHETTI (NUTRESA) | F41: 61 | G41: NUTRESA SA DE CV | H41: 138.47 | I41: 1661.64 | J41: =K41*I41 -> 0 | K41: =SUM(N41+R41+U41) -> 0 | L41: 0 | M41: 0 | N41: =MAX(0,(TRUNC((L41*0.8)-M41))) -> 0 | P41: 0.12 | Q41: 0 | R41: 0 | S41: 0.17 | T41: 0 | U41: =MAX(0,(TRUNC((S41*0.8)-T41))) -> 0 | V41: 0 | W41: 484.64 | X41: 0 | Y41: 0 | Z41: 0 | AA41: 0 | AB41: 0 | AC41: 0 | AD41: 0 | AE41: 0 | AF41: 0 | AG41: 0 | AH41: 0 | AI41: 0 | AJ41: 0 | AK41: 0 | AL41: 0 | AM41: 0 | AN41: 0 | AO41: 0 | AP41: 0 | AQ41: 0 | AR41: 0 | AS41: 0 | AT41: 0 | AU41: 1 | AV41: 1 | AW41: 0 | AX41: 0 | AY41: 0 | AZ41: 0 | BA41: 0 | BB41: 0 | BC41: 0 | BD41: 0 | BE41: 2 | BF41: 0 | BG41: 0 | BH41: 0 | BI41: 0 | BJ41: 0 | BK41: 0 | BL41: 0
A42: 562 | B42: IND ZUKO LIMON | C42: 96 | D42: 677 | E42: TRESMONTES LUCHETTI (NUTRESA) | F42: 690 | G42: TRESMONTES LUCCHETTI (ZUKO) | H42: 3.6969 | I42: 354.9024 | J42: =K42*I42 -> 0 | K42: =SUM(N42+R42+U42) -> 0 | L42: 0.71 | M42: -0.34 | N42: =MAX(0,(TRUNC((L42*0.8)-M42))) -> 0 | P42: 0 | Q42: 0 | R42: 0 | S42: 0 | T42: 0 | U42: =MAX(0,(TRUNC((S42*0.8)-T42))) -> 0 | V42: 0 | W42: 253.24 | X42: -122 | Y42: 6 | Z42: 19 | AA42: 42 | AB42: 22 | AC42: -33 | AD42: 0 | AE42: 0 | AF42: 0 | AG42: 0 | AH42: 0 | AI42: 0 | AJ42: 0 | AK42: 0 | AL42: 0 | AM42: 0 | AN42: 0 | AO42: 0 | AP42: 0 | AQ42: 0 | AR42: 0 | AS42: 0 | AT42: 0 | AU42: 0 | AV42: 0 | AW42: 0 | AX42: 0 | AY42: 0 | AZ42: 0 | BA42: 0 | BB42: 0 | BC42: 0 | BD42: 0 | BE42: 0 | BF42: 0 | BG42: 0 | BH42: 0 | BI42: 0 | BJ42: 0 | BK42: 0 | BL42: 0
A43: 561 | B43: IND ZUKO JAMAICA | C43: 96 | D43: 677 | E43: TRESMONTES LUCHETTI (NUTRESA) | F43: 690 | G43: TRESMONTES LUCCHETTI (ZUKO) | H43: 3.6969 | I43: 354.9024 | J43: =K43*I43 -> 0 | K43: =SUM(N43+R43+U43) -> 0 | L43: 0.66 | M43: -0.44 | N43: =MAX(0,(TRUNC((L43*0.8)-M43))) -> 0 | P43: 0 | Q43: 0 | R43: 0 | S43: 0 | T43: 0 | U43: =MAX(0,(TRUNC((S43*0.8)-T43))) -> 0 | V43: 0 | W43: 232.9 | X43: -155.27 | Y43: 8 | Z43: 18 | AA43: 42 | AB43: 8 | AC43: -42 | AD43: 0 | AE43: 0 | AF43: 0 | AG43: 0 | AH43: 0 | AI43: 0 | AJ43: 0 | AK43: 0 | AL43: 0 | AM43: 0 | AN43: 0 | AO43: 0 | AP43: 0 | AQ43: 0 | AR43: 0 | AS43: 0 | AT43: 0 | AU43: 0 | AV43: 0 | AW43: 0 | AX43: 0 | AY43: 0 | AZ43: 0 | BA43: 0 | BB43: 0 | BC43: 0 | BD43: 0 | BE43: 0 | BF43: 0 | BG43: 0 | BH43: 0 | BI43: 0 | BJ43: 0 | BK43: 0 | BL43: 0
A44: 560 | B44: IND ZUKO FRESA | C44: 96 | D44: 677 | E44: TRESMONTES LUCHETTI (NUTRESA) | F44: 690 | G44: TRESMONTES LUCCHETTI (ZUKO) | H44: 3.6969 | I44: 354.9024 | J44: =K44*I44 -> 0 | K44: =SUM(N44+R44+U44) -> 0 | L44: 0.58 | M44: -0.7 | N44: 0 | P44: 0 | Q44: 0 | R44: 0 | S44: 0 | T44: 0 | U44: =MAX(0,(TRUNC((S44*0.8)-T44))) -> 0 | V44: 0 | W44: 207.03 | X44: -247.69 | Y44: 12 | Z44: 24 | AA44: 32 | AB44: 0 | AC44: -67 | AD44: 0 | AE44: 0 | AF44: 0 | AG44: 0 | AH44: 0 | AI44: 0 | AJ44: 0 | AK44: 0 | AL44: 0 | AM44: 0 | AN44: 0 | AO44: 0 | AP44: 0 | AQ44: 0 | AR44: 0 | AS44: 0 | AT44: 0 | AU44: 0 | AV44: 0 | AW44: 0 | AX44: 0 | AY44: 0 | AZ44: 0 | BA44: 0 | BB44: 0 | BC44: 0 | BD44: 0 | BE44: 0 | BF44: 0 | BG44: 0 | BH44: 0 | BI44: 0 | BJ44: 0 | BK44: 0 | BL44: 0
A45: 48056 | B45: ZUKO 8 S GUANABANA EXH | C45: 12 | D45: 677 | E45: TRESMONTES LUCHETTI (NUTRESA) | F45: 690 | G45: TRESMONTES LUCCHETTI (ZUKO) | H45: 29.5707 | I45: 354.8484 | J45: =K45*I45 -> 0 | K45: =SUM(N45+R45+U45) -> 0 | L45: 0 | M45: 0 | N45: =MAX(0,(TRUNC((L45*0.8)-M45))) -> 0 | P45: 0 | Q45: 0 | R45: 0 | S45: 0.58 | T45: 0 | U45: =MAX(0,(TRUNC((S45*0.8)-T45))) -> 0 | V45: 0 | W45: 206.99 | X45: 0 | Y45: 0 | Z45: 0 | AA45: 0 | AB45: 0 | AC45: 0 | AD45: 0 | AE45: 0 | AF45: 0 | AG45: 0 | AH45: 0 | AI45: 0 | AJ45: 0 | AK45: 0 | AL45: 0 | AM45: 0 | AN45: 0 | AO45: 0 | AP45: 0 | AQ45: 0 | AR45: 0 | AS45: 0 | AT45: 0 | AU45: 0 | AV45: 0 | AW45: 0 | AX45: 0 | AY45: 0 | AZ45: 0 | BA45: 0 | BB45: 0 | BC45: 4 | BD45: 6 | BE45: 0 | BF45: 0 | BG45: 0 | BH45: 0 | BI45: 0 | BJ45: 0 | BK45: 0 | BL45: 0
A46: 567 | B46: IND ZUKO HORCHATA | C46: 96 | D46: 677 | E46: TRESMONTES LUCHETTI (NUTRESA) | F46: 690 | G46: TRESMONTES LUCCHETTI (ZUKO) | H46: 3.6969 | I46: 354.9024 | J46: =K46*I46 -> 0 | K46: =SUM(N46+R46+U46) -> 0 | L46: 0.53 | M46: -0.57 | N46: =MAX(0,(TRUNC((L46*0.8)-M46))) -> 0 | P46: 0 | Q46: 0 | R46: 0 | S46: 0.01 | T46: 0.01 | U46: =MAX(0,(TRUNC((S46*0.8)-T46))) -> 0 | V46: 0 | W46: 188.54 | X46: -199.63 | Y46: 18 | Z46: 6 | AA46: 25 | AB46: 9 | AC46: -55 | AD46: 0 | AE46: 0 | AF46: 0 | AG46: 0 | AH46: 0 | AI46: 0 | AJ46: 0 | AK46: 0 | AL46: 0 | AM46: 0 | AN46: 0 | AO46: 0 | AP46: 0 | AQ46: 0 | AR46: 0 | AS46: 0 | AT46: 0 | AU46: 0 | AV46: 0 | AW46: 0 | AX46: 0 | AY46: 0 | AZ46: 0 | BA46: 0 | BB46: 0 | BC46: 0 | BD46: 1 | BE46: 0 | BF46: 0 | BG46: 1 | BH46: 0 | BI46: 0 | BJ46: 0 | BK46: 0 | BL46: 0
A47: 564 | B47: IND ZUKO NARANJA | C47: 96 | D47: 677 | E47: TRESMONTES LUCHETTI (NUTRESA) | F47: 690 | G47: TRESMONTES LUCCHETTI (ZUKO) | H47: 3.6969 | I47: 354.9024 | J47: =K47*I47 -> 0 | K47: =SUM(N47+R47+U47) -> 0 | L47: 0.44 | M47: -0.53 | N47: =MAX(0,(TRUNC((L47*0.8)-M47))) -> 0 | P47: 0 | Q47: 0 | R47: 0 | S47: 0 | T47: 0 | U47: =MAX(0,(TRUNC((S47*0.8)-T47))) -> 0 | V47: 0 | W47: 157.12 | X47: -188.54 | Y47: 11 | Z47: 19 | AA47: 22 | AB47: 0 | AC47: -51 | AD47: 0 | AE47: 0 | AF47: 0 | AG47: 0 | AH47: 0 | AI47: 0 | AJ47: 0 | AK47: 0 | AL47: 0 | AM47: 0 | AN47: 0 | AO47: 0 | AP47: 0 | AQ47: 0 | AR47: 0 | AS47: 0 | AT47: 0 | AU47: 0 | AV47: 0 | AW47: 0 | AX47: 0 | AY47: 0 | AZ47: 0 | BA47: 0 | BB47: 0 | BC47: 0 | BD47: 0 | BE47: 0 | BF47: 0 | BG47: 0 | BH47: 0 | BI47: 0 | BJ47: 0 | BK47: 0 | BL47: 0
A48: 565 | B48: IND ZUKO PIÑA | C48: 96 | D48: 677 | E48: TRESMONTES LUCHETTI (NUTRESA) | F48: 690 | G48: TRESMONTES LUCCHETTI (ZUKO) | H48: 3.6969 | I48: 354.9024 | J48: =K48*I48 -> 0 | K48: =SUM(N48+R48+U48) -> 0 | L48: 0.38 | M48: -0.56 | N48: =MAX(0,(TRUNC((L48*0.8)-M48))) -> 0 | P48: 0 | Q48: 0 | R48: 0 | S48: 0 | T48: 0 | U48: =MAX(0,(TRUNC((S48*0.8)-T48))) -> 0 | V48: 0 | W48: 134.94 | X48: -199.63 | Y48: 22 | Z48: 15 | AA48: 7 | AB48: 0 | AC48: -54 | AD48: 0 | AE48: 0 | AF48: 0 | AG48: 0 | AH48: 0 | AI48: 0 | AJ48: 0 | AK48: 0 | AL48: 0 | AM48: 0 | AN48: 0 | AO48: 0 | AP48: 0 | AQ48: 0 | AR48: 0 | AS48: 0 | AT48: 0 | AU48: 0 | AV48: 0 | AW48: 0 | AX48: 0 | AY48: 0 | AZ48: 0 | BA48: 0 | BB48: 0 | BC48: 0 | BD48: 0 | BE48: 0 | BF48: 0 | BG48: 0 | BH48: 0 | BI48: 0 | BJ48: 0 | BK48: 0 | BL48: 0
A49: 504 | B49: IND ZUKO MANGO | C49: 96 | D49: 677 | E49: TRESMONTES LUCHETTI (NUTRESA) | F49: 690 | G49: TRESMONTES LUCCHETTI (ZUKO) | H49: 3.6969 | I49: 354.9024 | J49: =K49*I49 -> 0 | K49: =SUM(N49+R49+U49) -> 0 | L49: 0.25 | M49: -0.22 | N49: =MAX(0,(TRUNC((L49*0.8)-M49))) -> 0 | P49: 0 | Q49: 0 | R49: 0 | S49: 0 | T49: 0 | U49: =MAX(0,(TRUNC((S49*0.8)-T49))) -> 0 | V49: 0 | W49: 88.73 | X49: -77.63 | Y49: 3 | Z49: 12 | AA49: 15 | AB49: 0 | AC49: -21 | AD49: 0 | AE49: 0 | AF49: 0 | AG49: 0 | AH49: 0 | AI49: 0 | AJ49: 0 | AK49: 0 | AL49: 0 | AM49: 0 | AN49: 0 | AO49: 0 | AP49: 0 | AQ49: 0 | AR49: 0 | AS49: 0 | AT49: 0 | AU49: 0 | AV49: 0 | AW49: 0 | AX49: 0 | AY49: 0 | AZ49: 0 | BA49: 0 | BB49: 0 | BC49: 0 | BD49: 0 | BE49: 0 | BF49: 0 | BG49: 0 | BH49: 0 | BI49: 0 | BJ49: 0 | BK49: 0 | BL49: 0
A50: 506 | B50: IND ZUKO MELON | C50: 96 | D50: 677 | E50: TRESMONTES LUCHETTI (NUTRESA) | F50: 690 | G50: TRESMONTES LUCCHETTI (ZUKO) | H50: 3.6969 | I50: 354.9024 | J50: =K50*I50 -> 0 | K50: =SUM(N50+R50+U50) -> 0 | L50: 0.23 | M50: -0.11 | N50: =MAX(0,(TRUNC((L50*0.8)-M50))) -> 0 | P50: 0 | Q50: 0 | R50: 0 | S50: 0 | T50: 0 | U50: =MAX(0,(TRUNC((S50*0.8)-T50))) -> 0 | V50: 0 | W50: 81.33 | X50: -40.67 | Y50: 5 | Z50: 1 | AA50: 12 | AB50: 9 | AC50: -11 | AD50: 0 | AE50: 0 | AF50: 0 | AG50: 0 | AH50: 0 | AI50: 0 | AJ50: 0 | AK50: 0 | AL50: 0 | AM50: 0 | AN50: 0 | AO50: 0 | AP50: 0 | AQ50: 0 | AR50: 0 | AS50: 0 | AT50: 0 | AU50: 0 | AV50: 0 | AW50: 0 | AX50: 0 | AY50: 0 | AZ50: 0 | BA50: 0 | BB50: 0 | BC50: 0 | BD50: 0 | BE50: 0 | BF50: 0 | BG50: 0 | BH50: 0 | BI50: 0 | BJ50: 0 | BK50: 0 | BL50: 0
A51: 566 | B51: IND ZUKO TAMARINDO | C51: 96 | D51: 677 | E51: TRESMONTES LUCHETTI (NUTRESA) | F51: 690 | G51: TRESMONTES LUCCHETTI (ZUKO) | H51: 3.6969 | I51: 354.9024 | J51: =K51*I51 -> 0 | K51: =SUM(N51+R51+U51) -> 0 | L51: 0.19 | M51: -0.22 | N51: =MAX(0,(TRUNC((L51*0.8)-M51))) -> 0 | P51: 0 | Q51: 0 | R51: 0 | S51: 0 | T51: 0 | U51: =MAX(0,(TRUNC((S51*0.8)-T51))) -> 0 | V51: 0 | W51: 66.54 | X51: -77.63 | Y51: 13 | Z51: 0 | AA51: 5 | AB51: 0 | AC51: -21 | AD51: 0 | AE51: 0 | AF51: 0 | AG51: 0 | AH51: 0 | AI51: 0 | AJ51: 0 | AK51: 0 | AL51: 0 | AM51: 0 | AN51: 0 | AO51: 0 | AP51: 0 | AQ51: 0 | AR51: 0 | AS51: 0 | AT51: 0 | AU51: 0 | AV51: 0 | AW51: 0 | AX51: 0 | AY51: 0 | AZ51: 0 | BA51: 0 | BB51: 0 | BC51: 0 | BD51: 0 | BE51: 0 | BF51: 0 | BG51: 0 | BH51: 0 | BI51: 0 | BJ51: 0 | BK51: 0 | BL51: 0
A52: 509 | B52: IND ZUKO MANDARINA | C52: 96 | D52: 677 | E52: TRESMONTES LUCHETTI (NUTRESA) | F52: 690 | G52: TRESMONTES LUCCHETTI (ZUKO) | H52: 3.6969 | I52: 354.9024 | J52: =K52*I52 -> 0 | K52: =SUM(N52+R52+U52) -> 0 | L52: 0.14 | M52: -0.16 | N52: =MAX(0,(TRUNC((L52*0.8)-M52))) -> 0 | P52: 0 | Q52: 0 | R52: 0 | S52: 0 | T52: 0 | U52: =MAX(0,(TRUNC((S52*0.8)-T52))) -> 0 | V52: 0 | W52: 48.06 | X52: -55.45 | Y52: 11 | Z52: 4 | AA52: 0 | AB52: 0 | AC52: -15 | AD52: 0 | AE52: 0 | AF52: 0 | AG52: 0 | AH52: 0 | AI52: 0 | AJ52: 0 | AK52: 0 | AL52: 0 | AM52: 0 | AN52: 0 | AO52: 0 | AP52: 0 | AQ52: 0 | AR52: 0 | AS52: 0 | AT52: 0 | AU52: 0 | AV52: 0 | AW52: 0 | AX52: 0 | AY52: 0 | AZ52: 0 | BA52: 0 | BB52: 0 | BC52: 0 | BD52: 0 | BE52: 0 | BF52: 0 | BG52: 0 | BH52: 0 | BI52: 0 | BJ52: 0 | BK52: 0 | BL52: 0
A53: 48083 | B53: ZUKO 8 S MANZANA EXH | C53: 12 | D53: 677 | E53: TRESMONTES LUCHETTI (NUTRESA) | F53: 690 | G53: TRESMONTES LUCCHETTI (ZUKO) | H53: 29.5707 | I53: 354.8484 | J53: =K53*I53 -> 0 | K53: =SUM(N53+R53+U53) -> 0 | L53: 0 | M53: 0 | N53: =MAX(0,(TRUNC((L53*0.8)-M53))) -> 0 | P53: 0 | Q53: 0 | R53: 0 | S53: 0.12 | T53: 0 | U53: =MAX(0,(TRUNC((S53*0.8)-T53))) -> 0 | V53: 0 | W53: 44.36 | X53: 0 | Y53: 0 | Z53: 0 | AA53: 0 | AB53: 0 | AC53: 0 | AD53: 0 | AE53: 0 | AF53: 0 | AG53: 0 | AH53: 0 | AI53: 0 | AJ53: 0 | AK53: 0 | AL53: 0 | AM53: 0 | AN53: 0 | AO53: 0 | AP53: 0 | AQ53: 0 | AR53: 0 | AS53: 0 | AT53: 0 | AU53: 0 | AV53: 0 | AW53: 0 | AX53: 0 | AY53: 0 | AZ53: 0 | BA53: 0 | BB53: 0 | BC53: 0 | BD53: 1 | BE53: 1 | BF53: 0 | BG53: 0 | BH53: 0 | BI53: 0 | BJ53: 0 | BK53: 0 | BL53: 0
A54: 519 | B54: IND ZUKO GUAYABA | C54: 96 | D54: 677 | E54: TRESMONTES LUCHETTI (NUTRESA) | F54: 690 | G54: TRESMONTES LUCCHETTI (ZUKO) | H54: 3.6969 | I54: 354.9024 | J54: =K54*I54 -> 0 | K54: =SUM(N54+R54+U54) -> 0 | L54: 0.11 | M54: -0.23 | N54: =MAX(0,(TRUNC((L54*0.8)-M54))) -> 0 | P54: 0 | Q54: 0 | R54: 0 | S54: 0 | T54: 0 | U54: =MAX(0,(TRUNC((S54*0.8)-T54))) -> 0 | V54: 0 | W54: 38.82 | X54: -81.33 | Y54: 6 | Z54: 9 | AA54: 0 | AB54: 0 | AC54: -22 | AD54: 0 | AE54: 0 | AF54: 0 | AG54: 0 | AH54: 0 | AI54: 0 | AJ54: 0 | AK54: 0 | AL54: 0 | AM54: 0 | AN54: 0 | AO54: 0 | AP54: 0 | AQ54: 0 | AR54: 0 | AS54: 0 | AT54: 0 | AU54: 0 | AV54: 0 | AW54: 0 | AX54: 0 | AY54: 0 | AZ54: 0 | BA54: 0 | BB54: 0 | BC54: 0 | BD54: 0 | BE54: 0 | BF54: 0 | BG54: 0 | BH54: 0 | BI54: 0 | BJ54: 0 | BK54: 0 | BL54: 0
A55: 526 | B55: IND ZUKO SANDIA | C55: 96 | D55: 677 | E55: TRESMONTES LUCHETTI (NUTRESA) | F55: 690 | G55: TRESMONTES LUCCHETTI (ZUKO) | H55: 3.6969 | I55: 354.9024 | J55: =K55*I55 -> 0 | K55: =SUM(N55+R55+U55) -> 0 | L55: 0.07 | M55: -0.03 | N55: =MAX(0,(TRUNC((L55*0.8)-M55))) -> 0 | P55: 0 | Q55: 0 | R55: 0 | S55: 0 | T55: 0 | U55: =MAX(0,(TRUNC((S55*0.8)-T55))) -> 0 | V55: 0 | W55: 25.88 | X55: -11.09 | Y55: 1 | Z55: 1 | AA55: 5 | AB55: 1 | AC55: -3 | AD55: 0 | AE55: 0 | AF55: 0 | AG55: 0 | AH55: 0 | AI55: 0 | AJ55: 0 | AK55: 0 | AL55: 0 | AM55: 0 | AN55: 0 | AO55: 0 | AP55: 0 | AQ55: 0 | AR55: 0 | AS55: 0 | AT55: 0 | AU55: 0 | AV55: 0 | AW55: 0 | AX55: 0 | AY55: 0 | AZ55: 0 | BA55: 0 | BB55: 0 | BC55: 0 | BD55: 0 | BE55: 0 | BF55: 0 | BG55: 0 | BH55: 0 | BI55: 0 | BJ55: 0 | BK55: 0 | BL55: 0
A56: 501 | B56: IND ZUKO PIÑA COLADA | C56: 96 | D56: 677 | E56: TRESMONTES LUCHETTI (NUTRESA) | F56: 690 | G56: TRESMONTES LUCCHETTI (ZUKO) | H56: 3.6969 | I56: 354.9024 | J56: =K56*I56 -> 0 | K56: =SUM(N56+R56+U56) -> 0 | L56: 0.06 | M56: -0.12 | N56: =MAX(0,(TRUNC((L56*0.8)-M56))) -> 0 | P56: 0 | Q56: 0 | R56: 0 | S56: 0 | T56: 0 | U56: =MAX(0,(TRUNC((S56*0.8)-T56))) -> 0 | V56: 0 | W56: 22.18 | X56: -44.36 | Y56: 1 | Z56: 4 | AA56: 3 | AB56: 0 | AC56: -12 | AD56: 0 | AE56: 0 | AF56: 0 | AG56: 0 | AH56: 0 | AI56: 0 | AJ56: 0 | AK56: 0 | AL56: 0 | AM56: 0 | AN56: 0 | AO56: 0 | AP56: 0 | AQ56: 0 | AR56: 0 | AS56: 0 | AT56: 0 | AU56: 0 | AV56: 0 | AW56: 0 | AX56: 0 | AY56: 0 | AZ56: 0 | BA56: 0 | BB56: 0 | BC56: 0 | BD56: 0 | BE56: 0 | BF56: 0 | BG56: 0 | BH56: 0 | BI56: 0 | BJ56: 0 | BK56: 0 | BL56: 0
... A86: 47044 | B86: ** | C86: 12 | D86: 677 | E86: TRESMONTES LUCHETTI (NUTRESA) | F86: 999 | G86: PRODUCTOS A ELIMINAR | H86: 18.04 | I86: 216.48 | J86: =K86*I86 -> 0 | K86: =SUM(N86+R86+U86) -> 0 | L86: 0 | M86: 0 | N86: =MAX(0,(TRUNC((L86*0.8)-M86))) -> 0 | P86: 0 | Q86: 0 | R86: 0 | S86: 0 | T86: 0 | U86: =MAX(0,(TRUNC((S86*0.8)-T86))) -> 0 | V86: 0 | W86: 0 | X86: 0 | Y86: 0 | Z86: 0 | AA86: 0 | AB86: 0 | AC86: 0 | AD86: 0 | AE86: 0 | AF86: 0 | AG86: 0 | AH86: 0 | AI86: 0 | AJ86: 0 | AK86: 0 | AL86: 0 | AM86: 0 | AN86: 0 | AO86: 0 | AP86: 0 | AQ86: 0 | AR86: 0 | AS86: 0 | AT86: 0 | AU86: 0 | AV86: 0 | AW86: 0 | AX86: 0 | AY86: 0 | AZ86: 0 | BA86: 0 | BB86: 0 | BC86: 0 | BD86: 0 | BE86: 0 | BF86: 0 | BG86: 0 | BH86: 0 | BI86: 0 | BJ86: 0 | BK86: 0 | BL86: 0
A87: 47047 | B87: 47047 | C87: 15 | D87: 677 | E87: TRESMONTES LUCHETTI (NUTRESA) | F87: 999 | G87: PRODUCTOS A ELIMINAR | H87: 20.9477 | I87: 314.2155 | J87: =K87*I87 -> 0 | K87: =SUM(N87+R87+U87) -> 0 | L87: 0 | M87: 0 | N87: =MAX(0,(TRUNC((L87*0.8)-M87))) -> 0 | P87: 0 | Q87: 0 | R87: 0 | S87: 0 | T87: 0 | U87: =MAX(0,(TRUNC((S87*0.8)-T87))) -> 0 | V87: 0 | W87: 0 | X87: 0 | Y87: 0 | Z87: 0 | AA87: 0 | AB87: 0 | AC87: 0 | AD87: 0 | AE87: 0 | AF87: 0 | AG87: 0 | AH87: 0 | AI87: 0 | AJ87: 0 | AK87: 0 | AL87: 0 | AM87: 0 | AN87: 0 | AO87: 0 | AP87: 0 | AQ87: 0 | AR87: 0 | AS87: 0 | AT87: 0 | AU87: 0 | AV87: 0 | AW87: 0 | AX87: 0 | AY87: 0 | AZ87: 0 | BA87: 0 | BB87: 0 | BC87: 0 | BD87: 0 | BE87: 0 | BF87: 0 | BG87: 0 | BH87: 0 | BI87: 0 | BJ87: 0 | BK87: 0 | BL87: 0
A88: 47048 | B88: CHOC BURBU CREMINO AVELLANA /12 NUTRESA | C88: 4 | D88: 677 | E88: TRESMONTES LUCHETTI (NUTRESA) | F88: 677 | G88: DISPONIBLE | H88: 119.16 | I88: 476.64 | J88: =K88*I88 -> 0 | K88: =SUM(N88+R88+U88) -> 0 | L88: 0 | M88: 0 | N88: =MAX(0,(TRUNC((L88*0.8)-M88))) -> 0 | P88: 0 | Q88: 0 | R88: 0 | S88: 0 | T88: 0 | U88: =MAX(0,(TRUNC((S88*0.8)-T88))) -> 0 | V88: 0 | W88: 0 | X88: 0 | Y88: 0 | Z88: 0 | AA88: 0 | AB88: 0 | AC88: 0 | AD88: 0 | AE88: 0 | AF88: 0 | AG88: 0 | AH88: 0 | AI88: 0 | AJ88: 0 | AK88: 0 | AL88: 0 | AM88: 0 | AN88: 0 | AO88: 0 | AP88: 0 | AQ88: 0 | AR88: 0 | AS88: 0 | AT88: 0 | AU88: 0 | AV88: 0 | AW88: 0 | AX88: 0 | AY88: 0 | AZ88: 0 | BA88: 0 | BB88: 0 | BC88: 0 | BD88: 0 | BE88: 0 | BF88: 0 | BG88: 0 | BH88: 0 | BI88: 0 | BJ88: 0 | BK88: 0 | BL88: 0
A89: 47049 | B89: CREMINO AVELLANA UNTABLE (200GR) / 1 NUTRESA | C89: 12 | D89: 677 | E89: TRESMONTES LUCHETTI (NUTRESA) | F89: 999 | G89: PRODUCTOS A ELIMINAR | H89: 34.17 | I89: 410.04 | J89: =K89*I89 -> 0 | K89: =SUM(N89+R89+U89) -> 0 | L89: 0 | M89: 0 | N89: =MAX(0,(TRUNC((L89*0.8)-M89))) -> 0 | P89: 0 | Q89: 0 | R89: 0 | S89: 0 | T89: 0 | U89: =MAX(0,(TRUNC((S89*0.8)-T89))) -> 0 | V89: 0 | W89: 0 | X89: 0 | Y89: 0 | Z89: 0 | AA89: 0 | AB89: 0 | AC89: 0 | AD89: 0 | AE89: 0 | AF89: 0 | AG89: 0 | AH89: 0 | AI89: 0 | AJ89: 0 | AK89: 0 | AL89: 0 | AM89: 0 | AN89: 0 | AO89: 0 | AP89: 0 | AQ89: 0 | AR89: 0 | AS89: 0 | AT89: 0 | AU89: 0 | AV89: 0 | AW89: 0 | AX89: 0 | AY89: 0 | AZ89: 0 | BA89: 0 | BB89: 0 | BC89: 0 | BD89: 0 | BE89: 0 | BF89: 0 | BG89: 0 | BH89: 0 | BI89: 0 | BJ89: 0 | BK89: 0 | BL89: 0
A90: 47050 | B90: ** | C90: 24 | D90: 677 | E90: TRESMONTES LUCHETTI (NUTRESA) | F90: 999 | G90: PRODUCTOS A ELIMINAR | H90: 16.4701 | I90: 395.2824 | J90: =K90*I90 -> 0 | K90: =SUM(N90+R90+U90) -> 0 | L90: 0 | M90: 0 | N90: =MAX(0,(TRUNC((L90*0.8)-M90))) -> 0 | P90: 0 | Q90: 0 | R90: 0 | S90: 0 | T90: 0 | U90: =MAX(0,(TRUNC((S90*0.8)-T90))) -> 0 | V90: 0 | W90: 0 | X90: 0 | Y90: 0 | Z90: 0 | AA90: 0 | AB90: 0 | AC90: 0 | AD90: 0 | AE90: 0 | AF90: 0 | AG90: 0 | AH90: 0 | AI90: 0 | AJ90: 0 | AK90: 0 | AL90: 0 | AM90: 0 | AN90: 0 | AO90: 0 | AP90: 0 | AQ90: 0 | AR90: 0 | AS90: 0 | AT90: 0 | AU90: 0 | AV90: 0 | AW90: 0 | AX90: 0 | AY90: 0 | AZ90: 0 | BA90: 0 | BB90: 0 | BC90: 0 | BD90: 0 | BE90: 0 | BF90: 0 | BG90: 0 | BH90: 0 | BI90: 0 | BJ90: 0 | BK90: 0 | BL90: 0
A91: 47125 | B91: ** | C91: 15 | D91: 677 | E91: TRESMONTES LUCHETTI (NUTRESA) | F91: 999 | G91: PRODUCTOS A ELIMINAR | H91: 37.9 | I91: 568.5 | J91: =K91*I91 -> 0 | K91: =SUM(N91+R91+U91) -> 0 | L91: 0 | M91: 0 | N91: =MAX(0,(TRUNC((L91*0.8)-M91))) -> 0 | P91: 0 | Q91: 0 | R91: 0 | S91: 0 | T91: 0 | U91: =MAX(0,(TRUNC((S91*0.8)-T91))) -> 0 | V91: 0 | W91: 0 | X91: 0 | Y91: 0 | Z91: 0 | AA91: 0 | AB91: 0 | AC91: 0 | AD91: 0 | AE91: 0 | AF91: 0 | AG91: 0 | AH91: 0 | AI91: 0 | AJ91: 0 | AK91: 0 | AL91: 0 | AM91: 0 | AN91: 0 | AO91: 0 | AP91: 0 | AQ91: 0 | AR91: 0 | AS91: 0 | AT91: 0 | AU91: 0 | AV91: 0 | AW91: 0 | AX91: 0 | AY91: 0 | AZ91: 0 | BA91: 0 | BB91: 0 | BC91: 0 | BD91: 0 | BE91: 0 | BF91: 0 | BG91: 0 | BH91: 0 | BI91: 0 | BJ91: 0 | BK91: 0 | BL91: 0
R92: 0
B93: por cada 3 muibon Avellanas es 1 display c&c | R93: 0
R94: 0
R95: 0
R96: 0
R97: 0
R98: 0
R99: 0
R100: 0
R101: 0
R102: 0
R103: 0
R104: 0
R105: 0
... R110: 0

Sheet 120326
J1: =SUM(J3:J91) -> 778881.78 | K1: =SUM(K3:K91) -> 933 | N1: =SUM(N3:N91) -> 389 | Q1: =SUM(Q3:Q91) -> 224 | T1: =SUM(T3:T91) -> 320 | V1: =X1/W1 -> 0.74810808 | W1: =SUM(W3:W91) -> 826795.2 | X1: =SUM(X3:X91) -> 618532.17
A2: Articulo | B2: Nombre | C2: UXC | D2: Subfamilia | E2: SN | F2: Categoria | G2: CN | H2: CostoCIVA | I2: CostoXCaja | J2: $Pedido | K2: SumaPedido | L2: 10VentasG | M2: 10ExistenciaG | N2: PedidoLPD | O2: 30VentasG | P2: 30ExistenciasG | Q2: PedMorelia | R2: 50VentasG | S2: 50ExistenciaG | T2: PedidoZam | V2: ExCEDIS | W2: ValorVentaG | X2: ValorExistenciaG | Y2: 10Actual15 | Z2: 10Actual30R | AA2: 10Anterior15 | AB2: 10Anterior30R | AC2: 10ExistenciaWC | AD2: 40Actual15 | AE2: 40Actual30R | AF2: 40Anterior15 | AG2: 40Anterior30R | AH2: 40ExistenciaWC | AI2: 42Actual15 | AJ2: 42Actual30R | AK2: 42Anterior15 | AL2: 42Anterior30R | AM2: 42ExistenciaWC | AN2: 44Actual15 | AO2: 44Actual30R | AP2: 44Anterior15 | AQ2: 44Anterior30R | AR2: 44ExistenciaWC | AS2: 30Actual15 | AT2: 30Actual30R | AU2: 30Anterior15 | AV2: 30Anterior30R | AW2: 30ExistenciaWC | AX2: 32Actual15 | AY2: 32Actual30R | AZ2: 32Anterior15 | BA2: 32Anterior30R | BB2: 32ExistenciaWC | BC2: 50Actual15 | BD2: 50Actual30R | BE2: 50Anterior15 | BF2: 50Anterior30R | BG2: 50ExistenciaWC | BH2: 54Actual15 | BI2: 54Actual30R | BJ2: 54Anterior15 | BK2: 54Anterior30R | BL2: 54ExistenciaWC
A3: 47001 | B3: CHOC CREMINO BICOLOR /24 NUTRESA | C3: 16 | D3: 677 | E3: TRESMONTES LUCHETTI (NUTRESA) | F3: 61 | G3: NUTRESA SA DE CV | H3: 56.5902 | I3: 905.4432 | J3: =K3*I3 -> 72435.456 | K3: =SUM(N3+Q3+T3) -> 80 | L3: 35.31 | M3: 35.44 | N3: =MAX(0,(TRUNC((L3*0.8)-M3))) -> 0 | O3: 50.81 | P3: 47.5 | Q3: 40 | R3: 52.56 | S3: 29.25 | T3: 40 | V3: 0 | W3: 125573.65 | X3: 101579.41 | Y3: 294 | Z3: 0 | AA3: 203 | AB3: 136 | AC3: 567 | AD3: 0 | AE3: 0 | AF3: 0 | AG3: 0 | AH3: 0 | AI3: 0 | AJ3: 0 | AK3: 0 | AL3: 0 | AM3: 0 | AN3: 0 | AO3: 0 | AP3: 0 | AQ3: 0 | AR3: 0 | AS3: 256 | AT3: 164 | AU3: 327 | AV3: 296 | AW3: 760 | AX3: 0 | AY3: 0 | AZ3: 0 | BA3: 0 | BB3: 0 | BC3: 382 | BD3: 0 | BE3: 353 | BF3: 212 | BG3: 468 | BH3: 0 | BI3: 0 | BJ3: 0 | BK3: 0 | BL3: 0
A4: 47010 | B4: CHOC MUIBON AVELLANAS /15 NUTRESA 9055 | C4: 24 | D4: 677 | E4: TRESMONTES LUCHETTI (NUTRESA) | F4: 61 | G4: NUTRESA SA DE CV | H4: 48.56 | I4: 1165.44 | J4: =K4*I4 -> 85077.12 | K4: =SUM(N4+Q4+T4) -> 73 | L4: 22.33 | M4: 2.38 | N4: 33 | O4: 18.65 | P4: 17.21 | Q4: 10 | R4: 24.96 | S4: 3.92 | T4: 30 | V4: 0 | W4: 76846.2 | X4: 27387.84 | Y4: 419 | Z4: 0 | AA4: 67 | AB4: 100 | AC4: 57 | AD4: 0 | AE4: 0 | AF4: 0 | AG4: 0 | AH4: 0 | AI4: 0 | AJ4: 0 | AK4: 0 | AL4: 0 | AM4: 0 | AN4: 0 | AO4: 0 | AP4: 0 | AQ4: 0 | AR4: 0 | AS4: 177 | AT4: 34 | AU4: 163 | AV4: 181 | AW4: 413 | AX4: 0 | AY4: 0 | AZ4: 0 | BA4: 0 | BB4: 0 | BC4: 337 | BD4: 23 | BE4: 144 | BF4: 213 | BG4: 94 | BH4: 0 | BI4: 0 | BJ4: 0 | BK4: 0 | BL4: 0
A5: 47012 | B5: CHOC MONEDA EXH /48 NUTRESA 1432 | C5: 18 | D5: 677 | E5: TRESMONTES LUCHETTI (NUTRESA) | F5: 61 | G5: NUTRESA SA DE CV | H5: 58.8379 | I5: 1059.0822 | J5: =K5*I5 -> 54013.192 | K5: =SUM(N5+Q5+T5) -> 51 | L5: 16.42 | M5: 1.5 | N5: 26 | O5: 29.33 | P5: 24.61 | Q5: 25 | R5: 23.97 | S5: 17.61 | T5: 0 | V5: 0 | W5: 73841.56 | X5: 46305.43 | Y5: 110 | Z5: 65 | AA5: 67 | AB5: 172 | AC5: 27 | AD5: 0 | AE5: 0 | AF5: 0 | AG5: 0 | AH5: 0 | AI5: 0 | AJ5: 0 | AK5: 0 | AL5: 0 | AM5: 0 | AN5: 0 | AO5: 0 | AP5: 0 | AQ5: 0 | AR5: 0 | AS5: 255 | AT5: 149 | AU5: 113 | AV5: 171 | AW5: 443 | AX5: 0 | AY5: 0 | AZ5: 0 | BA5: 0 | BB5: 0 | BC5: 136 | BD5: 167 | BE5: 200 | BF5: 24 | BG5: 317 | BH5: 0 | BI5: 0 | BJ5: 0 | BK5: 0 | BL5: 0
A6: 47005 | B6: NUCITA TRISABOR 224GR /16 NUTRESA | C6: 24 | D6: 677 | E6: TRESMONTES LUCHETTI (NUTRESA) | F6: 61 | G6: NUTRESA SA DE CV | H6: 22.316 | I6: 535.584 | J6: =K6*I6 -> 0 | K6: =SUM(N6+Q6+T6) -> 0 | L6: 37.52 | M6: 38.38 | N6: =MAX(0,(TRUNC((L6*0.8)-M6))) -> 0 | O6: 37.23 | P6: 79.42 | Q6: 0 | R6: 57.69 | S6: 40.5 | T6: 0 | V6: 0 | W6: 70931.41 | X6: 84778.48 | Y6: 317 | Z6: 375 | AA6: 175 | AB6: 442 | AC6: 921 | AD6: 0 | AE6: 0 | AF6: 0 | AG6: 0 | AH6: 0 | AI6: 0 | AJ6: 0 | AK6: 0 | AL6: 0 | AM6: 0 | AN6: 0 | AO6: 0 | AP6: 0 | AQ6: 0 | AR6: 0 | AS6: 238 | AT6: 527 | AU6: 157 | AV6: 470 | AW6: 1906 | AX6: 0 | AY6: 0 | AZ6: 0 | BA6: 0 | BB6: 0 | BC6: 612 | BD6: 248 | BE6: 352 | BF6: 593 | BG6: 972 | BH6: 0 | BI6: 0 | BJ6: 0 | BK6: 0 | BL6: 0
A7: 47023 | B7: EXH CHOC CREMINO BICOLORE NUTRESA /50 | C7: 8 | D7: 677 | E7: TRESMONTES LUCHETTI (NUTRESA) | F7: 61 | G7: NUTRESA SA DE CV | H7: 105.55 | I7: 844.4 | J7: =K7*I7 -> 33776 | K7: =SUM(N7+Q7+T7) -> 40 | L7: 30.31 | M7: 0.5 | N7: 20 | O7: 20.88 | P7: 30.62 | Q7: 0 | R7: 22.5 | S7: -0.62 | T7: 20 | V7: 0 | W7: 62221.72 | X7: 25754.2 | Y7: 127 | Z7: 0 | AA7: 87 | AB7: 57 | AC7: 4 | AD7: 0 | AE7: 0 | AF7: 0 | AG7: 0 | AH7: 0 | AI7: 0 | AJ7: 0 | AK7: 0 | AL7: 0 | AM7: 0 | AN7: 0 | AO7: 0 | AP7: 0 | AQ7: 0 | AR7: 0 | AS7: 57 | AT7: 19 | AU7: 58 | AV7: 85 | AW7: 245 | AX7: 0 | AY7: 0 | AZ7: 0 | BA7: 0 | BB7: 0 | BC7: 85 | BD7: 0 | BE7: 31 | BF7: 128 | BG7: -5 | BH7: 0 | BI7: 0 | BJ7: 0 | BK7: 0 | BL7: 0
A8: 47046 | B8: NUCITA PATITAS (152G) / 8 NUTRESA | C8: 24 | D8: 677 | E8: TRESMONTES LUCHETTI (NUTRESA) | F8: 61 | G8: NUTRESA SA DE CV | H8: 39.11 | I8: 938.64 | J8: =K8*I8 -> 18772.8 | K8: =SUM(N8+Q8+T8) -> 20 | L8: 11.35 | M8: 32.12 | N8: =MAX(0,(TRUNC((L8*0.8)-M8))) -> 0 | O8: 22.12 | P8: 4.88 | Q8: 20 | R8: 29.1 | S8: 12.08 | T8: 0 | U8: 10ph | V8: 0 | W8: 58743.22 | X8: 46071.58 | Y8: 78 | Z8: 54 | AA8: 96 | AB8: 143 | AC8: 771 | AD8: 0 | AE8: 0 | AF8: 0 | AG8: 0 | AH8: 0 | AI8: 0 | AJ8: 0 | AK8: 0 | AL8: 0 | AM8: 0 | AN8: 0 | AO8: 0 | AP8: 0 | AQ8: 0 | AR8: 0 | AS8: 157 | AT8: 113 | AU8: 233 | AV8: 169 | AW8: 117 | AX8: 0 | AY8: 0 | AZ8: 0 | BA8: 0 | BB8: 0 | BC8: 315 | BD8: 114 | BE8: 184 | BF8: 285 | BG8: 290 | BH8: 0 | BI8: 0 | BJ8: 0 | BK8: 0 | BL8: 0
A9: 10703 | B9: VIT CHOC MONEDA 708g /120 NUTRESA | C9: 12 | D9: 677 | E9: TRESMONTES LUCHETTI (NUTRESA) | F9: 542 | G9: DISPONIBLE | H9: 133.7442 | I9: 1604.9304 | J9: =K9*I9 -> 56172.564 | K9: =SUM(N9+Q9+T9) -> 35 | L9: 6.17 | M9: 1.25 | N9: 10 | O9: 7.71 | P9: 3.5 | Q9: 15 | R9: 10.62 | S9: 1.67 | T9: 10 | V9: 0 | W9: 39320.79 | X9: 10298.3 | Y9: 48 | Z9: 0 | AA9: 16 | AB9: 20 | AC9: 15 | AD9: 0 | AE9: 0 | AF9: 0 | AG9: 0 | AH9: 0 | AI9: 0 | AJ9: 0 | AK9: 0 | AL9: 0 | AM9: 0 | AN9: 0 | AO9: 0 | AP9: 0 | AQ9: 0 | AR9: 0 | AS9: 44 | AT9: 22 | AU9: 17 | AV9: 41 | AW9: 42 | AX9: 0 | AY9: 0 | AZ9: 0 | BA9: 0 | BB9: 0 | BC9: 78 | BD9: 0 | BE9: 39 | BF9: 21 | BG9: 20 | BH9: 0 | BI9: 0 | BJ9: 0 | BK9: 0 | BL9: 0
A10: 47000 | B10: CHOC CREMINO BLANCO /24 NUTRESA 2256 | C10: 16 | D10: 677 | E10: TRESMONTES LUCHETTI (NUTRESA) | F10: 61 | G10: NUTRESA SA DE CV | H10: 56.59 | I10: 905.44 | J10: =K10*I10 -> 0 | K10: =SUM(N10+Q10+T10) -> 0 | L10: 8.88 | M10: 9.06 | N10: =MAX(0,(TRUNC((L10*0.8)-M10))) -> 0 | O10: 17.59 | P10: 31.19 | Q10: 0 | R10: 14.78 | S10: 2.25 | T10: 0 | U10: 10ma | V10: 0 | W10: 37349.4 | X10: 38481.2 | Y10: 51 | Z10: 5 | AA10: 60 | AB10: 57 | AC10: 145 | AD10: 0 | AE10: 0 | AF10: 0 | AG10: 0 | AH10: 0 | AI10: 0 | AJ10: 0 | AK10: 0 | AL10: 0 | AM10: 0 | AN10: 0 | AO10: 0 | AP10: 0 | AQ10: 0 | AR10: 0 | AS10: 80 | AT10: 147 | AU10: 101 | AV10: 54 | AW10: 499 | AX10: 0 | AY10: 0 | AZ10: 0 | BA10: 0 | BB10: 0 | BC10: 65 | BD10: 161 | BE10: 66 | BF10: 50 | BG10: 36 | BH10: 0 | BI10: 0 | BJ10: 0 | BK10: 0 | BL10: 0
A11: 47024 | B11: CHOC BALONCITOS NUTRESA /200 | C11: 12 | D11: 677 | E11: TRESMONTES LUCHETTI (NUTRESA) | F11: 61 | G11: NUTRESA SA DE CV | H11: 135.39 | I11: 1624.68 | J11: =K11*I11 -> 38992.32 | K11: =SUM(N11+Q11+T11) -> 24 | L11: 8.54 | M11: -0.08 | N11: 10 | O11: 3.17 | P11: 3.83 | Q11: 4 | R11: 8.12 | S11: 0 | T11: 10 | V11: 0 | W11: 32222.82 | X11: 6092.55 | Y11: 36 | Z11: 0 | AA11: 52 | AB11: 29 | AC11: -1 | AD11: 0 | AE11: 0 | AF11: 0 | AG11: 0 | AH11: 0 | AI11: 0 | AJ11: 0 | AK11: 0 | AL11: 0 | AM11: 0 | AN11: 0 | AO11: 0 | AP11: 0 | AQ11: 0 | AR11: 0 | AS11: 16 | AT11: 22 | AU11: 6 | AV11: 10 | AW11: 46 | AX11: 0 | AY11: 0 | AZ11: 0 | BA11: 0 | BB11: 0 | BC11: 60 | BD11: 0 | BE11: 19 | BF11: 37 | BG11: 0 | BH11: 0 | BI11: 0 | BJ11: 0 | BK11: 0 | BL11: 0
A12: 47038 | B12: CREMINO STICK 140GR/ 20 NUTRESA | C12: 28 | D12: 677 | E12: TRESMONTES LUCHETTI (NUTRESA) | F12: 61 | G12: NUTRESA SA DE CV | H12: 26.59 | I12: 744.52 | J12: =K12*I12 -> 26058.2 | K12: =SUM(N12+Q12+T12) -> 35 | L12: 7.48 | M12: 1.89 | N12: 10 | O12: 14.79 | P12: 14.93 | Q12: 20 | R12: 16.91 | S12: 10.04 | T12: 5 | V12: 0 | W12: 29169.23 | X12: 19995.68 | Y12: 61 | Z12: 27 | AA12: 96 | AB12: 78 | AC12: 53 | AD12: 0 | AE12: 0 | AF12: 0 | AG12: 0 | AH12: 0 | AI12: 0 | AJ12: 0 | AK12: 0 | AL12: 0 | AM12: 0 | AN12: 0 | AO12: 0 | AP12: 0 | AQ12: 0 | AR12: 0 | AS12: 135 | AT12: 162 | AU12: 149 | AV12: 98 | AW12: 418 | AX12: 0 | AY12: 0 | AZ12: 0 | BA12: 0 | BB12: 0 | BC12: 249 | BD12: 41 | BE12: 147 | BF12: 114 | BG12: 281 | BH12: 0 | BI12: 0 | BJ12: 0 | BK12: 0 | BL12: 0
A13: 47039 | B13: NUCITA TRISABOR CONFITES NUTRESA/12 5868 | C13: 24 | D13: 677 | E13: TRESMONTES LUCHETTI (NUTRESA) | F13: 61 | G13: NUTRESA SA DE CV | H13: 52.259 | I13: 1254.216 | J13: =K13*I13 -> 6271.08 | K13: =SUM(N13+Q13+T13) -> 5 | L13: 4.73 | M13: 3 | N13: =MAX(0,(TRUNC((L13*0.8)-M13))) -> 0 | O13: 10.25 | P13: 11.42 | Q13: 5 | R13: 7.79 | S13: 12.58 | T13: =MAX(0,(TRUNC((R13*0.8)-S13))) -> 0 | V13: 0 | W13: 28559.54 | X13: 33863.83 | Y13: 25 | Z13: 0 | AA13: 72 | AB13: 33 | AC13: 72 | AD13: 0 | AE13: 0 | AF13: 0 | AG13: 0 | AH13: 0 | AI13: 0 | AJ13: 0 | AK13: 0 | AL13: 0 | AM13: 0 | AN13: 0 | AO13: 0 | AP13: 0 | AQ13: 0 | AR13: 0 | AS13: 76 | AT13: 68 | AU13: 60 | AV13: 152 | AW13: 274 | AX13: 0 | AY13: 0 | AZ13: 0 | BA13: 0 | BB13: 0 | BC13: 81 | BD13: 13 | BE13: 64 | BF13: 71 | BG13: 302 | BH13: 0 | BI13: 0 | BJ13: 0 | BK13: 0 | BL13: 0
A14: 47008 | B14: CHOC NUCITA BARRA /16 NUTRESA 1471 | C14: 24 | D14: 677 | E14: TRESMONTES LUCHETTI (NUTRESA) | F14: 61 | G14: NUTRESA SA DE CV | H14: 35.74 | I14: 857.76 | J14: =K14*I14 -> 21444 | K14: =SUM(N14+Q14+T14) -> 25 | L14: 2.5 | M14: 0.5 | N14: 5 | O14: 7.19 | P14: 7.33 | Q14: 5 | R14: 13.31 | S14: 1.54 | T14: 15 | V14: 0 | W14: 19728.48 | X14: 8041.5 | Y14: 60 | Z14: 0 | AA14: 0 | AB14: 0 | AC14: 12 | AD14: 0 | AE14: 0 | AF14: 0 | AG14: 0 | AH14: 0 | AI14: 0 | AJ14: 0 | AK14: 0 | AL14: 0 | AM14: 0 | AN14: 0 | AO14: 0 | AP14: 0 | AQ14: 0 | AR14: 0 | AS14: 105 | AT14: 103 | AU14: 16 | AV14: 0 | AW14: 176 | AX14: 0 | AY14: 0 | AZ14: 0 | BA14: 0 | BB14: 0 | BC14: 131 | BD14: 0 | BE14: 167 | BF14: 43 | BG14: 37 | BH14: 0 | BI14: 0 | BJ14: 0 | BK14: 0 | BL14: 0
A15: 47029 | B15: NUCITA TRIANG TRISABOR /12 NUTRESA 2694 | C15: 24 | D15: 677 | E15: TRESMONTES LUCHETTI (NUTRESA) | F15: 61 | G15: NUTRESA SA DE CV | H15: 41.26 | I15: 990.24 | J15: =K15*I15 -> 19804.8 | K15: =SUM(N15+Q15+T15) -> 20 | L15: 4.06 | M15: 0.92 | N15: 5 | O15: 7.27 | P15: 5.04 | Q15: 5 | R15: 8.35 | S15: -0.29 | T15: 10 | V15: 0 | W15: 19495.35 | X15: 5611.36 | Y15: 49 | Z15: 0 | AA15: 27 | AB15: 43 | AC15: 22 | AD15: 0 | AE15: 0 | AF15: 0 | AG15: 0 | AH15: 0 | AI15: 0 | AJ15: 0 | AK15: 0 | AL15: 0 | AM15: 0 | AN15: 0 | AO15: 0 | AP15: 0 | AQ15: 0 | AR15: 0 | AS15: 89 | AT15: 57 | AU15: 46 | AV15: 22 | AW15: 121 | AX15: 0 | AY15: 0 | AZ15: 0 | BA15: 0 | BB15: 0 | BC15: 96 | BD15: 26 | BE15: 77 | BF15: 29 | BG15: -7 | BH15: 0 | BI15: 0 | BJ15: 0 | BK15: 0 | BL15: 0
A16: 47027 | B16: CHOC CREMINO FRUTOS ROJOS 408GR/ 24 NUTRESA | C16: 16 | D16: 677 | E16: TRESMONTES LUCHETTI (NUTRESA) | F16: 999 | G16: PRODUCTOS A ELIMINAR | H16: 56.59 | I16: 905.44 | J16: =K16*I16 -> 0 | K16: =SUM(N16+Q16+T16) -> 0 | L16: 2.19 | M16: 3.19 | N16: =MAX(0,(TRUNC((L16*0.8)-M16))) -> 0 | O16: 4.94 | P16: 8.88 | Q16: 0 | R16: 8.94 | S16: 10.06 | T16: =MAX(0,(TRUNC((R16*0.8)-S16))) -> 0 | V16: 0 | W16: 14543.63 | X16: 20032.86 | Y16: 35 | Z16: 0 | AA16: 0 | AB16: 0 | AC16: 51 | AD16: 0 | AE16: 0 | AF16: 0 | AG16: 0 | AH16: 0 | AI16: 0 | AJ16: 0 | AK16: 0 | AL16: 0 | AM16: 0 | AN16: 0 | AO16: 0 | AP16: 0 | AQ16: 0 | AR16: 0 | AS16: 76 | AT16: 6 | AU16: 0 | AV16: 0 | AW16: 142 | AX16: 0 | AY16: 0 | AZ16: 0 | BA16: 0 | BB16: 0 | BC16: 143 | BD16: 0 | BE16: 0 | BF16: 0 | BG16: 161 | BH16: 0 | BI16: 0 | BJ16: 0 | BK16: 0 | BL16: 0
A17: 47002 | B17: NUCITA VAINILLA Y CHOCOLATE 240GR /16 NUTRES 78 | C17: 24 | D17: 677 | E17: TRESMONTES LUCHETTI (NUTRESA) | F17: 61 | G17: NUTRESA SA DE CV | H17: 22.316 | I17: 535.584 | J17: =K17*I17 -> 0 | K17: =SUM(N17+Q17+T17) -> 0 | L17: 11.02 | M17: 6.29 | N17: 0 | O17: 9.46 | P17: 20.5 | Q17: 0 | R17: 4.92 | S17: 25.33 | T17: =MAX(0,(TRUNC((R17*0.8)-S17))) -> 0 | V17: 0 | W17: 13601.6 | X17: 27917.32 | Y17: 65 | Z17: 129 | AA17: 91 | AB17: 88 | AC17: 151 | AD17: 0 | AE17: 0 | AF17: 0 | AG17: 0 | AH17: 0 | AI17: 0 | AJ17: 0 | AK17: 0 | AL17: 0 | AM17: 0 | AN17: 0 | AO17: 0 | AP17: 0 | AQ17: 0 | AR17: 0 | AS17: 45 | AT17: 162 | AU17: 63 | AV17: 76 | AW17: 492 | AX17: 0 | AY17: 0 | AZ17: 0 | BA17: 0 | BB17: 0 | BC17: 34 | BD17: 33 | BE17: 49 | BF17: 37 | BG17: 608 | BH17: 0 | BI17: 0 | BJ17: 0 | BK17: 0 | BL17: 0
A18: 47003 | B18: NUCITA FRESA/VAINILLLA /16 NUTRESA | C18: 24 | D18: 677 | E18: TRESMONTES LUCHETTI (NUTRESA) | F18: 61 | G18: NUTRESA SA DE CV | H18: 22.316 | I18: 535.584 | J18: =K18*I18 -> 0 | K18: =SUM(N18+Q18+T18) -> 0 | L18: 13.25 | M18: 8.96 | N18: 0 | O18: 6.17 | P18: 20.79 | Q18: 0 | R18: 5.96 | S18: 37.92 | T18: =MAX(0,(TRUNC((R18*0.8)-S18))) -> 0 | V18: 0 | W18: 13590.44 | X18: 36241.18 | Y18: 128 | Z18: 107 | AA18: 104 | AB18: 65 | AC18: 215 | AD18: 0 | AE18: 0 | AF18: 0 | AG18: 0 | AH18: 0 | AI18: 0 | AJ18: 0 | AK18: 0 | AL18: 0 | AM18: 0 | AN18: 0 | AO18: 0 | AP18: 0 | AQ18: 0 | AR18: 0 | AS18: 28 | AT18: 34 | AU18: 70 | AV18: 66 | AW18: 499 | AX18: 0 | AY18: 0 | AZ18: 0 | BA18: 0 | BB18: 0 | BC18: 51 | BD18: 60 | BE18: 49 | BF18: 26 | BG18: 910 | BH18: 0 | BI18: 0 | BJ18: 0 | BK18: 0 | BL18: 0
A19: 47004 | B19: NUCITA FRESA Y CHOCOLATE 224GR /16 NUTRESA | C19: 24 | D19: 677 | E19: TRESMONTES LUCHETTI (NUTRESA) | F19: 61 | G19: NUTRESA SA DE CV | H19: 22.316 | I19: 535.584 | J19: =K19*I19 -> 0 | K19: =SUM(N19+Q19+T19) -> 0 | L19: 5.83 | M19: 4.25 | N19: =MAX(0,(TRUNC((L19*0.8)-M19))) -> 0 | O19: 8.38 | P19: 14.25 | Q19: 0 | R19: 8.81 | S19: 60.62 | T19: =MAX(0,(TRUNC((R19*0.8)-S19))) -> 0 | V19: 0 | W19: 12329.59 | X19: 42378.08 | Y19: 0 | Z19: 0 | AA19: 65 | AB19: 150 | AC19: 102 | AD19: 0 | AE19: 0 | AF19: 0 | AG19: 0 | AH19: 0 | AI19: 0 | AJ19: 0 | AK19: 0 | AL19: 0 | AM19: 0 | AN19: 0 | AO19: 0 | AP19: 0 | AQ19: 0 | AR19: 0 | AS19: 48 | AT19: 67 | AU19: 76 | AV19: 87 | AW19: 342 | AX19: 0 | AY19: 0 | AZ19: 0 | BA19: 0 | BB19: 0 | BC19: 44 | BD19: 94 | BE19: 74 | BF19: 93 | BG19: 1455 | BH19: 0 | BI19: 0 | BJ19: 0 | BK19: 0 | BL19: 0
A20: 48081 | B20: ZUKO 8 S NARANJA EXH | C20: 12 | D20: 677 | E20: TRESMONTES LUCHETTI (NUTRESA) | F20: 690 | G20: TRESMONTES LUCCHETTI (ZUKO) | H20: =I20/C20 -> 54.930833 | I20: 659.17 | J20: =K20*I20 -> 50756.09 | K20: =SUM(N20+Q20+T20) -> 77 | L20: 10.79 | M20: 2.33 | N20: 32 | O20: 7 | P20: 0 | Q20: 15 | R20: 13.75 | S20: 5.67 | T20: 30 | V20: 0 | W20: 11192.51 | X20: 2838.79 | Y20: 61 | Z20: 16 | AA20: 49 | AB20: 23 | AC20: 28 | AD20: 0 | AE20: 0 | AF20: 0 | AG20: 0 | AH20: 0 | AI20: 0 | AJ20: 0 | AK20: 0 | AL20: 0 | AM20: 0 | AN20: 0 | AO20: 0 | AP20: 0 | AQ20: 0 | AR20: 0 | AS20: 50 | AT20: 20 | AU20: 14 | AV20: 20 | AW20: 0 | AX20: 0 | AY20: 0 | AZ20: 0 | BA20: 0 | BB20: 0 | BC20: 64 | BD20: 64 | BE20: 29 | BF20: 80 | BG20: 68 | BH20: 0 | BI20: 0 | BJ20: 0 | BK20: 0 | BL20: 0
A21: 48091 | B21: ZUKO 8 S JAMAICA EXH | C21: 12 | D21: 677 | E21: TRESMONTES LUCHETTI (NUTRESA) | F21: 690 | G21: TRESMONTES LUCCHETTI (ZUKO) | H21: =I21/C21 -> 54.930833 | I21: 659.17 | J21: =K21*I21 -> 50756.09 | K21: =SUM(N21+Q21+T21) -> 77 | L21: 10.5 | M21: 1.08 | N21: 32 | O21: 3.46 | P21: 1 | Q21: 15 | R21: 17.17 | S21: 6.17 | T21: 30 | V21: 0 | W21: 11044.66 | X21: 2927.5 | Y21: 45 | Z21: 21 | AA21: 59 | AB21: 23 | AC21: 13 | AD21: 0 | AE21: 0 | AF21: 0 | AG21: 0 | AH21: 0 | AI21: 0 | AJ21: 0 | AK21: 0 | AL21: 0 | AM21: 0 | AN21: 0 | AO21: 0 | AP21: 0 | AQ21: 0 | AR21: 0 | AS21: 1 | AT21: 25 | AU21: 13 | AV21: 30 | AW21: 12 | AX21: 0 | AY21: 0 | AZ21: 0 | BA21: 0 | BB21: 0 | BC21: 83 | BD21: 59 | BE21: 31 | BF21: 125 | BG21: 74 | BH21: 0 | BI21: 0 | BJ21: 0 | BK21: 0 | BL21: 0
A22: 48084 | B22: ZUKO 8 S HORCHATA EXH | C22: 12 | D22: 677 | E22: TRESMONTES LUCHETTI (NUTRESA) | F22: 690 | G22: TRESMONTES LUCCHETTI (ZUKO) | H22: =I22/C22 -> 54.930833 | I22: 659.17 | J22: =K22*I22 -> 50756.09 | K22: =SUM(N22+Q22+T22) -> 77 | L22: 7.25 | M22: -0.5 | N22: 32 | O22: 3.71 | P22: 1 | Q22: 15 | R22: 15.83 | S22: 0.08 | T22: 30 | V22: 0 | W22: 9506.98 | X22: 206.99 | Y22: 30 | Z22: 24 | AA22: 45 | AB22: 0 | AC22: -6 | AD22: 0 | AE22: 0 | AF22: 0 | AG22: 0 | AH22: 0 | AI22: 0 | AJ22: 0 | AK22: 0 | AL22: 0 | AM22: 0 | AN22: 0 | AO22: 0 | AP22: 0 | AQ22: 0 | AR22: 0 | AS22: 12 | AT22: 20 | AU22: 9 | AV22: 27 | AW22: 12 | AX22: 0 | AY22: 0 | AZ22: 0 | BA22: 0 | BB22: 0 | BC22: 75 | BD22: 73 | BE22: 39 | BF22: 79 | BG22: 1 | BH22: 0 | BI22: 0 | BJ22: 0 | BK22: 0 | BL22: 0
A23: 48069 | B23: ZUKO 8 S MANGO EXH | C23: 12 | D23: 677 | E23: TRESMONTES LUCHETTI (NUTRESA) | F23: 690 | G23: TRESMONTES LUCCHETTI (ZUKO) | H23: =I23/C23 -> 54.930833 | I23: 659.17 | J23: =K23*I23 -> 29662.65 | K23: =SUM(N23+Q23+T23) -> 45 | L23: 7.5 | M23: 0.5 | N23: 15 | O23: 4.21 | P23: 0 | Q23: 15 | R23: 7.62 | S23: 3.75 | T23: 15 | V23: 0 | W23: 6860.4 | X23: 1508.11 | Y23: 13 | Z23: 18 | AA23: 53 | AB23: 30 | AC23: 6 | AD23: 0 | AE23: 0 | AF23: 0 | AG23: 0 | AH23: 0 | AI23: 0 | AJ23: 0 | AK23: 0 | AL23: 0 | AM23: 0 | AN23: 0 | AO23: 0 | AP23: 0 | AQ23: 0 | AR23: 0 | AS23: 7 | AT23: 22 | AU23: 16 | AV23: 33 | AW23: 0 | AX23: 0 | AY23: 0 | AZ23: 0 | BA23: 0 | BB23: 0 | BC23: 24 | BD23: 24 | BE23: 35 | BF23: 41 | BG23: 45 | BH23: 0 | BI23: 0 | BJ23: 0 | BK23: 0 | BL23: 0
A24: 48067 | B24: ZUKO 8 S LIMON EXH | C24: 12 | D24: 677 | E24: TRESMONTES LUCHETTI (NUTRESA) | F24: 690 | G24: TRESMONTES LUCCHETTI (ZUKO) | H24: =I24/C24 -> 54.930833 | I24: 659.17 | J24: =K24*I24 -> 50756.09 | K24: =SUM(N24+Q24+T24) -> 77 | L24: 2.42 | M24: 1.25 | N24: 32 | O24: 4.75 | P24: 1.5 | Q24: 15 | R24: 11.33 | S24: 0.17 | T24: 30 | V24: 0 | W24: 6564.7 | X24: 1034.97 | Y24: 19 | Z24: 20 | AA24: 0 | AB24: 0 | AC24: 15 | AD24: 0 | AE24: 0 | AF24: 0 | AG24: 0 | AH24: 0 | AI24: 0 | AJ24: 0 | AK24: 0 | AL24: 0 | AM24: 0 | AN24: 0 | AO24: 0 | AP24: 0 | AQ24: 0 | AR24: 0 | AS24: 25 | AT24: 12 | AU24: 14 | AV24: 24 | AW24: 18 | AX24: 0 | AY24: 0 | AZ24: 0 | BA24: 0 | BB24: 0 | BC24: 53 | BD24: 44 | BE24: 24 | BF24: 74 | BG24: 2 | BH24: 0 | BI24: 0 | BJ24: 0 | BK24: 0 | BL24: 0
A25: 47014 | B25: CHOC BALONES BLISTER/56 NUTRESA 1398 | C25: 24 | D25: 677 | E25: TRESMONTES LUCHETTI (NUTRESA) | F25: 61 | G25: NUTRESA SA DE CV | H25: 43.3191 | I25: 1039.6584 | J25: =K25*I25 -> 0 | K25: =SUM(N25+Q25+T25) -> 0 | L25: 1.4 | M25: 2.62 | N25: =MAX(0,(TRUNC((L25*0.8)-M25))) -> 0 | O25: 3.17 | P25: 3.29 | Q25: 0 | R25: 1.42 | S25: 2.5 | T25: =MAX(0,(TRUNC((R25*0.8)-S25))) -> 0 | V25: 0 | W25: 6216.29 | X25: 8750.46 | Y25: 10 | Z25: 6 | AA25: 20 | AB25: 1 | AC25: 63 | AD25: 0 | AE25: 0 | AF25: 0 | AG25: 0 | AH25: 0 | AI25: 0 | AJ25: 0 | AK25: 0 | AL25: 0 | AM25: 0 | AN25: 0 | AO25: 0 | AP25: 0 | AQ25: 0 | AR25: 0 | AS25: 30 | AT25: 36 | AU25: 12 | AV25: 32 | AW25: 79 | AX25: 0 | AY25: 0 | AZ25: 0 | BA25: 0 | BB25: 0 | BC25: 0 | BD25: 18 | BE25: 17 | BF25: 16 | BG25: 60 | BH25: 0 | BI25: 0 | BJ25: 0 | BK25: 0 | BL25: 0
A26: 48068 | B26: ZUKO 8 S TAMARINDO EXH | C26: 12 | D26: 677 | E26: TRESMONTES LUCHETTI (NUTRESA) | F26: 690 | G26: TRESMONTES LUCCHETTI (ZUKO) | H26: =I26/C26 -> 54.930833 | I26: 659.17 | J26: =K26*I26 -> 20434.27 | K26: =SUM(N26+Q26+T26) -> 31 | L26: 6 | M26: 0.42 | N26: 16 | O26: 2.83 | P26: -0.08 | Q26: 0 | R26: 4.62 | S26: 0 | T26: 15 | V26: 0 | W26: 4775.67 | X26: 118.28 | Y26: 0 | Z26: 5 | AA26: 51 | AB26: 37 | AC26: 5 | AD26: 0 | AE26: 0 | AF26: 0 | AG26: 0 | AH26: 0 | AI26: 0 | AJ26: 0 | AK26: 0 | AL26: 0 | AM26: 0 | AN26: 0 | AO26: 0 | AP26: 0 | AQ26: 0 | AR26: 0 | AS26: 17 | AT26: 9 | AU26: 6 | AV26: 13 | AW26: -1 | AX26: 0 | AY26: 0 | AZ26: 0 | BA26: 0 | BB26: 0 | BC26: 0 | BD26: 0 | BE26: 22 | BF26: 67 | BG26: 0 | BH26: 0 | BI26: 0 | BJ26: 0 | BK26: 0 | BL26: 0
A27: 48082 | B27: ZUKO 8 S PIÑA EXH | C27: 12 | D27: 677 | E27: TRESMONTES LUCHETTI (NUTRESA) | F27: 690 | G27: TRESMONTES LUCCHETTI (ZUKO) | H27: =I27/C27 -> 54.930833 | I27: 659.17 | J27: =K27*I27 -> 20434.27 | K27: =SUM(N27+Q27+T27) -> 31 | L27: 6.33 | M27: -1.17 | N27: 16 | O27: 0.88 | P27: 0 | Q27: 0 | R27: 6.17 | S27: 5.08 | T27: 15 | V27: 0 | W27: 4746.1 | X27: 1389.82 | Y27: 4 | Z27: 11 | AA27: 53 | AB27: 27 | AC27: -14 | AD27: 0 | AE27: 0 | AF27: 0 | AG27: 0 | AH27: 0 | AI27: 0 | AJ27: 0 | AK27: 0 | AL27: 0 | AM27: 0 | AN27: 0 | AO27: 0 | AP27: 0 | AQ27: 0 | AR27: 0 | AS27: 0 | AT27: 0 | AU27: 2 | AV27: 17 | AW27: 0 | AX27: 0 | AY27: 0 | AZ27: 0 | BA27: 0 | BB27: 0 | BC27: 23 | BD27: 16 | BE27: 22 | BF27: 42 | BG27: 61 | BH27: 0 | BI27: 0 | BJ27: 0 | BK27: 0 | BL27: 0
A28: 48055 | B28: ZUKO 8 S GUAYABA EXH | C28: 12 | D28: 677 | E28: TRESMONTES LUCHETTI (NUTRESA) | F28: 690 | G28: TRESMONTES LUCCHETTI (ZUKO) | H28: =I28/C28 -> 54.930833 | I28: 659.17 | J28: =K28*I28 -> 20434.27 | K28: =SUM(N28+Q28+T28) -> 31 | L28: 4.96 | M28: -1.25 | N28: 16 | O28: 3.46 | P28: 0.08 | Q28: 0 | R28: 2.96 | S28: 0 | T28: 15 | V28: 0 | W28: 4036.4 | X28: -413.99 | Y28: 22 | Z28: 3 | AA28: 27 | AB28: 18 | AC28: -15 | AD28: 0 | AE28: 0 | AF28: 0 | AG28: 0 | AH28: 0 | AI28: 0 | AJ28: 0 | AK28: 0 | AL28: 0 | AM28: 0 | AN28: 0 | AO28: 0 | AP28: 0 | AQ28: 0 | AR28: 0 | AS28: 27 | AT28: 8 | AU28: 6 | AV28: 9 | AW28: 1 | AX28: 0 | AY28: 0 | AZ28: 0 | BA28: 0 | BB28: 0 | BC28: 1 | BD28: 19 | BE28: 11 | BF28: 28 | BG28: 0 | BH28: 0 | BI28: 0 | BJ28: 0 | BK28: 0 | BL28: 0
A29: 48044 | B29: ZUKO 8 S COCO EXH | C29: 12 | D29: 677 | E29: TRESMONTES LUCHETTI (NUTRESA) | F29: 690 | G29: TRESMONTES LUCCHETTI (ZUKO) | H29: =I29/C29 -> 54.930833 | I29: 659.17 | J29: =K29*I29 -> 9887.55 | K29: =SUM(N29+Q29+T29) -> 15 | L29: 2.46 | M29: 0 | N29: 15 | O29: 3.83 | P29: 0.17 | Q29: 0 | R29: 4.79 | S29: 0.08 | T29: 0 | V29: 0 | W29: 3932.9 | X29: 88.71 | Y29: 0 | Z29: 0 | AA29: 25 | AB29: 9 | AC29: 0 | AD29: 0 | AE29: 0 | AF29: 0 | AG29: 0 | AH29: 0 | AI29: 0 | AJ29: 0 | AK29: 0 | AL29: 0 | AM29: 0 | AN29: 0 | AO29: 0 | AP29: 0 | AQ29: 0 | AR29: 0 | AS29: 23 | AT29: 21 | AU29: 6 | AV29: 13 | AW29: 2 | AX29: 0 | AY29: 0 | AZ29: 0 | BA29: 0 | BB29: 0 | BC29: 19 | BD29: 10 | BE29: 17 | BF29: 33 | BG29: 1 | BH29: 0 | BI29: 0 | BJ29: 0 | BK29: 0 | BL29: 0
A30: 48063 | B30: ZUKO 8 S PIÑA COLADA EXH | C30: 12 | D30: 677 | E30: TRESMONTES LUCHETTI (NUTRESA) | F30: 690 | G30: TRESMONTES LUCCHETTI (ZUKO) | H30: =I30/C30 -> 54.930833 | I30: 659.17 | J30: =K30*I30 -> 10546.72 | K30: =SUM(N30+Q30+T30) -> 16 | L30: 3.46 | M30: -0.17 | N30: 16 | O30: 3.62 | P30: 0.08 | Q30: 0 | R30: 3.83 | S30: 1.75 | T30: 0 | V30: 0 | W30: 3873.76 | X30: 591.41 | Y30: 11 | Z30: 13 | AA30: 15 | AB30: 18 | AC30: -2 | AD30: 0 | AE30: 0 | AF30: 0 | AG30: 0 | AH30: 0 | AI30: 0 | AJ30: 0 | AK30: 0 | AL30: 0 | AM30: 0 | AN30: 0 | AO30: 0 | AP30: 0 | AQ30: 0 | AR30: 0 | AS30: 27 | AT30: 17 | AU30: 2 | AV30: 12 | AW30: 1 | AX30: 0 | AY30: 0 | AZ30: 0 | BA30: 0 | BB30: 0 | BC30: 26 | BD30: 18 | BE30: 11 | BF30: 0 | BG30: 21 | BH30: 0 | BI30: 0 | BJ30: 0 | BK30: 0 | BL30: 0
A31: 48058 | B31: ZUKO 8 S MELON EXH | C31: 12 | D31: 677 | E31: TRESMONTES LUCHETTI (NUTRESA) | F31: 690 | G31: TRESMONTES LUCCHETTI (ZUKO) | H31: =I31/C31 -> 54.930833 | I31: 659.17 | J31: =K31*I31 -> 10546.72 | K31: =SUM(N31+Q31+T31) -> 16 | L31: 1.88 | M31: 1.92 | N31: 16 | O31: 4.08 | P31: -0.08 | Q31: 0 | R31: 4.83 | S31: 1.83 | T31: 0 | V31: 0 | W31: 3829.41 | X31: 1301.11 | Y31: 18 | Z31: 9 | AA31: 0 | AB31: 0 | AC31: 23 | AD31: 0 | AE31: 0 | AF31: 0 | AG31: 0 | AH31: 0 | AI31: 0 | AJ31: 0 | AK31: 0 | AL31: 0 | AM31: 0 | AN31: 0 | AO31: 0 | AP31: 0 | AQ31: 0 | AR31: 0 | AS31: 30 | AT31: 10 | AU31: 9 | AV31: 10 | AW31: -1 | AX31: 0 | AY31: 0 | AZ31: 0 | BA31: 0 | BB31: 0 | BC31: 16 | BD31: 12 | BE31: 21 | BF31: 30 | BG31: 22 | BH31: 0 | BI31: 0 | BJ31: 0 | BK31: 0 | BL31: 0
A32: 47026 | B32: CHOC MUIBON ROLL C&C 315GR/ 15 NUTRESA | C32: 12 | D32: 677 | E32: TRESMONTES LUCHETTI (NUTRESA) | F32: 999 | G32: PRODUCTOS A ELIMINAR | H32: =I32/C32 -> 54.930833 | I32: 659.17 | J32: =K32*I32 -> 0 | K32: =SUM(N32+Q32+T32) -> 0 | L32: 0 | M32: 0 | N32: =MAX(0,(TRUNC((L32*0.8)-M32))) -> 0 | O32: 4.75 | P32: 12.42 | Q32: 0 | R32: 1.5 | S32: 0.5 | T32: =MAX(0,(TRUNC((R32*0.8)-S32))) -> 0 | V32: 0 | W32: 3642 | X32: 7526.8 | Y32: 0 | Z32: 0 | AA32: 0 | AB32: 0 | AC32: 0 | AD32: 0 | AE32: 0 | AF32: 0 | AG32: 0 | AH32: 0 | AI32: 0 | AJ32: 0 | AK32: 0 | AL32: 0 | AM32: 0 | AN32: 0 | AO32: 0 | AP32: 0 | AQ32: 0 | AR32: 0 | AS32: 48 | AT32: 18 | AU32: 0 | AV32: 0 | AW32: 149 | AX32: 0 | AY32: 0 | AZ32: 0 | BA32: 0 | BB32: 0 | BC32: 18 | BD32: 0 | BE32: 0 | BF32: 0 | BG32: 6 | BH32: 0 | BI32: 0 | BJ32: 0 | BK32: 0 | BL32: 0
A33: 47019 | B33: BOLSA CHOCO MIX 815 GR / 69 NUTRESA | C33: 8 | D33: 677 | E33: TRESMONTES LUCHETTI (NUTRESA) | F33: 61 | G33: NUTRESA SA DE CV | H33: 152.41 | I33: 1219.28 | J33: =K33*I33 -> 0 | K33: =SUM(N33+Q33+T33) -> 0 | L33: 0.31 | M33: 3.25 | N33: =MAX(0,(TRUNC((L33*0.8)-M33))) -> 0 | O33: 1.25 | P33: 1.25 | Q33: 0 | R33: 1 | S33: 0.75 | T33: =MAX(0,(TRUNC((R33*0.8)-S33))) -> 0 | V33: 0 | W33: 3124.4 | X33: 6401.22 | Y33: 0 | Z33: 2 | AA33: 1 | AB33: 1 | AC33: 26 | AD33: 0 | AE33: 0 | AF33: 0 | AG33: 0 | AH33: 0 | AI33: 0 | AJ33: 0 | AK33: 0 | AL33: 0 | AM33: 0 | AN33: 0 | AO33: 0 | AP33: 0 | AQ33: 0 | AR33: 0 | AS33: 2 | AT33: 0 | AU33: 5 | AV33: 6 | AW33: 10 | AX33: 0 | AY33: 0 | AZ33: 0 | BA33: 0 | BB33: 0 | BC33: 0 | BD33: 0 | BE33: 0 | BF33: 16 | BG33: 6 | BH33: 0 | BI33: 0 | BJ33: 0 | BK33: 0 | BL33: 0
A34: 48029 | B34: ZUKO 8 S UVA EXH | C34: 12 | D34: 677 | E34: TRESMONTES LUCHETTI (NUTRESA) | F34: 690 | G34: TRESMONTES LUCCHETTI (ZUKO) | H34: =I34/C34 -> 54.930833 | I34: 659.17 | J34: =K34*I34 -> 10546.72 | K34: =SUM(N34+Q34+T34) -> 16 | L34: 2.79 | M34: 0.5 | N34: 16 | O34: 3.12 | P34: 1 | Q34: 0 | R34: 2.67 | S34: 0.08 | T34: 0 | V34: 0 | W34: 3045.78 | X34: 561.84 | Y34: 29 | Z34: 9 | AA34: 0 | AB34: 0 | AC34: 6 | AD34: 0 | AE34: 0 | AF34: 0 | AG34: 0 | AH34: 0 | AI34: 0 | AJ34: 0 | AK34: 0 | AL34: 0 | AM34: 0 | AN34: 0 | AO34: 0 | AP34: 0 | AQ34: 0 | AR34: 0 | AS34: 19 | AT34: 9 | AU34: 9 | AV34: 10 | AW34: 12 | AX34: 0 | AY34: 0 | AZ34: 0 | BA34: 0 | BB34: 0 | BC34: 20 | BD34: 12 | BE34: 6 | BF34: 0 | BG34: 1 | BH34: 0 | BI34: 0 | BJ34: 0 | BK34: 0 | BL34: 0
A35: 48085 | B35: ZUKO 8 S FRESA EXH | C35: 12 | D35: 677 | E35: TRESMONTES LUCHETTI (NUTRESA) | F35: 690 | G35: TRESMONTES LUCCHETTI (ZUKO) | H35: =I35/C35 -> 54.930833 | I35: 659.17 | J35: =K35*I35 -> 10546.72 | K35: =SUM(N35+Q35+T35) -> 16 | L35: 5.96 | M35: 2.33 | N35: 16 | O35: 2.38 | P35: 2 | Q35: 0 | R35: 0.04 | S35: 0 | T35: =MAX(0,(TRUNC((R35*0.8)-S35))) -> 0 | V35: 0 | W35: 2971.86 | X35: 1537.68 | Y35: 0 | Z35: 0 | AA35: 65 | AB35: 13 | AC35: 28 | AD35: 0 | AE35: 0 | AF35: 0 | AG35: 0 | AH35: 0 | AI35: 0 | AJ35: 0 | AK35: 0 | AL35: 0 | AM35: 0 | AN35: 0 | AO35: 0 | AP35: 0 | AQ35: 0 | AR35: 0 | AS35: 5 | AT35: 5 | AU35: 11 | AV35: 20 | AW35: 24 | AX35: 0 | AY35: 0 | AZ35: 0 | BA35: 0 | BB35: 0 | BC35: 0 | BD35: 0 | BE35: 0 | BF35: 1 | BG35: 0 | BH35: 0 | BI35: 0 | BJ35: 0 | BK35: 0 | BL35: 0
A36: 47210 | B36: CREMINO AVELLANA UNTABLE (350G) / 1 NUTRESA | C36: 12 | D36: 677 | E36: TRESMONTES LUCHETTI (NUTRESA) | F36: 61 | G36: NUTRESA SA DE CV | H36: 48.1554 | I36: 577.8648 | J36: =K36*I36 -> 0 | K36: =SUM(N36+Q36+T36) -> 0 | L36: 0.88 | M36: 0.08 | N36: =MAX(0,(TRUNC((L36*0.8)-M36))) -> 0 | O36: 2.12 | P36: 3.33 | Q36: 0 | R36: 0.12 | S36: 0.67 | T36: =MAX(0,(TRUNC((R36*0.8)-S36))) -> 0 | V36: 0 | W36: 1805.83 | X36: 2359.61 | Y36: 1 | Z36: 2 | AA36: 1 | AB36: 15 | AC36: 1 | AD36: 0 | AE36: 0 | AF36: 0 | AG36: 0 | AH36: 0 | AI36: 0 | AJ36: 0 | AK36: 0 | AL36: 0 | AM36: 0 | AN36: 0 | AO36: 0 | AP36: 0 | AQ36: 0 | AR36: 0 | AS36: 17 | AT36: 3 | AU36: 4 | AV36: 6 | AW36: 40 | AX36: 0 | AY36: 0 | AZ36: 0 | BA36: 0 | BB36: 0 | BC36: 0 | BD36: 3 | BE36: 0 | BF36: 0 | BG36: 8 | BH36: 0 | BI36: 0 | BJ36: 0 | BK36: 0 | BL36: 0
A37: 48066 | B37: ZUKO 8 S MANDARINA EXH | C37: 12 | D37: 677 | E37: TRESMONTES LUCHETTI (NUTRESA) | F37: 690 | G37: TRESMONTES LUCCHETTI (ZUKO) | H37: 29.5707 | I37: 354.8484 | J37: =K37*I37 -> 0 | K37: =SUM(N37+Q37+T37) -> 0 | L37: 1.67 | M37: 0.08 | N37: 0 | O37: 2 | P37: 3 | Q37: 0 | R37: 1.04 | S37: 0.5 | T37: =MAX(0,(TRUNC((R37*0.8)-S37))) -> 0 | V37: 0 | W37: 1670.74 | X37: 1271.54 | Y37: 16 | Z37: 8 | AA37: 0 | AB37: 0 | AC37: 1 | AD37: 0 | AE37: 0 | AF37: 0 | AG37: 0 | AH37: 0 | AI37: 0 | AJ37: 0 | AK37: 0 | AL37: 0 | AM37: 0 | AN37: 0 | AO37: 0 | AP37: 0 | AQ37: 0 | AR37: 0 | AS37: 14 | AT37: 1 | AU37: 7 | AV37: 5 | AW37: 36 | AX37: 0 | AY37: 0 | AZ37: 0 | BA37: 0 | BB37: 0 | BC37: 11 | BD37: 3 | BE37: 0 | BF37: 0 | BG37: 6 | BH37: 0 | BI37: 0 | BJ37: 0 | BK37: 0 | BL37: 0
A38: 48049 | B38: ZUKO 8 S SANDIA EXH | C38: 12 | D38: 677 | E38: TRESMONTES LUCHETTI (NUTRESA) | F38: 690 | G38: TRESMONTES LUCCHETTI (ZUKO) | H38: 29.5707 | I38: 354.8484 | J38: =K38*I38 -> 0 | K38: =SUM(N38+Q38+T38) -> 0 | L38: 2.88 | M38: 0.17 | N38: 0 | O38: 0.67 | P38: 0 | Q38: 0 | R38: 0.96 | S38: 0 | T38: =MAX(0,(TRUNC((R38*0.8)-S38))) -> 0 | V38: 0 | W38: 1596.82 | X38: 59.14 | Y38: 0 | Z38: 10 | AA38: 25 | AB38: 9 | AC38: 2 | AD38: 0 | AE38: 0 | AF38: 0 | AG38: 0 | AH38: 0 | AI38: 0 | AJ38: 0 | AK38: 0 | AL38: 0 | AM38: 0 | AN38: 0 | AO38: 0 | AP38: 0 | AQ38: 0 | AR38: 0 | AS38: 0 | AT38: 0 | AU38: 3 | AV38: 10 | AW38: 0 | AX38: 0 | AY38: 0 | AZ38: 0 | BA38: 0 | BB38: 0 | BC38: 0 | BD38: 0 | BE38: 11 | BF38: 1 | BG38: 0 | BH38: 0 | BI38: 0 | BJ38: 0 | BK38: 0 | BL38: 0
A39: 48080 | B39: ZUKO 8 S DURAZNO EXH | C39: 12 | D39: 677 | E39: TRESMONTES LUCHETTI (NUTRESA) | F39: 690 | G39: TRESMONTES LUCCHETTI (ZUKO) | H39: 29.5707 | I39: 354.8484 | J39: =K39*I39 -> 0 | K39: =SUM(N39+Q39+T39) -> 0 | L39: 0 | M39: 0 | N39: =MAX(0,(TRUNC((L39*0.8)-M39))) -> 0 | O39: 1.62 | P39: 0 | Q39: 0 | R39: 1.75 | S39: 0 | T39: 0 | V39: 0 | W39: 1197.61 | X39: 0 | Y39: 0 | Z39: 0 | AA39: 0 | AB39: 0 | AC39: 0 | AD39: 0 | AE39: 0 | AF39: 0 | AG39: 0 | AH39: 0 | AI39: 0 | AJ39: 0 | AK39: 0 | AL39: 0 | AM39: 0 | AN39: 0 | AO39: 0 | AP39: 0 | AQ39: 0 | AR39: 0 | AS39: 0 | AT39: 0 | AU39: 13 | AV39: 13 | AW39: 0 | AX39: 0 | AY39: 0 | AZ39: 0 | BA39: 0 | BB39: 0 | BC39: 12 | BD39: 10 | BE39: 4 | BF39: 0 | BG39: 0 | BH39: 0 | BI39: 0 | BJ39: 0 | BK39: 0 | BL39: 0
A40: 47036 | B40: CHOC RACING BLISTER NUTRESA /56 1476 | C40: 24 | D40: 677 | E40: TRESMONTES LUCHETTI (NUTRESA) | F40: 61 | G40: NUTRESA SA DE CV | H40: 38.6661 | I40: 927.9864 | J40: =K40*I40 -> 0 | K40: =SUM(N40+Q40+T40) -> 0 | L40: 0.73 | M40: 0 | N40: =MAX(0,(TRUNC((L40*0.8)-M40))) -> 0 | O40: 0 | P40: 0 | Q40: 0 | R40: 0.15 | S40: 0 | T40: =MAX(0,(TRUNC((R40*0.8)-S40))) -> 0 | V40: 0 | W40: 811.99 | X40: 0 | Y40: 0 | Z40: 0 | AA40: 4 | AB40: 27 | AC40: 0 | AD40: 0 | AE40: 0 | AF40: 0 | AG40: 0 | AH40: 0 | AI40: 0 | AJ40: 0 | AK40: 0 | AL40: 0 | AM40: 0 | AN40: 0 | AO40: 0 | AP40: 0 | AQ40: 0 | AR40: 0 | AS40: 0 | AT40: 0 | AU40: 0 | AV40: 0 | AW40: 0 | AX40: 0 | AY40: 0 | AZ40: 0 | BA40: 0 | BB40: 0 | BC40: 0 | BD40: 0 | BE40: 2 | BF40: 3 | BG40: 0 | BH40: 0 | BI40: 0 | BJ40: 0 | BK40: 0 | BL40: 0
A41: 48056 | B41: ZUKO 8 S GUANABANA EXH | C41: 12 | D41: 677 | E41: TRESMONTES LUCHETTI (NUTRESA) | F41: 690 | G41: TRESMONTES LUCCHETTI (ZUKO) | H41: 29.5707 | I41: 354.8484 | J41: =K41*I41 -> 0 | K41: =SUM(N41+Q41+T41) -> 0 | L41: 0 | M41: 0 | N41: =MAX(0,(TRUNC((L41*0.8)-M41))) -> 0 | O41: 1 | P41: 0 | Q41: 0 | R41: 0.04 | S41: 0 | T41: =MAX(0,(TRUNC((R41*0.8)-S41))) -> 0 | V41: 0 | W41: 369.63 | X41: 0 | Y41: 0 | Z41: 0 | AA41: 0 | AB41: 0 | AC41: 0 | AD41: 0 | AE41: 0 | AF41: 0 | AG41: 0 | AH41: 0 | AI41: 0 | AJ41: 0 | AK41: 0 | AL41: 0 | AM41: 0 | AN41: 0 | AO41: 0 | AP41: 0 | AQ41: 0 | AR41: 0 | AS41: 0 | AT41: 0 | AU41: 8 | AV41: 8 | AW41: 0 | AX41: 0 | AY41: 0 | AZ41: 0 | BA41: 0 | BB41: 0 | BC41: 0 | BD41: 1 | BE41: 0 | BF41: 0 | BG41: 0 | BH41: 0 | BI41: 0 | BJ41: 0 | BK41: 0 | BL41: 0
A42: 564 | B42: IND ZUKO NARANJA | C42: 96 | D42: 677 | E42: TRESMONTES LUCHETTI (NUTRESA) | F42: 690 | G42: TRESMONTES LUCCHETTI (ZUKO) | H42: 3.6969 | I42: 354.9024 | J42: =K42*I42 -> 0 | K42: 0 | L42: 0.73 | M42: -1.15 | N42: 0 | O42: 0 | P42: 0 | Q42: 0 | R42: 0.01 | S42: -0.02 | T42: =MAX(0,(TRUNC((R42*0.8)-S42))) -> 0 | V42: 0 | W42: 264.33 | X42: -414.05 | Y42: 37 | Z42: 30 | AA42: 10 | AB42: 17 | AC42: -110 | AD42: 0 | AE42: 0 | AF42: 0 | AG42: 0 | AH42: 0 | AI42: 0 | AJ42: 0 | AK42: 0 | AL42: 0 | AM42: 0 | AN42: 0 | AO42: 0 | AP42: 0 | AQ42: 0 | AR42: 0 | AS42: 0 | AT42: 0 | AU42: 0 | AV42: 0 | AW42: 0 | AX42: 0 | AY42: 0 | AZ42: 0 | BA42: 0 | BB42: 0 | BC42: 0 | BD42: 2 | BE42: 0 | BF42: 0 | BG42: -2 | BH42: 0 | BI42: 0 | BJ42: 0 | BK42: 0 | BL42: 0
A43: 47009 | B43: VIT CHOC RACING /200 NUTRESA 1477 | C43: 12 | D43: 677 | E43: TRESMONTES LUCHETTI (NUTRESA) | F43: 61 | G43: NUTRESA SA DE CV | H43: 138.47 | I43: 1661.64 | J43: =K43*I43 -> 0 | K43: =SUM(N43+Q43+T43) -> 0 | L43: 0 | M43: 0 | N43: =MAX(0,(TRUNC((L43*0.8)-M43))) -> 0 | O43: 0.12 | P43: 0 | Q43: 0 | R43: 0 | S43: 0 | T43: =MAX(0,(TRUNC((R43*0.8)-S43))) -> 0 | V43: 0 | W43: 207.7 | X43: 0 | Y43: 0 | Z43: 0 | AA43: 0 | AB43: 0 | AC43: 0 | AD43: 0 | AE43: 0 | AF43: 0 | AG43: 0 | AH43: 0 | AI43: 0 | AJ43: 0 | AK43: 0 | AL43: 0 | AM43: 0 | AN43: 0 | AO43: 0 | AP43: 0 | AQ43: 0 | AR43: 0 | AS43: 0 | AT43: 0 | AU43: 1 | AV43: 1 | AW43: 0 | AX43: 0 | AY43: 0 | AZ43: 0 | BA43: 0 | BB43: 0 | BC43: 0 | BD43: 0 | BE43: 0 | BF43: 0 | BG43: 0 | BH43: 0 | BI43: 0 | BJ43: 0 | BK43: 0 | BL43: 0
A44: 504 | B44: IND ZUKO MANGO | C44: 96 | D44: 677 | E44: TRESMONTES LUCHETTI (NUTRESA) | F44: 690 | G44: TRESMONTES LUCCHETTI (ZUKO) | H44: 3.6969 | I44: 354.9024 | J44: =K44*I44 -> 0 | K44: =SUM(N44+Q44+T44) -> 0 | L44: 0.56 | M44: -0.43 | N44: =MAX(0,(TRUNC((L44*0.8)-M44))) -> 0 | O44: 0 | P44: 0 | Q44: 0 | R44: 0 | S44: 0 | T44: =MAX(0,(TRUNC((R44*0.8)-S44))) -> 0 | V44: 0 | W44: 199.63 | X44: -151.57 | Y44: 11 | Z44: 9 | AA44: 25 | AB44: 27 | AC44: -41 | AD44: 0 | AE44: 0 | AF44: 0 | AG44: 0 | AH44: 0 | AI44: 0 | AJ44: 0 | AK44: 0 | AL44: 0 | AM44: 0 | AN44: 0 | AO44: 0 | AP44: 0 | AQ44: 0 | AR44: 0 | AS44: 0 | AT44: 0 | AU44: 0 | AV44: 0 | AW44: 0 | AX44: 0 | AY44: 0 | AZ44: 0 | BA44: 0 | BB44: 0 | BC44: 0 | BD44: 0 | BE44: 0 | BF44: 0 | BG44: 0 | BH44: 0 | BI44: 0 | BJ44: 0 | BK44: 0 | BL44: 0
A45: 561 | B45: IND ZUKO JAMAICA | C45: 96 | D45: 677 | E45: TRESMONTES LUCHETTI (NUTRESA) | F45: 690 | G45: TRESMONTES LUCCHETTI (ZUKO) | H45: 3.6969 | I45: 354.9024 | J45: =K45*I45 -> 0 | K45: 0 | L45: 0.53 | M45: -0.8 | N45: 0 | O45: 0 | P45: 0 | Q45: 0 | R45: 0 | S45: 0 | T45: =MAX(0,(TRUNC((R45*0.8)-S45))) -> 0 | V45: 0 | W45: 188.54 | X45: -284.66 | Y45: 23 | Z45: 24 | AA45: 9 | AB45: 14 | AC45: -77 | AD45: 0 | AE45: 0 | AF45: 0 | AG45: 0 | AH45: 0 | AI45: 0 | AJ45: 0 | AK45: 0 | AL45: 0 | AM45: 0 | AN45: 0 | AO45: 0 | AP45: 0 | AQ45: 0 | AR45: 0 | AS45: 0 | AT45: 0 | AU45: 0 | AV45: 0 | AW45: 0 | AX45: 0 | AY45: 0 | AZ45: 0 | BA45: 0 | BB45: 0 | BC45: 0 | BD45: 0 | BE45: 0 | BF45: 0 | BG45: 0 | BH45: 0 | BI45: 0 | BJ45: 0 | BK45: 0 | BL45: 0
A46: 566 | B46: IND ZUKO TAMARINDO | C46: 96 | D46: 677 | E46: TRESMONTES LUCHETTI (NUTRESA) | F46: 690 | G46: TRESMONTES LUCCHETTI (ZUKO) | H46: 3.6969 | I46: 354.9024 | J46: =K46*I46 -> 0 | K46: =SUM(N46+Q46+T46) -> 0 | L46: 0.49 | M46: -0.2 | N46: =MAX(0,(TRUNC((L46*0.8)-M46))) -> 0 | O46: 0 | P46: 0 | Q46: 0 | R46: 0.03 | S46: 0 | T46: =MAX(0,(TRUNC((R46*0.8)-S46))) -> 0 | V46: 0 | W46: 184.85 | X46: -70.24 | Y46: 0 | Z46: 19 | AA46: 31 | AB46: 14 | AC46: -19 | AD46: 0 | AE46: 0 | AF46: 0 | AG46: 0 | AH46: 0 | AI46: 0 | AJ46: 0 | AK46: 0 | AL46: 0 | AM46: 0 | AN46: 0 | AO46: 0 | AP46: 0 | AQ46: 0 | AR46: 0 | AS46: 0 | AT46: 0 | AU46: 0 | AV46: 0 | AW46: 0 | AX46: 0 | AY46: 0 | AZ46: 0 | BA46: 0 | BB46: 0 | BC46: 0 | BD46: 0 | BE46: 0 | BF46: 5 | BG46: 0 | BH46: 0 | BI46: 0 | BJ46: 0 | BK46: 0 | BL46: 0
A47: 560 | B47: IND ZUKO FRESA | C47: 96 | D47: 677 | E47: TRESMONTES LUCHETTI (NUTRESA) | F47: 690 | G47: TRESMONTES LUCCHETTI (ZUKO) | H47: 3.6969 | I47: 354.9024 | J47: =K47*I47 -> 0 | K47: 0 | L47: 0.41 | M47: -0.7 | N47: 0 | O47: 0 | P47: 0 | Q47: 0 | R47: 0 | S47: 0 | T47: =MAX(0,(TRUNC((R47*0.8)-S47))) -> 0 | V47: 0 | W47: 144.18 | X47: -247.69 | Y47: 0 | Z47: 0 | AA47: 32 | AB47: 14 | AC47: -67 | AD47: 0 | AE47: 0 | AF47: 0 | AG47: 0 | AH47: 0 | AI47: 0 | AJ47: 0 | AK47: 0 | AL47: 0 | AM47: 0 | AN47: 0 | AO47: 0 | AP47: 0 | AQ47: 0 | AR47: 0 | AS47: 0 | AT47: 0 | AU47: 0 | AV47: 0 | AW47: 0 | AX47: 0 | AY47: 0 | AZ47: 0 | BA47: 0 | BB47: 0 | BC47: 0 | BD47: 0 | BE47: 0 | BF47: 0 | BG47: 0 | BH47: 0 | BI47: 0 | BJ47: 0 | BK47: 0 | BL47: 0
A48: 565 | B48: IND ZUKO PIÑA | C48: 96 | D48: 677 | E48: TRESMONTES LUCHETTI (NUTRESA) | F48: 690 | G48: TRESMONTES LUCCHETTI (ZUKO) | H48: 3.6969 | I48: 354.9024 | J48: =K48*I48 -> 0 | K48: =SUM(N48+Q48+T48) -> 0 | L48: 0.36 | M48: -0.71 | N48: =MAX(0,(TRUNC((L48*0.8)-M48))) -> 0 | O48: 0 | P48: 0 | Q48: 0 | R48: 0 | S48: 0 | T48: =MAX(0,(TRUNC((R48*0.8)-S48))) -> 0 | V48: 0 | W48: 129.39 | X48: -251.39 | Y48: 9 | Z48: 5 | AA48: 17 | AB48: 13 | AC48: -68 | AD48: 0 | AE48: 0 | AF48: 0 | AG48: 0 | AH48: 0 | AI48: 0 | AJ48: 0 | AK48: 0 | AL48: 0 | AM48: 0 | AN48: 0 | AO48: 0 | AP48: 0 | AQ48: 0 | AR48: 0 | AS48: 0 | AT48: 0 | AU48: 0 | AV48: 0 | AW48: 0 | AX48: 0 | AY48: 0 | AZ48: 0 | BA48: 0 | BB48: 0 | BC48: 0 | BD48: 0 | BE48: 0 | BF48: 0 | BG48: 0 | BH48: 0 | BI48: 0 | BJ48: 0 | BK48: 0 | BL48: 0
A49: 562 | B49: IND ZUKO LIMON | C49: 96 | D49: 677 | E49: TRESMONTES LUCHETTI (NUTRESA) | F49: 690 | G49: TRESMONTES LUCCHETTI (ZUKO) | H49: 3.6969 | I49: 354.9024 | J49: =K49*I49 -> 0 | K49: =SUM(N49+Q49+T49) -> 0 | L49: 0.32 | M49: -0.7 | N49: =MAX(0,(TRUNC((L49*0.8)-M49))) -> 0 | O49: 0 | P49: 0 | Q49: 0 | R49: 0.01 | S49: -0.01 | T49: =MAX(0,(TRUNC((R49*0.8)-S49))) -> 0 | V49: 0 | W49: 116.45 | X49: -251.39 | Y49: 20 | Z49: 14 | AA49: 4 | AB49: 0 | AC49: -67 | AD49: 0 | AE49: 0 | AF49: 0 | AG49: 0 | AH49: 0 | AI49: 0 | AJ49: 0 | AK49: 0 | AL49: 0 | AM49: 0 | AN49: 0 | AO49: 0 | AP49: 0 | AQ49: 0 | AR49: 0 | AS49: 0 | AT49: 0 | AU49: 0 | AV49: 0 | AW49: 0 | AX49: 0 | AY49: 0 | AZ49: 0 | BA49: 0 | BB49: 0 | BC49: 0 | BD49: 1 | BE49: 0 | BF49: 0 | BG49: -1 | BH49: 0 | BI49: 0 | BJ49: 0 | BK49: 0 | BL49: 0
A50: 519 | B50: IND ZUKO GUAYABA | C50: 96 | D50: 677 | E50: TRESMONTES LUCHETTI (NUTRESA) | F50: 690 | G50: TRESMONTES LUCCHETTI (ZUKO) | H50: 3.6969 | I50: 354.9024 | J50: =K50*I50 -> 0 | K50: =SUM(N50+Q50+T50) -> 0 | L50: 0.3 | M50: -0.44 | N50: =MAX(0,(TRUNC((L50*0.8)-M50))) -> 0 | O50: 0 | P50: 0 | Q50: 0 | R50: 0 | S50: 0 | T50: =MAX(0,(TRUNC((R50*0.8)-S50))) -> 0 | V50: 0 | W50: 105.36 | X50: -155.27 | Y50: 11 | Z50: 18 | AA50: 7 | AB50: 3 | AC50: -42 | AD50: 0 | AE50: 0 | AF50: 0 | AG50: 0 | AH50: 0 | AI50: 0 | AJ50: 0 | AK50: 0 | AL50: 0 | AM50: 0 | AN50: 0 | AO50: 0 | AP50: 0 | AQ50: 0 | AR50: 0 | AS50: 0 | AT50: 0 | AU50: 0 | AV50: 0 | AW50: 0 | AX50: 0 | AY50: 0 | AZ50: 0 | BA50: 0 | BB50: 0 | BC50: 0 | BD50: 0 | BE50: 0 | BF50: 0 | BG50: 0 | BH50: 0 | BI50: 0 | BJ50: 0 | BK50: 0 | BL50: 0
A51: 501 | B51: IND ZUKO PIÑA COLADA | C51: 96 | D51: 677 | E51: TRESMONTES LUCHETTI (NUTRESA) | F51: 690 | G51: TRESMONTES LUCCHETTI (ZUKO) | H51: 3.6969 | I51: 354.9024 | J51: =K51*I51 -> 0 | K51: =SUM(N51+Q51+T51) -> 0 | L51: 0.26 | M51: -0.29 | N51: =MAX(0,(TRUNC((L51*0.8)-M51))) -> 0 | O51: 0 | P51: 0 | Q51: 0 | R51: 0.04 | S51: -0.08 | T51: =MAX(0,(TRUNC((R51*0.8)-S51))) -> 0 | V51: 0 | W51: 105.36 | X51: -133.09 | Y51: 1 | Z51: 15 | AA51: 9 | AB51: 14 | AC51: -28 | AD51: 0 | AE51: 0 | AF51: 0 | AG51: 0 | AH51: 0 | AI51: 0 | AJ51: 0 | AK51: 0 | AL51: 0 | AM51: 0 | AN51: 0 | AO51: 0 | AP51: 0 | AQ51: 0 | AR51: 0 | AS51: 0 | AT51: 0 | AU51: 0 | AV51: 0 | AW51: 0 | AX51: 0 | AY51: 0 | AZ51: 0 | BA51: 0 | BB51: 0 | BC51: 0 | BD51: 8 | BE51: 0 | BF51: 0 | BG51: -8 | BH51: 0 | BI51: 0 | BJ51: 0 | BK51: 0 | BL51: 0
A52: 567 | B52: IND ZUKO HORCHATA | C52: 96 | D52: 677 | E52: TRESMONTES LUCHETTI (NUTRESA) | F52: 690 | G52: TRESMONTES LUCCHETTI (ZUKO) | H52: 3.6969 | I52: 354.9024 | J52: =K52*I52 -> 0 | K52: =SUM(N52+Q52+T52) -> 0 | L52: 0.28 | M52: -0.7 | N52: =MAX(0,(TRUNC((L52*0.8)-M52))) -> 0 | O52: 0 | P52: 0 | Q52: 0 | R52: 0 | S52: 0.01 | T52: =MAX(0,(TRUNC((R52*0.8)-S52))) -> 0 | V52: 0 | W52: 99.82 | X52: -244 | Y52: 6 | Z52: 14 | AA52: 13 | AB52: 2 | AC52: -67 | AD52: 0 | AE52: 0 | AF52: 0 | AG52: 0 | AH52: 0 | AI52: 0 | AJ52: 0 | AK52: 0 | AL52: 0 | AM52: 0 | AN52: 0 | AO52: 0 | AP52: 0 | AQ52: 0 | AR52: 0 | AS52: 0 | AT52: 0 | AU52: 0 | AV52: 0 | AW52: 0 | AX52: 0 | AY52: 0 | AZ52: 0 | BA52: 0 | BB52: 0 | BC52: 0 | BD52: 0 | BE52: 0 | BF52: 0 | BG52: 1 | BH52: 0 | BI52: 0 | BJ52: 0 | BK52: 0 | BL52: 0
A53: 526 | B53: IND ZUKO SANDIA | C53: 96 | D53: 677 | E53: TRESMONTES LUCHETTI (NUTRESA) | F53: 690 | G53: TRESMONTES LUCCHETTI (ZUKO) | H53: 3.6969 | I53: 354.9024 | J53: =K53*I53 -> 0 | K53: =SUM(N53+Q53+T53) -> 0 | L53: 0.2 | M53: -0.06 | N53: =MAX(0,(TRUNC((L53*0.8)-M53))) -> 0 | O53: 0 | P53: 0 | Q53: 0 | R53: 0 | S53: 0 | T53: =MAX(0,(TRUNC((R53*0.8)-S53))) -> 0 | V53: 0 | W53: 70.24 | X53: -22.18 | Y53: 0 | Z53: 11 | AA53: 9 | AB53: 9 | AC53: -6 | AD53: 0 | AE53: 0 | AF53: 0 | AG53: 0 | AH53: 0 | AI53: 0 | AJ53: 0 | AK53: 0 | AL53: 0 | AM53: 0 | AN53: 0 | AO53: 0 | AP53: 0 | AQ53: 0 | AR53: 0 | AS53: 0 | AT53: 0 | AU53: 0 | AV53: 0 | AW53: 0 | AX53: 0 | AY53: 0 | AZ53: 0 | BA53: 0 | BB53: 0 | BC53: 0 | BD53: 0 | BE53: 0 | BF53: 0 | BG53: 0 | BH53: 0 | BI53: 0 | BJ53: 0 | BK53: 0 | BL53: 0
A54: 510 | B54: IND ZUKO COCO | C54: 96 | D54: 677 | E54: TRESMONTES LUCHETTI (NUTRESA) | F54: 690 | G54: TRESMONTES LUCCHETTI (ZUKO) | H54: 3.6969 | I54: 354.9024 | J54: =K54*I54 -> 0 | K54: =SUM(N54+Q54+T54) -> 0 | L54: 0.11 | M54: 0 | N54: =MAX(0,(TRUNC((L54*0.8)-M54))) -> 0 | O54: 0 | P54: 0 | Q54: 0 | R54: 0 | S54: 0 | T54: =MAX(0,(TRUNC((R54*0.8)-S54))) -> 0 | V54: 0 | W54: 40.67 | X54: 0 | Y54: 0 | Z54: 0 | AA54: 6 | AB54: 10 | AC54: 0 | AD54: 0 | AE54: 0 | AF54: 0 | AG54: 0 | AH54: 0 | AI54: 0 | AJ54: 0 | AK54: 0 | AL54: 0 | AM54: 0 | AN54: 0 | AO54: 0 | AP54: 0 | AQ54: 0 | AR54: 0 | AS54: 0 | AT54: 0 | AU54: 0 | AV54: 0 | AW54: 0 | AX54: 0 | AY54: 0 | AZ54: 0 | BA54: 0 | BB54: 0 | BC54: 0 | BD54: 0 | BE54: 0 | BF54: 0 | BG54: 0 | BH54: 0 | BI54: 0 | BJ54: 0 | BK54: 0 | BL54: 0
A55: 506 | B55: IND ZUKO MELON | C55: 96 | D55: 677 | E55: TRESMONTES LUCHETTI (NUTRESA) | F55: 690 | G55: TRESMONTES LUCCHETTI (ZUKO) | H55: 3.6969 | I55: 354.9024 | J55: =K55*I55 -> 0 | K55: =SUM(N55+Q55+T55) -> 0 | L55: 0.1 | M55: -0.17 | N55: =MAX(0,(TRUNC((L55*0.8)-M55))) -> 0 | O55: 0 | P55: 0 | Q55: 0 | R55: 0 | S55: 0 | T55: =MAX(0,(TRUNC((R55*0.8)-S55))) -> 0 | V55: 0 | W55: 35.12 | X55: -59.15 | Y55: 4 | Z55: 11 | AA55: 0 | AB55: 0 | AC55: -16 | AD55: 0 | AE55: 0 | AF55: 0 | AG55: 0 | AH55: 0 | AI55: 0 | AJ55: 0 | AK55: 0 | AL55: 0 | AM55: 0 | AN55: 0 | AO55: 0 | AP55: 0 | AQ55: 0 | AR55: 0 | AS55: 0 | AT55: 0 | AU55: 0 | AV55: 0 | AW55: 0 | AX55: 0 | AY55: 0 | AZ55: 0 | BA55: 0 | BB55: 0 | BC55: 0 | BD55: 0 | BE55: 0 | BF55: 0 | BG55: 0 | BH55: 0 | BI55: 0 | BJ55: 0 | BK55: 0 | BL55: 0
A56: 509 | B56: IND ZUKO MANDARINA | C56: 96 | D56: 677 | E56: TRESMONTES LUCHETTI (NUTRESA) | F56: 690 | G56: TRESMONTES LUCCHETTI (ZUKO) | H56: 3.6969 | I56: 354.9024 | J56: =K56*I56 -> 0 | K56: =SUM(N56+Q56+T56) -> 0 | L56: 0.04 | M56: -0.2 | N56: =MAX(0,(TRUNC((L56*0.8)-M56))) -> 0 | O56: 0 | P56: 0 | Q56: 0 | R56: 0 | S56: 0 | T56: =MAX(0,(TRUNC((R56*0.8)-S56))) -> 0 | V56: 0 | W56: 14.79 | X56: -70.24 | Y56: 3 | Z56: 2 | AA56: 0 | AB56: 0 | AC56: -19 | AD56: 0 | AE56: 0 | AF56: 0 | AG56: 0 | AH56: 0 | AI56: 0 | AJ56: 0 | AK56: 0 | AL56: 0 | AM56: 0 | AN56: 0 | AO56: 0 | AP56: 0 | AQ56: 0 | AR56: 0 | AS56: 0 | AT56: 0 | AU56: 0 | AV56: 0 | AW56: 0 | AX56: 0 | AY56: 0 | AZ56: 0 | BA56: 0 | BB56: 0 | BC56: 0 | BD56: 0 | BE56: 0 | BF56: 0 | BG56: 0 | BH56: 0 | BI56: 0 | BJ56: 0 | BK56: 0 | BL56: 0
A57: 514 | B57: IND ZUKO DURAZNO | C57: 96 | D57: 677 | E57: TRESMONTES LUCHETTI (NUTRESA) | F57: 690 | G57: TRESMONTES LUCCHETTI (ZUKO) | H57: 3.6969 | I57: 354.9024 | J57: =K57*I57 -> 0 | K57: =SUM(N57+Q57+T57) -> 0 | L57: 0.01 | M57: -0.01 | N57: =MAX(0,(TRUNC((L57*0.8)-M57))) -> 0 | O57: 0 | P57: 0 | Q57: 0 | R57: 0 | S57: 0 | T57: =MAX(0,(TRUNC((R57*0.8)-S57))) -> 0 | V57: 0 | W57: 3.7 | X57: -3.7 | Y57: 0 | Z57: 2 | AA57: 0 | AB57: 0 | AC57: -1 | AD57: 0 | AE57: 0 | AF57: 0 | AG57: 0 | AH57: 0 | AI57: 0 | AJ57: 0 | AK57: 0 | AL57: 0 | AM57: 0 | AN57: 0 | AO57: 0 | AP57: 0 | AQ57: 0 | AR57: 0 | AS57: 0 | AT57: 0 | AU57: 0 | AV57: 0 | AW57: 0 | AX57: 0 | AY57: 0 | AZ57: 0 | BA57: 0 | BB57: 0 | BC57: 0 | BD57: 0 | BE57: 0 | BF57: 0 | BG57: 0 | BH57: 0 | BI57: 0 | BJ57: 0 | BK57: 0 | BL57: 0
A58: 563 | B58: IND ZUKO MANZANA | C58: 96 | D58: 677 | E58: TRESMONTES LUCHETTI (NUTRESA) | F58: 690 | G58: TRESMONTES LUCCHETTI (ZUKO) | H58: 3.6969 | I58: 354.9024 | J58: =K58*I58 -> 0 | K58: =SUM(N58+Q58+T58) -> 0 | L58: 0 | M58: 0 | N58: =MAX(0,(TRUNC((L58*0.8)-M58))) -> 0 | O58: 0 | P58: 0 | Q58: 0 | R58: 0 | S58: 0 | T58: =MAX(0,(TRUNC((R58*0.8)-S58))) -> 0 | V58: 0 | W58: 0 | X58: 0 | Y58: 0 | Z58: 0 | AA58: 0 | AB58: 0 | AC58: 0 | AD58: 0 | AE58: 0 | AF58: 0 | AG58: 0 | AH58: 0 | AI58: 0 | AJ58: 0 | AK58: 0 | AL58: 0 | AM58: 0 | AN58: 0 | AO58: 0 | AP58: 0 | AQ58: 0 | AR58: 0 | AS58: 0 | AT58: 0 | AU58: 0 | AV58: 0 | AW58: 0 | AX58: 0 | AY58: 0 | AZ58: 0 | BA58: 0 | BB58: 0 | BC58: 0 | BD58: 0 | BE58: 0 | BF58: 0 | BG58: 0 | BH58: 0 | BI58: 0 | BJ58: 0 | BK58: 0 | BL58: 0
A59: 543 | B59: IND ZUKO LIMONADA CLÁSICA (15GR) | C59: 96 | D59: 677 | E59: TRESMONTES LUCHETTI (NUTRESA) | F59: 690 | G59: TRESMONTES LUCCHETTI (ZUKO) | H59: 3.6969 | I59: 354.9024 | J59: =K59*I59 -> 0 | K59: =SUM(N59+Q59+T59) -> 0 | L59: 0 | M59: 0 | N59: =MAX(0,(TRUNC((L59*0.8)-M59))) -> 0 | O59: 0 | P59: 0 | Q59: 0 | R59: 0 | S59: 0 | T59: =MAX(0,(TRUNC((R59*0.8)-S59))) -> 0 | V59: 0 | W59: 0 | X59: 0 | Y59: 0 | Z59: 0 | AA59: 0 | AB59: 0 | AC59: 0 | AD59: 0 | AE59: 0 | AF59: 0 | AG59: 0 | AH59: 0 | AI59: 0 | AJ59: 0 | AK59: 0 | AL59: 0 | AM59: 0 | AN59: 0 | AO59: 0 | AP59: 0 | AQ59: 0 | AR59: 0 | AS59: 0 | AT59: 0 | AU59: 0 | AV59: 0 | AW59: 0 | AX59: 0 | AY59: 0 | AZ59: 0 | BA59: 0 | BB59: 0 | BC59: 0 | BD59: 0 | BE59: 0 | BF59: 0 | BG59: 0 | BH59: 0 | BI59: 0 | BJ59: 0 | BK59: 0 | BL59: 0
... A72: 47048 | B72: CHOC BURBU CREMINO AVELLANA /12 NUTRESA | C72: 4 | D72: 677 | E72: TRESMONTES LUCHETTI (NUTRESA) | F72: 677 | G72: DISPONIBLE | H72: 119.16 | I72: 476.64 | J72: =K72*I72 -> 0 | K72: =SUM(N72+Q72+T72) -> 0 | L72: 0 | M72: 0 | N72: =MAX(0,(TRUNC((L72*0.8)-M72))) -> 0 | O72: 0 | P72: 0 | Q72: 0 | R72: 0 | S72: 0 | T72: =MAX(0,(TRUNC((R72*0.8)-S72))) -> 0 | V72: 0 | W72: 0 | X72: 0 | Y72: 0 | Z72: 0 | AA72: 0 | AB72: 0 | AC72: 0 | AD72: 0 | AE72: 0 | AF72: 0 | AG72: 0 | AH72: 0 | AI72: 0 | AJ72: 0 | AK72: 0 | AL72: 0 | AM72: 0 | AN72: 0 | AO72: 0 | AP72: 0 | AQ72: 0 | AR72: 0 | AS72: 0 | AT72: 0 | AU72: 0 | AV72: 0 | AW72: 0 | AX72: 0 | AY72: 0 | AZ72: 0 | BA72: 0 | BB72: 0 | BC72: 0 | BD72: 0 | BE72: 0 | BF72: 0 | BG72: 0 | BH72: 0 | BI72: 0 | BJ72: 0 | BK72: 0 | BL72: 0
A73: 47047 | B73: 47047 | C73: 15 | D73: 677 | E73: TRESMONTES LUCHETTI (NUTRESA) | F73: 999 | G73: PRODUCTOS A ELIMINAR | H73: 20.9477 | I73: 314.2155 | J73: =K73*I73 -> 0 | K73: =SUM(N73+Q73+T73) -> 0 | L73: 0 | M73: 0 | N73: =MAX(0,(TRUNC((L73*0.8)-M73))) -> 0 | O73: 0 | P73: 0 | Q73: 0 | R73: 0 | S73: 0 | T73: =MAX(0,(TRUNC((R73*0.8)-S73))) -> 0 | V73: 0 | W73: 0 | X73: 0 | Y73: 0 | Z73: 0 | AA73: 0 | AB73: 0 | AC73: 0 | AD73: 0 | AE73: 0 | AF73: 0 | AG73: 0 | AH73: 0 | AI73: 0 | AJ73: 0 | AK73: 0 | AL73: 0 | AM73: 0 | AN73: 0 | AO73: 0 | AP73: 0 | AQ73: 0 | AR73: 0 | AS73: 0 | AT73: 0 | AU73: 0 | AV73: 0 | AW73: 0 | AX73: 0 | AY73: 0 | AZ73: 0 | BA73: 0 | BB73: 0 | BC73: 0 | BD73: 0 | BE73: 0 | BF73: 0 | BG73: 0 | BH73: 0 | BI73: 0 | BJ73: 0 | BK73: 0 | BL73: 0
A74: 47044 | B74: ** | C74: 12 | D74: 677 | E74: TRESMONTES LUCHETTI (NUTRESA) | F74: 999 | G74: PRODUCTOS A ELIMINAR | H74: 18.04 | I74: 216.48 | J74: =K74*I74 -> 0 | K74: =SUM(N74+Q74+T74) -> 0 | L74: 0 | M74: 0 | N74: =MAX(0,(TRUNC((L74*0.8)-M74))) -> 0 | O74: 0 | P74: 0 | Q74: 0 | R74: 0 | S74: 0 | T74: =MAX(0,(TRUNC((R74*0.8)-S74))) -> 0 | V74: 0 | W74: 0 | X74: 0 | Y74: 0 | Z74: 0 | AA74: 0 | AB74: 0 | AC74: 0 | AD74: 0 | AE74: 0 | AF74: 0 | AG74: 0 | AH74: 0 | AI74: 0 | AJ74: 0 | AK74: 0 | AL74: 0 | AM74: 0 | AN74: 0 | AO74: 0 | AP74: 0 | AQ74: 0 | AR74: 0 | AS74: 0 | AT74: 0 | AU74: 0 | AV74: 0 | AW74: 0 | AX74: 0 | AY74: 0 | AZ74: 0 | BA74: 0 | BB74: 0 | BC74: 0 | BD74: 0 | BE74: 0 | BF74: 0 | BG74: 0 | BH74: 0 | BI74: 0 | BJ74: 0 | BK74: 0 | BL74: 0
A75: 47037 | B75: ** | C75: 24 | D75: 677 | E75: TRESMONTES LUCHETTI (NUTRESA) | F75: 999 | G75: PRODUCTOS A ELIMINAR | H75: 20.0881 | I75: 482.1144 | J75: =K75*I75 -> 0 | K75: =SUM(N75+Q75+T75) -> 0 | L75: 0 | M75: 0 | N75: =MAX(0,(TRUNC((L75*0.8)-M75))) -> 0 | O75: 0 | P75: 0 | Q75: 0 | R75: 0 | S75: 0 | T75: =MAX(0,(TRUNC((R75*0.8)-S75))) -> 0 | V75: 0 | W75: 0 | X75: 0 | Y75: 0 | Z75: 0 | AA75: 0 | AB75: 0 | AC75: 0 | AD75: 0 | AE75: 0 | AF75: 0 | AG75: 0 | AH75: 0 | AI75: 0 | AJ75: 0 | AK75: 0 | AL75: 0 | AM75: 0 | AN75: 0 | AO75: 0 | AP75: 0 | AQ75: 0 | AR75: 0 | AS75: 0 | AT75: 0 | AU75: 0 | AV75: 0 | AW75: 0 | AX75: 0 | AY75: 0 | AZ75: 0 | BA75: 0 | BB75: 0 | BC75: 0 | BD75: 0 | BE75: 0 | BF75: 0 | BG75: 0 | BH75: 0 | BI75: 0 | BJ75: 0 | BK75: 0 | BL75: 0
A76: 47034 | B76: ** | C76: 12 | D76: 677 | E76: TRESMONTES LUCHETTI (NUTRESA) | F76: 999 | G76: PRODUCTOS A ELIMINAR | H76: 25.0387 | I76: 300.4644 | J76: =K76*I76 -> 0 | K76: =SUM(N76+Q76+T76) -> 0 | L76: 0 | M76: 0 | N76: =MAX(0,(TRUNC((L76*0.8)-M76))) -> 0 | O76: 0 | P76: 0 | Q76: 0 | R76: 0 | S76: 0 | T76: =MAX(0,(TRUNC((R76*0.8)-S76))) -> 0 | V76: 0 | W76: 0 | X76: 0 | Y76: 0 | Z76: 0 | AA76: 0 | AB76: 0 | AC76: 0 | AD76: 0 | AE76: 0 | AF76: 0 | AG76: 0 | AH76: 0 | AI76: 0 | AJ76: 0 | AK76: 0 | AL76: 0 | AM76: 0 | AN76: 0 | AO76: 0 | AP76: 0 | AQ76: 0 | AR76: 0 | AS76: 0 | AT76: 0 | AU76: 0 | AV76: 0 | AW76: 0 | AX76: 0 | AY76: 0 | AZ76: 0 | BA76: 0 | BB76: 0 | BC76: 0 | BD76: 0 | BE76: 0 | BF76: 0 | BG76: 0 | BH76: 0 | BI76: 0 | BJ76: 0 | BK76: 0 | BL76: 0
A77: 47032 | B77: ** | C77: 12 | D77: 677 | E77: TRESMONTES LUCHETTI (NUTRESA) | F77: 999 | G77: PRODUCTOS A ELIMINAR | H77: 22.49 | I77: 269.88 | J77: =K77*I77 -> 0 | K77: =SUM(N77+Q77+T77) -> 0 | L77: 0 | M77: 0 | N77: =MAX(0,(TRUNC((L77*0.8)-M77))) -> 0 | O77: 0 | P77: 0 | Q77: 0 | R77: 0 | S77: 0 | T77: =MAX(0,(TRUNC((R77*0.8)-S77))) -> 0 | V77: 0 | W77: 0 | X77: 0 | Y77: 0 | Z77: 0 | AA77: 0 | AB77: 0 | AC77: 0 | AD77: 0 | AE77: 0 | AF77: 0 | AG77: 0 | AH77: 0 | AI77: 0 | AJ77: 0 | AK77: 0 | AL77: 0 | AM77: 0 | AN77: 0 | AO77: 0 | AP77: 0 | AQ77: 0 | AR77: 0 | AS77: 0 | AT77: 0 | AU77: 0 | AV77: 0 | AW77: 0 | AX77: 0 | AY77: 0 | AZ77: 0 | BA77: 0 | BB77: 0 | BC77: 0 | BD77: 0 | BE77: 0 | BF77: 0 | BG77: 0 | BH77: 0 | BI77: 0 | BJ77: 0 | BK77: 0 | BL77: 0
A78: 47017 | B78: ** | C78: 6 | D78: 677 | E78: TRESMONTES LUCHETTI (NUTRESA) | F78: 999 | G78: PRODUCTOS A ELIMINAR | H78: 51.17 | I78: 307.02 | J78: =K78*I78 -> 0 | K78: =SUM(N78+Q78+T78) -> 0 | L78: 0 | M78: 0 | N78: =MAX(0,(TRUNC((L78*0.8)-M78))) -> 0 | O78: 0 | P78: 0 | Q78: 0 | R78: 0 | S78: 0 | T78: =MAX(0,(TRUNC((R78*0.8)-S78))) -> 0 | V78: 0 | W78: 0 | X78: 0 | Y78: 0 | Z78: 0 | AA78: 0 | AB78: 0 | AC78: 0 | AD78: 0 | AE78: 0 | AF78: 0 | AG78: 0 | AH78: 0 | AI78: 0 | AJ78: 0 | AK78: 0 | AL78: 0 | AM78: 0 | AN78: 0 | AO78: 0 | AP78: 0 | AQ78: 0 | AR78: 0 | AS78: 0 | AT78: 0 | AU78: 0 | AV78: 0 | AW78: 0 | AX78: 0 | AY78: 0 | AZ78: 0 | BA78: 0 | BB78: 0 | BC78: 0 | BD78: 0 | BE78: 0 | BF78: 0 | BG78: 0 | BH78: 0 | BI78: 0 | BJ78: 0 | BK78: 0 | BL78: 0
A79: 47030 | B79: VIT NUCITA PHANTOM 700 GR / 200 NUTRESA | C79: 12 | D79: 677 | E79: TRESMONTES LUCHETTI (NUTRESA) | F79: 999 | G79: PRODUCTOS A ELIMINAR | H79: 109.64 | I79: 1315.68 | J79: =K79*I79 -> 0 | K79: =SUM(N79+Q79+T79) -> 0 | L79: 0 | M79: 0 | N79: =MAX(0,(TRUNC((L79*0.8)-M79))) -> 0 | O79: 0 | P79: 0 | Q79: 0 | R79: 0 | S79: 0 | T79: =MAX(0,(TRUNC((R79*0.8)-S79))) -> 0 | V79: 0 | W79: 0 | X79: 0 | Y79: 0 | Z79: 0 | AA79: 0 | AB79: 0 | AC79: 0 | AD79: 0 | AE79: 0 | AF79: 0 | AG79: 0 | AH79: 0 | AI79: 0 | AJ79: 0 | AK79: 0 | AL79: 0 | AM79: 0 | AN79: 0 | AO79: 0 | AP79: 0 | AQ79: 0 | AR79: 0 | AS79: 0 | AT79: 0 | AU79: 0 | AV79: 0 | AW79: 0 | AX79: 0 | AY79: 0 | AZ79: 0 | BA79: 0 | BB79: 0 | BC79: 0 | BD79: 0 | BE79: 0 | BF79: 0 | BG79: 0 | BH79: 0 | BI79: 0 | BJ79: 0 | BK79: 0 | BL79: 0
A80: 9099 | B80: * DESCONTINUADO | C80: 24 | D80: 677 | E80: TRESMONTES LUCHETTI (NUTRESA) | F80: 999 | G80: PRODUCTOS A ELIMINAR | H80: 15.6492 | I80: 375.5808 | J80: =K80*I80 -> 0 | K80: =SUM(N80+Q80+T80) -> 0 | L80: 0 | M80: 0 | N80: =MAX(0,(TRUNC((L80*0.8)-M80))) -> 0 | O80: 0 | P80: 0 | Q80: 0 | R80: 0 | S80: 0 | T80: =MAX(0,(TRUNC((R80*0.8)-S80))) -> 0 | V80: 0 | W80: 0 | X80: 0 | Y80: 0 | Z80: 0 | AA80: 0 | AB80: 0 | AC80: 0 | AD80: 0 | AE80: 0 | AF80: 0 | AG80: 0 | AH80: 0 | AI80: 0 | AJ80: 0 | AK80: 0 | AL80: 0 | AM80: 0 | AN80: 0 | AO80: 0 | AP80: 0 | AQ80: 0 | AR80: 0 | AS80: 0 | AT80: 0 | AU80: 0 | AV80: 0 | AW80: 0 | AX80: 0 | AY80: 0 | AZ80: 0 | BA80: 0 | BB80: 0 | BC80: 0 | BD80: 0 | BE80: 0 | BF80: 0 | BG80: 0 | BH80: 0 | BI80: 0 | BJ80: 0 | BK80: 0 | BL80: 0
A81: 47025 | B81: CHOC MUIBON ROLL BROWNIE /15 NUTRESA | C81: 24 | D81: 677 | E81: TRESMONTES LUCHETTI (NUTRESA) | F81: 677 | G81: DISPONIBLE | H81: 48.56 | I81: 1165.44 | J81: =K81*I81 -> 0 | K81: =SUM(N81+Q81+T81) -> 0 | L81: 0 | M81: 0 | N81: =MAX(0,(TRUNC((L81*0.8)-M81))) -> 0 | O81: 0 | P81: 0 | Q81: 0 | R81: 0 | S81: 0 | T81: =MAX(0,(TRUNC((R81*0.8)-S81))) -> 0 | V81: 0 | W81: 0 | X81: 0 | Y81: 0 | Z81: 0 | AA81: 0 | AB81: 0 | AC81: 0 | AD81: 0 | AE81: 0 | AF81: 0 | AG81: 0 | AH81: 0 | AI81: 0 | AJ81: 0 | AK81: 0 | AL81: 0 | AM81: 0 | AN81: 0 | AO81: 0 | AP81: 0 | AQ81: 0 | AR81: 0 | AS81: 0 | AT81: 0 | AU81: 0 | AV81: 0 | AW81: 0 | AX81: 0 | AY81: 0 | AZ81: 0 | BA81: 0 | BB81: 0 | BC81: 0 | BD81: 0 | BE81: 0 | BF81: 0 | BG81: 0 | BH81: 0 | BI81: 0 | BJ81: 0 | BK81: 0 | BL81: 0
A82: 47022 | B82: * DESC VIT MONEDA ORO CHOC NUTRESA /120 | C82: 10 | D82: 677 | E82: TRESMONTES LUCHETTI (NUTRESA) | F82: 998 | G82: PRODUCTOS CON BAJA ROTACION | H82: 127.43 | I82: 1274.3 | J82: =K82*I82 -> 0 | K82: =SUM(N82+Q82+T82) -> 0 | L82: 0 | M82: 0 | N82: =MAX(0,(TRUNC((L82*0.8)-M82))) -> 0 | O82: 0 | P82: 0 | Q82: 0 | R82: 0 | S82: 0 | T82: =MAX(0,(TRUNC((R82*0.8)-S82))) -> 0 | V82: 0 | W82: 0 | X82: 0 | Y82: 0 | Z82: 0 | AA82: 0 | AB82: 0 | AC82: 0 | AD82: 0 | AE82: 0 | AF82: 0 | AG82: 0 | AH82: 0 | AI82: 0 | AJ82: 0 | AK82: 0 | AL82: 0 | AM82: 0 | AN82: 0 | AO82: 0 | AP82: 0 | AQ82: 0 | AR82: 0 | AS82: 0 | AT82: 0 | AU82: 0 | AV82: 0 | AW82: 0 | AX82: 0 | AY82: 0 | AZ82: 0 | BA82: 0 | BB82: 0 | BC82: 0 | BD82: 0 | BE82: 0 | BF82: 0 | BG82: 0 | BH82: 0 | BI82: 0 | BJ82: 0 | BK82: 0 | BL82: 0
A83: 47021 | B83: ** | C83: 10 | D83: 677 | E83: TRESMONTES LUCHETTI (NUTRESA) | F83: 999 | G83: PRODUCTOS A ELIMINAR | H83: 34.3188 | I83: 343.188 | J83: =K83*I83 -> 0 | K83: =SUM(N83+Q83+T83) -> 0 | L83: 0 | M83: 0 | N83: =MAX(0,(TRUNC((L83*0.8)-M83))) -> 0 | O83: 0 | P83: 0 | Q83: 0 | R83: 0 | S83: 0 | T83: =MAX(0,(TRUNC((R83*0.8)-S83))) -> 0 | V83: 0 | W83: 0 | X83: 0 | Y83: 0 | Z83: 0 | AA83: 0 | AB83: 0 | AC83: 0 | AD83: 0 | AE83: 0 | AF83: 0 | AG83: 0 | AH83: 0 | AI83: 0 | AJ83: 0 | AK83: 0 | AL83: 0 | AM83: 0 | AN83: 0 | AO83: 0 | AP83: 0 | AQ83: 0 | AR83: 0 | AS83: 0 | AT83: 0 | AU83: 0 | AV83: 0 | AW83: 0 | AX83: 0 | AY83: 0 | AZ83: 0 | BA83: 0 | BB83: 0 | BC83: 0 | BD83: 0 | BE83: 0 | BF83: 0 | BG83: 0 | BH83: 0 | BI83: 0 | BJ83: 0 | BK83: 0 | BL83: 0
A84: 47018 | B84: EXH CHOC MUIBON AVE NUTRESA /40 9054 | C84: 6 | D84: 677 | E84: TRESMONTES LUCHETTI (NUTRESA) | F84: 61 | G84: NUTRESA SA DE CV | H84: 77.28 | I84: 463.68 | J84: =K84*I84 -> 0 | K84: =SUM(N84+Q84+T84) -> 0 | L84: 0 | M84: 0 | N84: =MAX(0,(TRUNC((L84*0.8)-M84))) -> 0 | O84: 0 | P84: 0 | Q84: 0 | R84: 0 | S84: 0 | T84: =MAX(0,(TRUNC((R84*0.8)-S84))) -> 0 | V84: 0 | W84: 0 | X84: 0 | Y84: 0 | Z84: 0 | AA84: 0 | AB84: 0 | AC84: 0 | AD84: 0 | AE84: 0 | AF84: 0 | AG84: 0 | AH84: 0 | AI84: 0 | AJ84: 0 | AK84: 0 | AL84: 0 | AM84: 0 | AN84: 0 | AO84: 0 | AP84: 0 | AQ84: 0 | AR84: 0 | AS84: 0 | AT84: 0 | AU84: 0 | AV84: 0 | AW84: 0 | AX84: 0 | AY84: 0 | AZ84: 0 | BA84: 0 | BB84: 0 | BC84: 0 | BD84: 0 | BE84: 0 | BF84: 0 | BG84: 0 | BH84: 0 | BI84: 0 | BJ84: 0 | BK84: 0 | BL84: 0
A85: 85 | B85: IND CREMINO AVELLANA / 1 | C85: 192 | D85: 677 | E85: TRESMONTES LUCHETTI (NUTRESA) | F85: 1 | G85: G INDIVIDUALES | H85: 6 | I85: 1152 | J85: =K85*I85 -> 0 | K85: =SUM(N85+Q85+T85) -> 0 | L85: 0 | M85: 0 | N85: =MAX(0,(TRUNC((L85*0.8)-M85))) -> 0 | O85: 0 | P85: 0 | Q85: 0 | R85: 0 | S85: 0 | T85: =MAX(0,(TRUNC((R85*0.8)-S85))) -> 0 | V85: 0 | W85: 0 | X85: 0 | Y85: 0 | Z85: 0 | AA85: 0 | AB85: 0 | AC85: 0 | AD85: 0 | AE85: 0 | AF85: 0 | AG85: 0 | AH85: 0 | AI85: 0 | AJ85: 0 | AK85: 0 | AL85: 0 | AM85: 0 | AN85: 0 | AO85: 0 | AP85: 0 | AQ85: 0 | AR85: 0 | AS85: 0 | AT85: 0 | AU85: 0 | AV85: 0 | AW85: 0 | AX85: 0 | AY85: 0 | AZ85: 0 | BA85: 0 | BB85: 0 | BC85: 0 | BD85: 0 | BE85: 0 | BF85: 0 | BG85: 0 | BH85: 0 | BI85: 0 | BJ85: 0 | BK85: 0 | BL85: 0
... A91: 47031 | B91: COOL NUTS JAPONES 12P 50G | C91: 4 | D91: 677 | E91: TRESMONTES LUCHETTI (NUTRESA) | F91: 61 | G91: NUTRESA SA DE CV | H91: 92.19 | I91: 368.76 | J91: =K91*I91 -> 0 | K91: =SUM(N91+Q91+T91) -> 0 | L91: 0 | M91: 0 | N91: =MAX(0,(TRUNC((L91*0.8)-M91))) -> 0 | O91: 0 | P91: 0 | Q91: 0 | R91: 0 | S91: 0 | T91: =MAX(0,(TRUNC((R91*0.8)-S91))) -> 0 | V91: 0 | W91: 0 | X91: 0 | Y91: 0 | Z91: 0 | AA91: 0 | AB91: 0 | AC91: 0 | AD91: 0 | AE91: 0 | AF91: 0 | AG91: 0 | AH91: 0 | AI91: 0 | AJ91: 0 | AK91: 0 | AL91: 0 | AM91: 0 | AN91: 0 | AO91: 0 | AP91: 0 | AQ91: 0 | AR91: 0 | AS91: 0 | AT91: 0 | AU91: 0 | AV91: 0 | AW91: 0 | AX91: 0 | AY91: 0 | AZ91: 0 | BA91: 0 | BB91: 0 | BC91: 0 | BD91: 0 | BE91: 0 | BF91: 0 | BG91: 0 | BH91: 0 | BI91: 0 | BJ91: 0 | BK91: 0 | BL91: 0
Q92: 0
Q93: 0
Q94: 0
Q95: 0
Q96: 0
Q97: 0
Q98: 0
Q99: 0
Q100: 0
Q101: 0
Q102: 0
Q103: 0
... Q112: 0

Sheet 250326
J1: =SUM(J3:J91) -> 452440.65 | K1: =SUM(K3:K91) -> 470 | W1: =Y1/X1 -> 0.92375509 | X1: =SUM(X3:X91) -> 932219.96 | Y1: =SUM(Y3:Y91) -> 861142.93
A2: Articulo | B2: Nombre | C2: UXC | D2: Subfamilia | E2: SN | F2: Categoria | G2: CN | H2: CostoCIVA | I2: CostoXCaja | J2: $Pedido | K2: SumaPedido | M2: 10VentasG | N2: 10ExistenciaG | O2: PedidoLPD | P2: 30VentasG | Q2: 30ExistenciasG | R2: PedMorelia | S2: 50VentasG | T2: 50ExistenciaG | U2: PedidoZam | W2: ExCEDIS | X2: ValorVentaG | Y2: ValorExistenciaG | Z2: 10Actual15 | AA2: 10Actual30R | AB2: 10Anterior15 | AC2: 10Anterior30R | AD2: 10ExistenciaWC | AE2: 40Actual15 | AF2: 40Actual30R | AG2: 40Anterior15 | AH2: 40Anterior30R | AI2: 40ExistenciaWC | AJ2: 42Actual15 | AK2: 42Actual30R | AL2: 42Anterior15 | AM2: 42Anterior30R | AN2: 42ExistenciaWC | AO2: 44Actual15 | AP2: 44Actual30R | AQ2: 44Anterior15 | AR2: 44Anterior30R | AS2: 44ExistenciaWC | AT2: 30Actual15 | AU2: 30Actual30R | AV2: 30Anterior15 | AW2: 30Anterior30R | AX2: 30ExistenciaWC | AY2: 32Actual15 | AZ2: 32Actual30R | BA2: 32Anterior15 | BB2: 32Anterior30R | BC2: 32ExistenciaWC | BD2: 50Actual15 | BE2: 50Actual30R | BF2: 50Anterior15 | BG2: 50Anterior30R | BH2: 50ExistenciaWC | BI2: 54Actual15 | BJ2: 54Actual30R | BK2: 54Anterior15 | BL2: 54Anterior30R | BM2: 54ExistenciaWC
A3: 47001 | B3: CHOC CREMINO BICOLOR /24 NUTRESA | C3: 16 | D3: 677 | E3: TRESMONTES LUCHETTI (NUTRESA) | F3: 61 | G3: NUTRESA SA DE CV | H3: 56.5902 | I3: 905.4432 | J3: =K3*I3 -> 54326.592 | K3: 60 | L3: 3 | M3: 31.88 | N3: 21.69 | O3: 40 | P3: 58.66 | Q3: 69.75 | R3: =MAX(0,(TRUNC((P3*0.8)-Q3))) -> 0 | S3: 46.22 | T3: 17.69 | U3: 20 | V3: =VLOOKUP(A3:A91,'120326'!A3:T91,20,FALSE) -> 40 | W3: 0 | X3: 123819.36 | Y3: 98806.49 | Z3: 161 | AA3: 273 | AB3: 152 | AC3: 121 | AD3: 347 | AE3: 0 | AF3: 0 | AG3: 0 | AH3: 0 | AI3: 0 | AJ3: 0 | AK3: 0 | AL3: 0 | AM3: 0 | AN3: 0 | AO3: 0 | AP3: 0 | AQ3: 0 | AR3: 0 | AS3: 0 | AT3: 352 | AU3: 281 | AV3: 339 | AW3: 214 | AX3: 1116 | AY3: 0 | AZ3: 0 | BA3: 0 | BB3: 0 | BC3: 0 | BD3: 221 | BE3: 346 | BF3: 256 | BG3: 179 | BH3: 283 | BI3: 0 | BJ3: 0 | BK3: 0 | BL3: 0 | BM3: 0
A4: 47010 | B4: CHOC MUIBON AVELLANAS /15 NUTRESA 9055 | C4: 24 | D4: 677 | E4: TRESMONTES LUCHETTI (NUTRESA) | F4: 61 | G4: NUTRESA SA DE CV | H4: 48.56 | I4: 1165.44 | J4: =K4*I4 -> 58272 | K4: 50 | L4: 5 | M4: 21.44 | N4: 21.83 | O4: 20 | P4: 20.98 | Q4: 22.75 | R4: =MAX(0,(TRUNC((P4*0.8)-Q4))) -> 0 | S4: 24.83 | T4: 1 | U4: 30 | V4: =VLOOKUP(A4:A92,'120326'!A4:T92,20,FALSE) -> 30 | W4: 0 | X4: 78375.84 | Y4: 53124.64 | Z4: 149 | AA4: 419 | AB4: 100 | AC4: 112 | AD4: 524 | AE4: 0 | AF4: 0 | AG4: 0 | AH4: 0 | AI4: 0 | AJ4: 0 | AK4: 0 | AL4: 0 | AM4: 0 | AN4: 0 | AO4: 0 | AP4: 0 | AQ4: 0 | AR4: 0 | AS4: 0 | AT4: 151 | AU4: 167 | AV4: 199 | AW4: 140 | AX4: 546 | AY4: 0 | AZ4: 0 | BA4: 0 | BB4: 0 | BC4: 0 | BD4: 78 | BE4: 329 | BF4: 295 | BG4: 117 | BH4: 24 | BI4: 0 | BJ4: 0 | BK4: 0 | BL4: 0 | BM4: 0
A5: 47023 | B5: EXH CHOC CREMINO BICOLORE NUTRESA /50 | C5: 8 | D5: 677 | E5: TRESMONTES LUCHETTI (NUTRESA) | F5: 61 | G5: NUTRESA SA DE CV | H5: 105.55 | I5: 844.4 | J5: =K5*I5 -> 59108 | K5: =SUM(O5+R5+U5) -> 70 | M5: 28.94 | N5: 10.75 | O5: 30 | P5: 29.94 | Q5: 19.88 | R5: 10 | S5: 33.44 | T5: -5 | U5: 30 | V5: =VLOOKUP(A5:A93,'120326'!A5:T93,20,FALSE) -> 20 | W5: 0 | X5: 77948.68 | Y5: 21637.75 | Z5: 46 | AA5: 115 | AB5: 104 | AC5: 48 | AD5: 86 | AE5: 0 | AF5: 0 | AG5: 0 | AH5: 0 | AI5: 0 | AJ5: 0 | AK5: 0 | AL5: 0 | AM5: 0 | AN5: 0 | AO5: 0 | AP5: 0 | AQ5: 0 | AR5: 0 | AS5: 0 | AT5: 90 | AU5: 57 | AV5: 89 | AW5: 64 | AX5: 159 | AY5: 0 | AZ5: 0 | BA5: 0 | BB5: 0 | BC5: 0 | BD5: 42 | BE5: 78 | BF5: 125 | BG5: 123 | BH5: -40 | BI5: 0 | BJ5: 0 | BK5: 0 | BL5: 0 | BM5: 0
A6: 47005 | B6: NUCITA TRISABOR 224GR /16 NUTRESA | C6: 24 | D6: 677 | E6: TRESMONTES LUCHETTI (NUTRESA) | F6: 61 | G6: NUTRESA SA DE CV | H6: 22.316 | I6: 535.584 | J6: =K6*I6 -> 32135.04 | K6: 60 | L6: 6 | M6: 42.79 | N6: 25.46 | O6: 10 | P6: 43.46 | Q6: 68.08 | R6: =MAX(0,(TRUNC((P6*0.8)-Q6))) -> 0 | S6: 54.23 | T6: 31.12 | U6: 30 | V6: =VLOOKUP(A6:A94,'120326'!A6:T94,20,FALSE) -> 0 | W6: 0 | X6: 75238.39 | Y6: 66769.47 | Z6: 283 | AA6: 312 | AB6: 402 | AC6: 372 | AD6: 611 | AE6: 0 | AF6: 0 | AG6: 0 | AH6: 0 | AI6: 0 | AJ6: 0 | AK6: 0 | AL6: 0 | AM6: 0 | AN6: 0 | AO6: 0 | AP6: 0 | AQ6: 0 | AR6: 0 | AS6: 0 | AT6: 293 | AU6: 224 | AV6: 431 | AW6: 414 | AX6: 1634 | AY6: 0 | AZ6: 0 | BA6: 0 | BB6: 0 | BC6: 0 | BD6: 236 | BE6: 609 | BF6: 557 | BG6: 408 | BH6: 747 | BI6: 0 | BJ6: 0 | BK6: 0 | BL6: 0 | BM6: 0
A7: 47012 | B7: CHOC MONEDA EXH /48 NUTRESA 1432 | C7: 18 | D7: 677 | E7: TRESMONTES LUCHETTI (NUTRESA) | F7: 61 | G7: NUTRESA SA DE CV | H7: 58.8379 | I7: 1059.0822 | J7: =K7*I7 -> 42363.288 | K7: 40 | L7: 50+2 | M7: 19.22 | N7: 22.78 | O7: 10 | P7: 33 | Q7: 44 | R7: =MAX(0,(TRUNC((P7*0.8)-Q7))) -> 0 | S7: 18.64 | T7: 8.33 | U7: 20 | V7: =VLOOKUP(A7:A95,'120326'!A7:T95,20,FALSE) -> #N/A | W7: 0 | X7: 75047.74 | Y7: 79548.84 | Z7: 61 | AA7: 93 | AB7: 194 | AC7: 89 | AD7: 410 | AE7: 0 | AF7: 0 | AG7: 0 | AH7: 0 | AI7: 0 | AJ7: 0 | AK7: 0 | AL7: 0 | AM7: 0 | AN7: 0 | AO7: 0 | AP7: 0 | AQ7: 0 | AR7: 0 | AS7: 0 | AT7: 138 | AU7: 268 | AV7: 220 | AW7: 204 | AX7: 792 | AY7: 0 | AZ7: 0 | BA7: 0 | BB7: 0 | BC7: 0 | BD7: 186 | BE7: 127 | BF7: 36 | BG7: 100 | BH7: 150 | BI7: 0 | BJ7: 0 | BK7: 0 | BL7: 0 | BM7: 0
A8: 47046 | B8: NUCITA PATITAS (152G) / 8 NUTRESA | C8: 24 | D8: 677 | E8: TRESMONTES LUCHETTI (NUTRESA) | F8: 61 | G8: NUTRESA SA DE CV | H8: 39.11 | I8: 938.64 | J8: =K8*I8 -> 37545.6 | K8: =SUM(O8+R8+U8) -> 40 | L8: 2 | M8: 13.4 | N8: 28.75 | O8: =MAX(0,(TRUNC((M8*0.8)-N8))) -> 0 | P8: 20.85 | Q8: 21.83 | R8: 10 | S8: 24.67 | T8: 9.12 | U8: 30 | V8: =VLOOKUP(A8:A96,'120326'!A8:T96,20,FALSE) -> 0 | W8: 0 | X8: 55301.54 | Y8: 56044.63 | Z8: 84 | AA8: 76 | AB8: 149 | AC8: 101 | AD8: 690 | AE8: 0 | AF8: 0 | AG8: 0 | AH8: 0 | AI8: 0 | AJ8: 0 | AK8: 0 | AL8: 0 | AM8: 0 | AN8: 0 | AO8: 0 | AP8: 0 | AQ8: 0 | AR8: 0 | AS8: 0 | AT8: 148 | AU8: 118 | AV8: 234 | AW8: 119 | AX8: 524 | AY8: 0 | AZ8: 0 | BA8: 0 | BB8: 0 | BC8: 0 | BD8: 102 | BE8: 287 | BF8: 204 | BG8: 285 | BH8: 219 | BI8: 0 | BJ8: 0 | BK8: 0 | BL8: 0 | BM8: 0
A9: 10703 | B9: VIT CHOC MONEDA 708g /120 NUTRESA | C9: 12 | D9: 677 | E9: TRESMONTES LUCHETTI (NUTRESA) | F9: 542 | G9: DISPONIBLE | H9: 133.7442 | I9: 1604.9304 | J9: =K9*I9 -> 32098.608 | K9: =SUM(O9+R9+U9) -> 20 | M9: 6.12 | N9: 8 | O9: =MAX(0,(TRUNC((M9*0.8)-N9))) -> 0 | P9: 10.12 | Q9: 16.17 | R9: 10 | S9: 10.79 | T9: 0.25 | U9: 10 | V9: =VLOOKUP(A9:A97,'120326'!A9:T97,20,FALSE) -> 10 | W9: 0 | X9: 43399.99 | Y9: 39187.05 | Z9: 18 | AA9: 48 | AB9: 24 | AC9: 15 | AD9: 96 | AE9: 0 | AF9: 0 | AG9: 0 | AH9: 0 | AI9: 0 | AJ9: 0 | AK9: 0 | AL9: 0 | AM9: 0 | AN9: 0 | AO9: 0 | AP9: 0 | AQ9: 0 | AR9: 0 | AS9: 0 | AT9: 25 | AU9: 51 | AV9: 53 | AW9: 36 | AX9: 194 | AY9: 0 | AZ9: 0 | BA9: 0 | BB9: 0 | BC9: 0 | BD9: 25 | BE9: 70 | BF9: 56 | BG9: 27 | BH9: 3 | BI9: 0 | BJ9: 0 | BK9: 0 | BL9: 0 | BM9: 0
A10: 47039 | B10: NUCITA TRISABOR CONFITES NUTRESA/12 5868 | C10: 24 | D10: 677 | E10: TRESMONTES LUCHETTI (NUTRESA) | F10: 61 | G10: NUTRESA SA DE CV | H10: 52.259 | I10: 1254.216 | J10: =K10*I10 -> 25084.32 | K10: 20 | M10: 4.6 | N10: 1.33 | O10: 5 | P10: 13.54 | Q10: 13.12 | R10: =MAX(0,(TRUNC((P10*0.8)-Q10))) -> 0 | S10: 9.83 | T10: 9.88 | U10: 5 | V10: =VLOOKUP(A10:A98,'120326'!A10:T98,20,FALSE) -> 0 | W10: 0 | X10: 35091.92 | Y10: 30519.26 | Z10: 44 | AA10: 18 | AB10: 42 | AC10: 31 | AD10: 32 | AE10: 0 | AF10: 0 | AG10: 0 | AH10: 0 | AI10: 0 | AJ10: 0 | AK10: 0 | AL10: 0 | AM10: 0 | AN10: 0 | AO10: 0 | AP10: 0 | AQ10: 0 | AR10: 0 | AS10: 0 | AT10: 86 | AU10: 82 | AV10: 156 | AW10: 84 | AX10: 315 | AY10: 0 | AZ10: 0 | BA10: 0 | BB10: 0 | BC10: 0 | BD10: 66 | BE10: 80 | BF10: 97 | BG10: 66 | BH10: 237 | BI10: 0 | BJ10: 0 | BK10: 0 | BL10: 0 | BM10: 0
A11: 47038 | B11: CREMINO STICK 140GR/ 20 NUTRESA | C11: 28 | D11: 677 | E11: TRESMONTES LUCHETTI (NUTRESA) | F11: 61 | G11: NUTRESA SA DE CV | H11: 26.59 | I11: 744.52 | J11: =K11*I11 -> 14890.4 | K11: =SUM(O11+R11+U11) -> 20 | M11: 7.84 | N11: 6.46 | O11: 10 | P11: 18.27 | Q11: 29.18 | R11: =MAX(0,(TRUNC((P11*0.8)-Q11))) -> 0 | S11: 14.54 | T11: 8.46 | U11: 10 | V11: =VLOOKUP(A11:A99,'120326'!A11:T99,20,FALSE) -> 5 | W11: 0 | X11: 30259.42 | Y11: 32838.65 | Z11: 42 | AA11: 72 | AB11: 83 | AC11: 117 | AD11: 181 | AE11: 0 | AF11: 0 | AG11: 0 | AH11: 0 | AI11: 0 | AJ11: 0 | AK11: 0 | AL11: 0 | AM11: 0 | AN11: 0 | AO11: 0 | AP11: 0 | AQ11: 0 | AR11: 0 | AS11: 0 | AT11: 166 | AU11: 141 | AV11: 166 | AW11: 218 | AX11: 817 | AY11: 0 | AZ11: 0 | BA11: 0 | BB11: 0 | BC11: 0 | BD11: 44 | BE11: 249 | BF11: 207 | BG11: 63 | BH11: 237 | BI11: 0 | BJ11: 0 | BK11: 0 | BL11: 0 | BM11: 0
A12: 47000 | B12: CHOC CREMINO BLANCO /24 NUTRESA 2256 | C12: 16 | D12: 677 | E12: TRESMONTES LUCHETTI (NUTRESA) | F12: 61 | G12: NUTRESA SA DE CV | H12: 56.59 | I12: 905.44 | J12: =K12*I12 -> 18108.8 | K12: 20 | L12: 1 | M12: 8.31 | N12: 8.12 | O12: 5 | P12: 14.03 | Q12: 27.25 | R12: =MAX(0,(TRUNC((P12*0.8)-Q12))) -> 0 | S12: 9.59 | T12: 0 | U12: 10 | V12: =VLOOKUP(A12:A100,'120326'!A12:T100,20,FALSE) -> #N/A | W12: 0 | X12: 28917.49 | Y12: 32029.94 | Z12: 37 | AA12: 47 | AB12: 37 | AC12: 71 | AD12: 130 | AE12: 0 | AF12: 0 | AG12: 0 | AH12: 0 | AI12: 0 | AJ12: 0 | AK12: 0 | AL12: 0 | AM12: 0 | AN12: 0 | AO12: 0 | AP12: 0 | AQ12: 0 | AR12: 0 | AS12: 0 | AT12: 67 | AU12: 83 | AV12: 66 | AW12: 100 | AX12: 436 | AY12: 0 | AZ12: 0 | BA12: 0 | BB12: 0 | BC12: 0 | BD12: 36 | BE12: 83 | BF12: 56 | BG12: 40 | BH12: 0 | BI12: 0 | BJ12: 0 | BK12: 0 | BL12: 0 | BM12: 0
A13: 47024 | B13: CHOC BALONCITOS NUTRESA /200 | C13: 12 | D13: 677 | E13: TRESMONTES LUCHETTI (NUTRESA) | F13: 61 | G13: NUTRESA SA DE CV | H13: 135.39 | I13: 1624.68 | J13: =K13*I13 -> 32493.6 | K13: 20 | M13: 7.46 | N13: 7.83 | O13: 5 | P13: 2.58 | Q13: 7.33 | R13: =MAX(0,(TRUNC((P13*0.8)-Q13))) -> 0 | S13: 6.83 | T13: 0 | U13: 10 | V13: =VLOOKUP(A13:A101,'120326'!A13:T101,20,FALSE) -> #N/A | W13: 0 | X13: 27416.48 | Y13: 24640.98 | Z13: 26 | AA13: 36 | AB13: 29 | AC13: 33 | AD13: 94 | AE13: 0 | AF13: 0 | AG13: 0 | AH13: 0 | AI13: 0 | AJ13: 0 | AK13: 0 | AL13: 0 | AM13: 0 | AN13: 0 | AO13: 0 | AP13: 0 | AQ13: 0 | AR13: 0 | AS13: 0 | AT13: 7 | AU13: 15 | AV13: 11 | AW13: 11 | AX13: 88 | AY13: 0 | AZ13: 0 | BA13: 0 | BB13: 0 | BC13: 0 | BD13: 0 | BE13: 60 | BF13: 43 | BG13: 18 | BH13: 0 | BI13: 0 | BJ13: 0 | BK13: 0 | BL13: 0 | BM13: 0
A14: 48091 | B14: ZUKO 8 S JAMAICA EXH | C14: 12 | D14: 677 | E14: TRESMONTES LUCHETTI (NUTRESA) | F14: 690 | G14: TRESMONTES LUCCHETTI (ZUKO) | H14: 54.9167 | I14: 659.0004 | J14: =K14*I14 -> 0 | K14: =SUM(O14+R14+U14) -> 0 | M14: 9.96 | N14: 26 | O14: =MAX(0,(TRUNC((M14*0.8)-N14))) -> 0 | P14: 6.33 | Q14: 12.42 | R14: =MAX(0,(TRUNC((P14*0.8)-Q14))) -> 0 | S14: 25.12 | T14: 0.67 | U14: 0 | V14: =VLOOKUP(A14:A102,'120326'!A14:T102,20,FALSE) -> 30 | W14: 0 | X14: 27293.6 | Y14: 25755.93 | Z14: 37 | AA14: 37 | AB14: 37 | AC14: 54 | AD14: 312 | AE14: 0 | AF14: 0 | AG14: 0 | AH14: 0 | AI14: 0 | AJ14: 0 | AK14: 0 | AL14: 0 | AM14: 0 | AN14: 0 | AO14: 0 | AP14: 0 | AQ14: 0 | AR14: 0 | AS14: 0 | AT14: 19 | AU14: 2 | AV14: 33 | AW14: 46 | AX14: 149 | AY14: 0 | AZ14: 0 | BA14: 0 | BB14: 0 | BC14: 0 | BD14: 81 | BE14: 74 | BF14: 134 | BG14: 99 | BH14: 8 | BI14: 0 | BJ14: 0 | BK14: 0 | BL14: 0 | BM14: 0
A15: 48081 | B15: ZUKO 8 S NARANJA EXH | C15: 12 | D15: 677 | E15: TRESMONTES LUCHETTI (NUTRESA) | F15: 690 | G15: TRESMONTES LUCCHETTI (ZUKO) | H15: 54.9167 | I15: 659.0004 | J15: =K15*I15 -> 0 | K15: =SUM(O15+R15+U15) -> 0 | M15: 10.12 | N15: 25 | O15: =MAX(0,(TRUNC((M15*0.8)-N15))) -> 0 | P15: 5.46 | Q15: 12.75 | R15: =MAX(0,(TRUNC((P15*0.8)-Q15))) -> 0 | S15: 17.29 | T15: 1.17 | U15: 0 | V15: =VLOOKUP(A15:A103,'120326'!A15:T103,20,FALSE) -> 30 | W15: 0 | X15: 21664.64 | Y15: 25646.1 | Z15: 25 | AA15: 59 | AB15: 38 | AC15: 58 | AD15: 300 | AE15: 0 | AF15: 0 | AG15: 0 | AH15: 0 | AI15: 0 | AJ15: 0 | AK15: 0 | AL15: 0 | AM15: 0 | AN15: 0 | AO15: 0 | AP15: 0 | AQ15: 0 | AR15: 0 | AS15: 0 | AT15: 8 | AU15: 48 | AV15: 22 | AW15: 23 | AX15: 153 | AY15: 0 | AZ15: 0 | BA15: 0 | BB15: 0 | BC15: 0 | BD15: 70 | BE15: 50 | BF15: 88 | BG15: 49 | BH15: 14 | BI15: 0 | BJ15: 0 | BK15: 0 | BL15: 0 | BM15: 0
A16: 47008 | B16: CHOC NUCITA BARRA /16 NUTRESA 1471 | C16: 24 | D16: 677 | E16: TRESMONTES LUCHETTI (NUTRESA) | F16: 61 | G16: NUTRESA SA DE CV | H16: 35.74 | I16: 857.76 | J16: =K16*I16 -> 17155.2 | K16: =SUM(O16+R16+U16) -> 20 | M16: 3.02 | N16: 4.04 | O16: 5 | P16: 11.19 | Q16: 7 | R16: 5 | S16: 9.35 | T16: 0.12 | U16: 10 | V16: =VLOOKUP(A16:A104,'120326'!A16:T104,20,FALSE) -> #N/A | W16: 0 | X16: 20210.97 | Y16: 9578.32 | Z16: 23 | AA16: 60 | AB16: 0 | AC16: 39 | AD16: 97 | AE16: 0 | AF16: 0 | AG16: 0 | AH16: 0 | AI16: 0 | AJ16: 0 | AK16: 0 | AL16: 0 | AM16: 0 | AN16: 0 | AO16: 0 | AP16: 0 | AQ16: 0 | AR16: 0 | AS16: 0 | AT16: 134 | AU16: 105 | AV16: 0 | AW16: 164 | AX16: 168 | AY16: 0 | AZ16: 0 | BA16: 0 | BB16: 0 | BC16: 0 | BD16: 10 | BE16: 155 | BF16: 72 | BG16: 130 | BH16: 3 | BI16: 0 | BJ16: 0 | BK16: 0 | BL16: 0 | BM16: 0
A17: 48084 | B17: ZUKO 8 S HORCHATA EXH | C17: 12 | D17: 677 | E17: TRESMONTES LUCHETTI (NUTRESA) | F17: 690 | G17: TRESMONTES LUCCHETTI (ZUKO) | H17: 54.9167 | I17: 659.0004 | J17: =K17*I17 -> 0 | K17: =SUM(O17+R17+U17) -> 0 | M17: 6.96 | N17: 25.67 | O17: =MAX(0,(TRUNC((M17*0.8)-N17))) -> 0 | P17: 5.5 | Q17: 12.5 | R17: =MAX(0,(TRUNC((P17*0.8)-Q17))) -> 0 | S17: 15.17 | T17: 0.08 | U17: 0 | V17: =VLOOKUP(A17:A105,'120326'!A17:T105,20,FALSE) -> 30 | W17: 0 | X17: 18204.89 | Y17: 25206.77 | Z17: 28 | AA17: 35 | AB17: 6 | AC17: 64 | AD17: 308 | AE17: 0 | AF17: 0 | AG17: 0 | AH17: 0 | AI17: 0 | AJ17: 0 | AK17: 0 | AL17: 0 | AM17: 0 | AN17: 0 | AO17: 0 | AP17: 0 | AQ17: 0 | AR17: 0 | AS17: 0 | AT17: 18 | AU17: 13 | AV17: 26 | AW17: 31 | AX17: 150 | AY17: 0 | AZ17: 0 | BA17: 0 | BB17: 0 | BC17: 0 | BD17: 9 | BE17: 69 | BF17: 133 | BG17: 11 | BH17: 1 | BI17: 0 | BJ17: 0 | BK17: 0 | BL17: 0 | BM17: 0
A18: 47027 | B18: CHOC CREMINO FRUTOS ROJOS 408GR/ 24 NUTRESA | C18: 16 | D18: 677 | E18: TRESMONTES LUCHETTI (NUTRESA) | F18: 999 | G18: PRODUCTOS A ELIMINAR | H18: 56.59 | I18: 905.44 | J18: =K18*I18 -> 9054.4 | K18: =SUM(O18+R18+U18) -> 10 | L18: 20+1 | M18: 2.72 | N18: 1.81 | O18: 5 | P18: 6.72 | Q18: 4.88 | R18: =MAX(0,(TRUNC((P18*0.8)-Q18))) -> 0 | S18: 9.62 | T18: 3.94 | U18: 5 | V18: =VLOOKUP(A18:A106,'120326'!A18:T106,20,FALSE) -> #N/A | W18: 0 | X18: 17259.95 | Y18: 9620.3 | Z18: 30 | AA18: 27 | AB18: 0 | AC18: 0 | AD18: 29 | AE18: 0 | AF18: 0 | AG18: 0 | AH18: 0 | AI18: 0 | AJ18: 0 | AK18: 0 | AL18: 0 | AM18: 0 | AN18: 0 | AO18: 0 | AP18: 0 | AQ18: 0 | AR18: 0 | AS18: 0 | AT18: 69 | AU18: 77 | AV18: 0 | AW18: 0 | AX18: 78 | AY18: 0 | AZ18: 0 | BA18: 0 | BB18: 0 | BC18: 0 | BD18: 83 | BE18: 142 | BF18: 0 | BG18: 0 | BH18: 63 | BI18: 0 | BJ18: 0 | BK18: 0 | BL18: 0 | BM18: 0
A19: 47029 | B19: NUCITA TRIANG TRISABOR /12 NUTRESA 2694 | C19: 24 | D19: 677 | E19: TRESMONTES LUCHETTI (NUTRESA) | F19: 61 | G19: NUTRESA SA DE CV | H19: 41.26 | I19: 990.24 | J19: =K19*I19 -> 19804.8 | K19: 20 | M19: 3.79 | N19: 3.33 | O19: 5 | P19: 6.4 | Q19: 7.79 | R19: =MAX(0,(TRUNC((P19*0.8)-Q19))) -> 0 | S19: 4.33 | T19: -0.79 | U19: 5 | V19: =VLOOKUP(A19:A107,'120326'!A19:T107,20,FALSE) -> #N/A | W19: 0 | X19: 14379.11 | Y19: 10232.48 | Z19: 17 | AA19: 47 | AB19: 43 | AC19: 15 | AD19: 80 | AE19: 0 | AF19: 0 | AG19: 0 | AH19: 0 | AI19: 0 | AJ19: 0 | AK19: 0 | AL19: 0 | AM19: 0 | AN19: 0 | AO19: 0 | AP19: 0 | AQ19: 0 | AR19: 0 | AS19: 0 | AT19: 59 | AU19: 86 | AV19: 33 | AW19: 37 | AX19: 187 | AY19: 0 | AZ19: 0 | BA19: 0 | BB19: 0 | BC19: 0 | BD19: 18 | BE19: 90 | BF19: 25 | BG19: 32 | BH19: -19 | BI19: 0 | BJ19: 0 | BK19: 0 | BL19: 0 | BM19: 0
A20: 48067 | B20: ZUKO 8 S LIMON EXH | C20: 12 | D20: 677 | E20: TRESMONTES LUCHETTI (NUTRESA) | F20: 690 | G20: TRESMONTES LUCCHETTI (ZUKO) | H20: 54.9167 | I20: 659.0004 | J20: =K20*I20 -> 0 | K20: =SUM(O20+R20+U20) -> 0 | M20: 4.04 | N20: 25.67 | O20: =MAX(0,(TRUNC((M20*0.8)-N20))) -> 0 | P20: 5.62 | Q20: 12.75 | R20: =MAX(0,(TRUNC((P20*0.8)-Q20))) -> 0 | S20: 11.58 | T20: 0.17 | U20: 0 | V20: =VLOOKUP(A20:A108,'120326'!A20:T108,20,FALSE) -> 30 | W20: 0 | X20: 14003.76 | Y20: 25426.43 | Z20: 16 | AA20: 22 | AB20: 0 | AC20: 43 | AD20: 308 | AE20: 0 | AF20: 0 | AG20: 0 | AH20: 0 | AI20: 0 | AJ20: 0 | AK20: 0 | AL20: 0 | AM20: 0 | AN20: 0 | AO20: 0 | AP20: 0 | AQ20: 0 | AR20: 0 | AS20: 0 | AT20: 24 | AU20: 24 | AV20: 20 | AW20: 23 | AX20: 153 | AY20: 0 | AZ20: 0 | BA20: 0 | BB20: 0 | BC20: 0 | BD20: 5 | BE20: 50 | BF20: 87 | BG20: 44 | BH20: 2 | BI20: 0 | BJ20: 0 | BK20: 0 | BL20: 0 | BM20: 0
A21: 48069 | B21: ZUKO 8 S MANGO EXH | C21: 12 | D21: 677 | E21: TRESMONTES LUCHETTI (NUTRESA) | F21: 690 | G21: TRESMONTES LUCCHETTI (ZUKO) | H21: 54.9167 | I21: 659.0004 | J21: =K21*I21 -> 0 | K21: =SUM(O21+R21+U21) -> 0 | M21: 6.79 | N21: 9.5 | O21: =MAX(0,(TRUNC((M21*0.8)-N21))) -> 0 | P21: 4.62 | Q21: 11.5 | R21: =MAX(0,(TRUNC((P21*0.8)-Q21))) -> 0 | S21: 9.17 | T21: 1.25 | U21: 0 | V21: =VLOOKUP(A21:A109,'120326'!A21:T109,20,FALSE) -> 15 | W21: 0 | X21: 13564.42 | Y21: 14662.76 | Z21: 18 | AA21: 17 | AB21: 34 | AC21: 42 | AD21: 114 | AE21: 0 | AF21: 0 | AG21: 0 | AH21: 0 | AI21: 0 | AJ21: 0 | AK21: 0 | AL21: 0 | AM21: 0 | AN21: 0 | AO21: 0 | AP21: 0 | AQ21: 0 | AR21: 0 | AS21: 0 | AT21: 6 | AU21: 7 | AV21: 42 | AW21: 8 | AX21: 138 | AY21: 0 | AZ21: 0 | BA21: 0 | BB21: 0 | BC21: 0 | BD21: 40 | BE21: 15 | BF21: 47 | BG21: 31 | BH21: 15 | BI21: 0 | BJ21: 0 | BK21: 0 | BL21: 0 | BM21: 0
A22: 47003 | B22: NUCITA FRESA/VAINILLLA /16 NUTRESA | C22: 24 | D22: 677 | E22: TRESMONTES LUCHETTI (NUTRESA) | F22: 61 | G22: NUTRESA SA DE CV | H22: 22.316 | I22: 535.584 | J22: =K22*I22 -> 0 | K22: =SUM(O22+R22+U22) -> 0 | M22: 11.38 | N22: 4.96 | O22: 0 | P22: 9.48 | Q22: 16.21 | R22: =MAX(0,(TRUNC((P22*0.8)-Q22))) -> 0 | S22: 3.83 | T22: 37.17 | U22: 0 | V22: =VLOOKUP(A22:A110,'120326'!A22:T110,20,FALSE) -> #N/A | W22: 0 | X22: 13222.23 | Y22: 31242.4 | Z22: 87 | AA22: 118 | AB22: 96 | AC22: 62 | AD22: 119 | AE22: 0 | AF22: 0 | AG22: 0 | AH22: 0 | AI22: 0 | AJ22: 0 | AK22: 0 | AL22: 0 | AM22: 0 | AN22: 0 | AO22: 0 | AP22: 0 | AQ22: 0 | AR22: 0 | AS22: 0 | AT22: 116 | AU22: 25 | AV22: 54 | AW22: 90 | AX22: 389 | AY22: 0 | AZ22: 0 | BA22: 0 | BB22: 0 | BC22: 0 | BD22: 22 | BE22: 52 | BF22: 29 | BG22: 30 | BH22: 892 | BI22: 0 | BJ22: 0 | BK22: 0 | BL22: 0 | BM22: 0
A23: 47004 | B23: NUCITA FRESA Y CHOCOLATE 224GR /16 NUTRESA | C23: 24 | D23: 677 | E23: TRESMONTES LUCHETTI (NUTRESA) | F23: 61 | G23: NUTRESA SA DE CV | H23: 22.316 | I23: 535.584 | J23: =K23*I23 -> 0 | K23: =SUM(O23+R23+U23) -> 0 | M23: 8.21 | N23: 0 | O23: 0 | P23: 8.21 | Q23: 12.5 | R23: =MAX(0,(TRUNC((P23*0.8)-Q23))) -> 0 | S23: 7.85 | T23: 59.08 | U23: 0 | V23: =VLOOKUP(A23:A111,'120326'!A23:T111,20,FALSE) -> #N/A | W23: 0 | X23: 12999.07 | Y23: 38338.89 | Z23: 0 | AA23: 0 | AB23: 155 | AC23: 84 | AD23: 0 | AE23: 0 | AF23: 0 | AG23: 0 | AH23: 0 | AI23: 0 | AJ23: 0 | AK23: 0 | AL23: 0 | AM23: 0 | AN23: 0 | AO23: 0 | AP23: 0 | AQ23: 0 | AR23: 0 | AS23: 0 | AT23: 45 | AU23: 52 | AV23: 98 | AW23: 56 | AX23: 300 | AY23: 0 | AZ23: 0 | BA23: 0 | BB23: 0 | BC23: 0 | BD23: 43 | BE23: 41 | BF23: 97 | BG23: 56 | BH23: 1418 | BI23: 0 | BJ23: 0 | BK23: 0 | BL23: 0 | BM23: 0
A24: 48068 | B24: ZUKO 8 S TAMARINDO EXH | C24: 12 | D24: 677 | E24: TRESMONTES LUCHETTI (NUTRESA) | F24: 690 | G24: TRESMONTES LUCCHETTI (ZUKO) | H24: 54.9167 | I24: 659.0004 | J24: =K24*I24 -> 0 | K24: =SUM(O24+R24+U24) -> 0 | M24: 6.5 | N24: 10.67 | O24: =MAX(0,(TRUNC((M24*0.8)-N24))) -> 0 | P24: 2.67 | Q24: -0.08 | R24: 0 | S24: 8.88 | T24: 0 | U24: 0 | V24: =VLOOKUP(A24:A112,'120326'!A24:T112,20,FALSE) -> 15 | W24: 0 | X24: 11889.47 | Y24: 6974.42 | Z24: 16 | AA24: 0 | AB24: 44 | AC24: 36 | AD24: 128 | AE24: 0 | AF24: 0 | AG24: 0 | AH24: 0 | AI24: 0 | AJ24: 0 | AK24: 0 | AL24: 0 | AM24: 0 | AN24: 0 | AO24: 0 | AP24: 0 | AQ24: 0 | AR24: 0 | AS24: 0 | AT24: 0 | AU24: 20 | AV24: 11 | AW24: 22 | AX24: -1 | AY24: 0 | AZ24: 0 | BA24: 0 | BB24: 0 | BC24: 0 | BD24: 0 | BE24: 0 | BF24: 76 | BG24: 61 | BH24: 0 | BI24: 0 | BJ24: 0 | BK24: 0 | BL24: 0 | BM24: 0
A25: 48082 | B25: ZUKO 8 S PIÑA EXH | C25: 12 | D25: 677 | E25: TRESMONTES LUCHETTI (NUTRESA) | F25: 690 | G25: TRESMONTES LUCCHETTI (ZUKO) | H25: 54.9167 | I25: 659.0004 | J25: =K25*I25 -> 0 | K25: =SUM(O25+R25+U25) -> 0 | M25: 5.62 | N25: 10.5 | O25: =MAX(0,(TRUNC((M25*0.8)-N25))) -> 0 | P25: 1.79 | Q25: 0 | R25: 0 | S25: 9.79 | T25: 2.25 | U25: 0 | V25: =VLOOKUP(A25:A113,'120326'!A25:T113,20,FALSE) -> 15 | W25: 0 | X25: 11340.3 | Y25: 8402.26 | Z25: 17 | AA25: 4 | AB25: 36 | AC25: 25 | AD25: 126 | AE25: 0 | AF25: 0 | AG25: 0 | AH25: 0 | AI25: 0 | AJ25: 0 | AK25: 0 | AL25: 0 | AM25: 0 | AN25: 0 | AO25: 0 | AP25: 0 | AQ25: 0 | AR25: 0 | AS25: 0 | AT25: 0 | AU25: 0 | AV25: 15 | AW25: 13 | AX25: 0 | AY25: 0 | AZ25: 0 | BA25: 0 | BB25: 0 | BC25: 0 | BD25: 44 | BE25: 13 | BF25: 50 | BG25: 34 | BH25: 27 | BI25: 0 | BJ25: 0 | BK25: 0 | BL25: 0 | BM25: 0
A26: 47002 | B26: NUCITA VAINILLA Y CHOCOLATE 240GR /16 NUTRES 78 | C26: 24 | D26: 677 | E26: TRESMONTES LUCHETTI (NUTRESA) | F26: 61 | G26: NUTRESA SA DE CV | H26: 22.316 | I26: 535.584 | J26: =K26*I26 -> 0 | K26: =SUM(O26+R26+U26) -> 0 | M26: 9.81 | N26: 2.38 | O26: 0 | P26: 7.21 | Q26: 18.71 | R26: =MAX(0,(TRUNC((P26*0.8)-Q26))) -> 0 | S26: 3.69 | T26: 24.58 | U26: =MAX(0,(TRUNC((S26*0.8)-T26))) -> 0 | V26: =VLOOKUP(A26:A114,'120326'!A26:T114,20,FALSE) -> #N/A | W26: 0 | X26: 11091.05 | Y26: 24458.34 | Z26: 92 | AA26: 61 | AB26: 105 | AC26: 16 | AD26: 57 | AE26: 0 | AF26: 0 | AG26: 0 | AH26: 0 | AI26: 0 | AJ26: 0 | AK26: 0 | AL26: 0 | AM26: 0 | AN26: 0 | AO26: 0 | AP26: 0 | AQ26: 0 | AR26: 0 | AS26: 0 | AT26: 45 | AU26: 51 | AV26: 66 | AW26: 73 | AX26: 449 | AY26: 0 | AZ26: 0 | BA26: 0 | BB26: 0 | BC26: 0 | BD26: 22 | BE26: 30 | BF26: 32 | BG26: 39 | BH26: 590 | BI26: 0 | BJ26: 0 | BK26: 0 | BL26: 0 | BM26: 0
A27: 48085 | B27: ZUKO 8 S FRESA EXH | C27: 12 | D27: 677 | E27: TRESMONTES LUCHETTI (NUTRESA) | F27: 690 | G27: TRESMONTES LUCCHETTI (ZUKO) | H27: 54.9167 | I27: 659.0004 | J27: =K27*I27 -> 0 | K27: =SUM(O27+R27+U27) -> 0 | M27: 7.29 | N27: 9.5 | O27: =MAX(0,(TRUNC((M27*0.8)-N27))) -> 0 | P27: 4.96 | Q27: 0 | R27: 0 | S27: 3.58 | T27: 0 | U27: 0 | V27: =VLOOKUP(A27:A115,'120326'!A27:T115,20,FALSE) -> 0 | W27: 0 | X27: 10434.17 | Y27: 6260.5 | Z27: 30 | AA27: 0 | AB27: 30 | AC27: 55 | AD27: 114 | AE27: 0 | AF27: 0 | AG27: 0 | AH27: 0 | AI27: 0 | AJ27: 0 | AK27: 0 | AL27: 0 | AM27: 0 | AN27: 0 | AO27: 0 | AP27: 0 | AQ27: 0 | AR27: 0 | AS27: 0 | AT27: 24 | AU27: 6 | AV27: 20 | AW27: 25 | AX27: 0 | AY27: 0 | AZ27: 0 | BA27: 0 | BB27: 0 | BC27: 0 | BD27: 0 | BE27: 0 | BF27: 1 | BG27: 84 | BH27: 0 | BI27: 0 | BJ27: 0 | BK27: 0 | BL27: 0 | BM27: 0
A28: 48058 | B28: ZUKO 8 S MELON EXH | C28: 12 | D28: 677 | E28: TRESMONTES LUCHETTI (NUTRESA) | F28: 690 | G28: TRESMONTES LUCCHETTI (ZUKO) | H28: 54.9167 | I28: 659.0004 | J28: =K28*I28 -> 0 | K28: =SUM(O28+R28+U28) -> 0 | M28: 3 | N28: 12.08 | O28: =MAX(0,(TRUNC((M28*0.8)-N28))) -> 0 | P28: 2.54 | Q28: -0.08 | R28: 0 | S28: 6.92 | T28: 0.25 | U28: 0 | V28: =VLOOKUP(A28:A116,'120326'!A28:T116,20,FALSE) -> 0 | W28: 0 | X28: 8210.05 | Y28: 8072.75 | Z28: 11 | AA28: 18 | AB28: 0 | AC28: 32 | AD28: 145 | AE28: 0 | AF28: 0 | AG28: 0 | AH28: 0 | AI28: 0 | AJ28: 0 | AK28: 0 | AL28: 0 | AM28: 0 | AN28: 0 | AO28: 0 | AP28: 0 | AQ28: 0 | AR28: 0 | AS28: 0 | AT28: 0 | AU28: 31 | AV28: 11 | AW28: 8 | AX28: -1 | AY28: 0 | AZ28: 0 | BA28: 0 | BB28: 0 | BC28: 0 | BD28: 25 | BE28: 10 | BF28: 42 | BG28: 22 | BH28: 3 | BI28: 0 | BJ28: 0 | BK28: 0 | BL28: 0 | BM28: 0
A29: 48044 | B29: ZUKO 8 S COCO EXH | C29: 12 | D29: 677 | E29: TRESMONTES LUCHETTI (NUTRESA) | F29: 690 | G29: TRESMONTES LUCCHETTI (ZUKO) | H29: 54.9167 | I29: 659.0004 | J29: =K29*I29 -> 0 | K29: =SUM(O29+R29+U29) -> 0 | M29: 3.29 | N29: 10.75 | O29: =MAX(0,(TRUNC((M29*0.8)-N29))) -> 0 | P29: 2.67 | Q29: 0.08 | R29: 0 | S29: 5.88 | T29: 0 | U29: 0 | V29: =VLOOKUP(A29:A117,'120326'!A29:T117,20,FALSE) -> 0 | W29: 0 | X29: 7798.17 | Y29: 7139.17 | Z29: 15 | AA29: 0 | AB29: 15 | AC29: 19 | AD29: 129 | AE29: 0 | AF29: 0 | AG29: 0 | AH29: 0 | AI29: 0 | AJ29: 0 | AK29: 0 | AL29: 0 | AM29: 0 | AN29: 0 | AO29: 0 | AP29: 0 | AQ29: 0 | AR29: 0 | AS29: 0 | AT29: 1 | AU29: 24 | AV29: 11 | AW29: 16 | AX29: 1 | AY29: 0 | AZ29: 0 | BA29: 0 | BB29: 0 | BC29: 0 | BD29: 7 | BE29: 13 | BF29: 48 | BG29: 18 | BH29: 0 | BI29: 0 | BJ29: 0 | BK29: 0 | BL29: 0 | BM29: 0
A30: 48055 | B30: ZUKO 8 S GUAYABA EXH | C30: 12 | D30: 677 | E30: TRESMONTES LUCHETTI (NUTRESA) | F30: 690 | G30: TRESMONTES LUCCHETTI (ZUKO) | H30: 54.9167 | I30: 659.0004 | J30: =K30*I30 -> 0 | K30: =SUM(O30+R30+U30) -> 0 | M30: 3.21 | N30: 11.92 | O30: =MAX(0,(TRUNC((M30*0.8)-N30))) -> 0 | P30: 2.29 | Q30: 0.08 | R30: 0 | S30: 4.5 | T30: 0 | U30: 0 | V30: =VLOOKUP(A30:A118,'120326'!A30:T118,20,FALSE) -> #N/A | W30: 0 | X30: 6590 | Y30: 7908 | Z30: 3 | AA30: 20 | AB30: 22 | AC30: 7 | AD30: 143 | AE30: 0 | AF30: 0 | AG30: 0 | AH30: 0 | AI30: 0 | AJ30: 0 | AK30: 0 | AL30: 0 | AM30: 0 | AN30: 0 | AO30: 0 | AP30: 0 | AQ30: 0 | AR30: 0 | AS30: 0 | AT30: 4 | AU30: 24 | AV30: 9 | AW30: 5 | AX30: 1 | AY30: 0 | AZ30: 0 | BA30: 0 | BB30: 0 | BC30: 0 | BD30: 0 | BE30: 1 | BF30: 36 | BG30: 35 | BH30: 0 | BI30: 0 | BJ30: 0 | BK30: 0 | BL30: 0 | BM30: 0
A31: 48063 | B31: ZUKO 8 S PIÑA COLADA EXH | C31: 12 | D31: 677 | E31: TRESMONTES LUCHETTI (NUTRESA) | F31: 690 | G31: TRESMONTES LUCCHETTI (ZUKO) | H31: 54.9167 | I31: 659.0004 | J31: =K31*I31 -> 0 | K31: =SUM(O31+R31+U31) -> 0 | M31: 4.29 | N31: 14 | O31: =MAX(0,(TRUNC((M31*0.8)-N31))) -> 0 | P31: 2.67 | Q31: 0.08 | R31: 0 | S31: 2.83 | T31: 1.17 | U31: 0 | V31: =VLOOKUP(A31:A119,'120326'!A31:T119,20,FALSE) -> #N/A | W31: 0 | X31: 6452.71 | Y31: 10049.76 | Z31: 12 | AA31: 14 | AB31: 22 | AC31: 21 | AD31: 168 | AE31: 0 | AF31: 0 | AG31: 0 | AH31: 0 | AI31: 0 | AJ31: 0 | AK31: 0 | AL31: 0 | AM31: 0 | AN31: 0 | AO31: 0 | AP31: 0 | AQ31: 0 | AR31: 0 | AS31: 0 | AT31: 2 | AU31: 27 | AV31: 13 | AW31: 7 | AX31: 1 | AY31: 0 | AZ31: 0 | BA31: 0 | BB31: 0 | BC31: 0 | BD31: 14 | BE31: 21 | BF31: 0 | BG31: 19 | BH31: 14 | BI31: 0 | BJ31: 0 | BK31: 0 | BL31: 0 | BM31: 0
A32: 47014 | B32: CHOC BALONES BLISTER/56 NUTRESA 1398 | C32: 24 | D32: 677 | E32: TRESMONTES LUCHETTI (NUTRESA) | F32: 61 | G32: NUTRESA SA DE CV | H32: 43.3191 | I32: 1039.6584 | J32: =K32*I32 -> 0 | K32: =SUM(O32+R32+U32) -> 0 | M32: 0.88 | N32: 1.79 | O32: =MAX(0,(TRUNC((M32*0.8)-N32))) -> 0 | P32: 2.69 | Q32: 3 | R32: 0 | S32: 1.67 | T32: 2 | U32: 0 | V32: =VLOOKUP(A32:A120,'120326'!A32:T120,20,FALSE) -> #N/A | W32: 0 | X32: 5436.55 | Y32: 7061.01 | Z32: 9 | AA32: 7 | AB32: 2 | AC32: 13 | AD32: 43 | AE32: 0 | AF32: 0 | AG32: 0 | AH32: 0 | AI32: 0 | AJ32: 0 | AK32: 0 | AL32: 0 | AM32: 0 | AN32: 0 | AO32: 0 | AP32: 0 | AQ32: 0 | AR32: 0 | AS32: 0 | AT32: 20 | AU32: 17 | AV32: 33 | AW32: 6 | AX32: 72 | AY32: 0 | AZ32: 0 | BA32: 0 | BB32: 0 | BC32: 0 | BD32: 12 | BE32: 0 | BF32: 18 | BG32: 20 | BH32: 48 | BI32: 0 | BJ32: 0 | BK32: 0 | BL32: 0 | BM32: 0
A33: 48029 | B33: ZUKO 8 S UVA EXH | C33: 12 | D33: 677 | E33: TRESMONTES LUCHETTI (NUTRESA) | F33: 690 | G33: TRESMONTES LUCCHETTI (ZUKO) | H33: 54.9167 | I33: 659.0004 | J33: =K33*I33 -> 0 | K33: =SUM(O33+R33+U33) -> 0 | M33: 2.92 | N33: 11.42 | O33: =MAX(0,(TRUNC((M33*0.8)-N33))) -> 0 | P33: 2.5 | Q33: 0.42 | R33: 0 | S33: 1.71 | T33: 0.08 | U33: 0 | V33: =VLOOKUP(A33:A121,'120326'!A33:T121,20,FALSE) -> 0 | W33: 0 | X33: 4695.38 | Y33: 7853.09 | Z33: 8 | AA33: 31 | AB33: 0 | AC33: 23 | AD33: 137 | AE33: 0 | AF33: 0 | AG33: 0 | AH33: 0 | AI33: 0 | AJ33: 0 | AK33: 0 | AL33: 0 | AM33: 0 | AN33: 0 | AO33: 0 | AP33: 0 | AQ33: 0 | AR33: 0 | AS33: 0 | AT33: 7 | AU33: 21 | AV33: 10 | AW33: 5 | AX33: 5 | AY33: 0 | AZ33: 0 | BA33: 0 | BB33: 0 | BC33: 0 | BD33: 3 | BE33: 17 | BF33: 0 | BG33: 18 | BH33: 1 | BI33: 0 | BJ33: 0 | BK33: 0 | BL33: 0 | BM33: 0
A34: 47026 | B34: CHOC MUIBON ROLL C&C 315GR/ 15 NUTRESA | C34: 12 | D34: 677 | E34: TRESMONTES LUCHETTI (NUTRESA) | F34: 999 | G34: PRODUCTOS A ELIMINAR | H34: 48.56 | I34: 582.72 | J34: =K34*I34 -> 0 | K34: =SUM(O34+R34+U34) -> 0 | M34: 0 | N34: 0 | O34: =MAX(0,(TRUNC((M34*0.8)-N34))) -> 0 | P34: 4.58 | Q34: 10.75 | R34: =MAX(0,(TRUNC((P34*0.8)-Q34))) -> 0 | S34: 2.67 | T34: 2.33 | U34: 0 | V34: =VLOOKUP(A34:A122,'120326'!A34:T122,20,FALSE) -> #N/A | W34: 0 | X34: 4224.72 | Y34: 7623.92 | Z34: 0 | AA34: 0 | AB34: 0 | AC34: 0 | AD34: 0 | AE34: 0 | AF34: 0 | AG34: 0 | AH34: 0 | AI34: 0 | AJ34: 0 | AK34: 0 | AL34: 0 | AM34: 0 | AN34: 0 | AO34: 0 | AP34: 0 | AQ34: 0 | AR34: 0 | AS34: 0 | AT34: 33 | AU34: 44 | AV34: 0 | AW34: 0 | AX34: 129 | AY34: 0 | AZ34: 0 | BA34: 0 | BB34: 0 | BC34: 0 | BD34: 24 | BE34: 16 | BF34: 0 | BG34: 0 | BH34: 28 | BI34: 0 | BJ34: 0 | BK34: 0 | BL34: 0 | BM34: 0
A35: 47019 | B35: BOLSA CHOCO MIX 815 GR / 69 NUTRESA | C35: 8 | D35: 677 | E35: TRESMONTES LUCHETTI (NUTRESA) | F35: 61 | G35: NUTRESA SA DE CV | H35: 152.41 | I35: 1219.28 | J35: =K35*I35 -> 0 | K35: =SUM(O35+R35+U35) -> 0 | M35: 0.12 | N35: 3.25 | O35: =MAX(0,(TRUNC((M35*0.8)-N35))) -> 0 | P35: 1 | Q35: 1.12 | R35: =MAX(0,(TRUNC((P35*0.8)-Q35))) -> 0 | S35: 2.19 | T35: 0.62 | U35: 0 | V35: =VLOOKUP(A35:A123,'120326'!A35:T123,20,FALSE) -> #N/A | W35: 0 | X35: 4038.86 | Y35: 6096.4 | Z35: 0 | AA35: 0 | AB35: 1 | AC35: 0 | AD35: 26 | AE35: 0 | AF35: 0 | AG35: 0 | AH35: 0 | AI35: 0 | AJ35: 0 | AK35: 0 | AL35: 0 | AM35: 0 | AN35: 0 | AO35: 0 | AP35: 0 | AQ35: 0 | AR35: 0 | AS35: 0 | AT35: 1 | AU35: 2 | AV35: 6 | AW35: 0 | AX35: 9 | AY35: 0 | AZ35: 0 | BA35: 0 | BB35: 0 | BC35: 0 | BD35: 1 | BE35: 0 | BF35: 16 | BG35: 1 | BH35: 5 | BI35: 0 | BJ35: 0 | BK35: 0 | BL35: 0 | BM35: 0
A36: 48049 | B36: ZUKO 8 S SANDIA EXH | C36: 12 | D36: 677 | E36: TRESMONTES LUCHETTI (NUTRESA) | F36: 690 | G36: TRESMONTES LUCCHETTI (ZUKO) | H36: 54.9167 | I36: 659.0004 | J36: =K36*I36 -> 0 | K36: =SUM(O36+R36+U36) -> 0 | M36: 2.5 | N36: 0 | O36: 0 | P36: 1.46 | Q36: 0 | R36: 0 | S36: 0.42 | T36: 0 | U36: 0 | V36: =VLOOKUP(A36:A124,'120326'!A36:T124,20,FALSE) -> 0 | W36: 0 | X36: 2883.13 | Y36: 0 | Z36: 0 | AA36: 1 | AB36: 12 | AC36: 35 | AD36: 0 | AE36: 0 | AF36: 0 | AG36: 0 | AH36: 0 | AI36: 0 | AJ36: 0 | AK36: 0 | AL36: 0 | AM36: 0 | AN36: 0 | AO36: 0 | AP36: 0 | AQ36: 0 | AR36: 0 | AS36: 0 | AT36: 0 | AU36: 0 | AV36: 12 | AW36: 11 | AX36: 0 | AY36: 0 | AZ36: 0 | BA36: 0 | BB36: 0 | BC36: 0 | BD36: 0 | BE36: 0 | BF36: 1 | BG36: 8 | BH36: 0 | BI36: 0 | BJ36: 0 | BK36: 0 | BL36: 0 | BM36: 0
A37: 48066 | B37: ZUKO 8 S MANDARINA EXH | C37: 12 | D37: 677 | E37: TRESMONTES LUCHETTI (NUTRESA) | F37: 690 | G37: TRESMONTES LUCCHETTI (ZUKO) | H37: 54.9167 | I37: 659.0004 | J37: =K37*I37 -> 0 | K37: =SUM(O37+R37+U37) -> 0 | M37: 0.75 | N37: 0 | O37: =MAX(0,(TRUNC((M37*0.8)-N37))) -> 0 | P37: 2.21 | Q37: 2.42 | R37: =MAX(0,(TRUNC((P37*0.8)-Q37))) -> 0 | S37: 1.33 | T37: -0.08 | U37: 0 | V37: =VLOOKUP(A37:A125,'120326'!A37:T125,20,FALSE) -> 0 | W37: 0 | X37: 2828.21 | Y37: 1537.67 | Z37: 0 | AA37: 18 | AB37: 0 | AC37: 0 | AD37: 0 | AE37: 0 | AF37: 0 | AG37: 0 | AH37: 0 | AI37: 0 | AJ37: 0 | AK37: 0 | AL37: 0 | AM37: 0 | AN37: 0 | AO37: 0 | AP37: 0 | AQ37: 0 | AR37: 0 | AS37: 0 | AT37: 11 | AU37: 11 | AV37: 5 | AW37: 10 | AX37: 29 | AY37: 0 | AZ37: 0 | BA37: 0 | BB37: 0 | BC37: 0 | BD37: 9 | BE37: 9 | BF37: 0 | BG37: 5 | BH37: -1 | BI37: 0 | BJ37: 0 | BK37: 0 | BL37: 0 | BM37: 0
A38: 47210 | B38: CREMINO AVELLANA UNTABLE (350G) / 1 NUTRESA | C38: 12 | D38: 677 | E38: TRESMONTES LUCHETTI (NUTRESA) | F38: 61 | G38: NUTRESA SA DE CV | H38: 48.1554 | I38: 577.8648 | J38: =K38*I38 -> 0 | K38: =SUM(O38+R38+U38) -> 0 | M38: 0.75 | N38: 0.08 | O38: =MAX(0,(TRUNC((M38*0.8)-N38))) -> 0 | P38: 3.46 | Q38: 1.83 | R38: =MAX(0,(TRUNC((P38*0.8)-Q38))) -> 0 | S38: 0 | T38: 0.67 | U38: 0 | V38: =VLOOKUP(A38:A126,'120326'!A38:T126,20,FALSE) -> #N/A | W38: 0 | X38: 2431.85 | Y38: 1492.82 | Z38: 0 | AA38: 1 | AB38: 1 | AC38: 15 | AD38: 1 | AE38: 0 | AF38: 0 | AG38: 0 | AH38: 0 | AI38: 0 | AJ38: 0 | AK38: 0 | AL38: 0 | AM38: 0 | AN38: 0 | AO38: 0 | AP38: 0 | AQ38: 0 | AR38: 0 | AS38: 0 | AT38: 18 | AU38: 20 | AV38: 5 | AW38: 17 | AX38: 22 | AY38: 0 | AZ38: 0 | BA38: 0 | BB38: 0 | BC38: 0 | BD38: 0 | BE38: 0 | BF38: 0 | BG38: 0 | BH38: 8 | BI38: 0 | BJ38: 0 | BK38: 0 | BL38: 0 | BM38: 0
A39: 48080 | B39: ZUKO 8 S DURAZNO EXH | C39: 12 | D39: 677 | E39: TRESMONTES LUCHETTI (NUTRESA) | F39: 690 | G39: TRESMONTES LUCCHETTI (ZUKO) | H39: 54.9167 | I39: 659.0004 | J39: =K39*I39 -> 0 | K39: =SUM(O39+R39+U39) -> 0 | M39: 0 | N39: 0 | O39: =MAX(0,(TRUNC((M39*0.8)-N39))) -> 0 | P39: 2.12 | Q39: 0 | R39: 0 | S39: 0.96 | T39: 0 | U39: =MAX(0,(TRUNC((S39*0.8)-T39))) -> 0 | V39: =VLOOKUP(A39:A127,'120326'!A39:T127,20,FALSE) -> 0 | W39: 0 | X39: 2031.92 | Y39: 0 | Z39: 0 | AA39: 0 | AB39: 0 | AC39: 0 | AD39: 0 | AE39: 0 | AF39: 0 | AG39: 0 | AH39: 0 | AI39: 0 | AJ39: 0 | AK39: 0 | AL39: 0 | AM39: 0 | AN39: 0 | AO39: 0 | AP39: 0 | AQ39: 0 | AR39: 0 | AS39: 0 | AT39: 0 | AU39: 0 | AV39: 15 | AW39: 21 | AX39: 0 | AY39: 0 | AZ39: 0 | BA39: 0 | BB39: 0 | BC39: 0 | BD39: 0 | BE39: 12 | BF39: 0 | BG39: 11 | BH39: 0 | BI39: 0 | BJ39: 0 | BK39: 0 | BL39: 0 | BM39: 0
A40: 47036 | B40: CHOC RACING BLISTER NUTRESA /56 1476 | C40: 24 | D40: 677 | E40: TRESMONTES LUCHETTI (NUTRESA) | F40: 61 | G40: NUTRESA SA DE CV | H40: 38.6661 | I40: 927.9864 | J40: =K40*I40 -> 0 | K40: =SUM(O40+R40+U40) -> 0 | M40: 1.27 | N40: 0 | O40: 0 | P40: 0 | Q40: 0 | R40: =MAX(0,(TRUNC((P40*0.8)-Q40))) -> 0 | S40: 0.17 | T40: 0 | U40: =MAX(0,(TRUNC((S40*0.8)-T40))) -> 0 | V40: =VLOOKUP(A40:A128,'120326'!A40:T128,20,FALSE) -> 0 | W40: 0 | X40: 1333.98 | Y40: 0 | Z40: 0 | AA40: 0 | AB40: 28 | AC40: 5 | AD40: 0 | AE40: 0 | AF40: 0 | AG40: 0 | AH40: 0 | AI40: 0 | AJ40: 0 | AK40: 0 | AL40: 0 | AM40: 0 | AN40: 0 | AO40: 0 | AP40: 0 | AQ40: 0 | AR40: 0 | AS40: 0 | AT40: 0 | AU40: 0 | AV40: 0 | AW40: 0 | AX40: 0 | AY40: 0 | AZ40: 0 | BA40: 0 | BB40: 0 | BC40: 0 | BD40: 0 | BE40: 0 | BF40: 4 | BG40: 0 | BH40: 0 | BI40: 0 | BJ40: 0 | BK40: 0 | BL40: 0 | BM40: 0
A41: 48056 | B41: ZUKO 8 S GUANABANA EXH | C41: 12 | D41: 677 | E41: TRESMONTES LUCHETTI (NUTRESA) | F41: 690 | G41: TRESMONTES LUCCHETTI (ZUKO) | H41: 54.9167 | I41: 659.0004 | J41: =K41*I41 -> 0 | K41: =SUM(O41+R41+U41) -> 0 | M41: 0 | N41: 0 | O41: =MAX(0,(TRUNC((M41*0.8)-N41))) -> 0 | P41: 1 | Q41: 0 | R41: =MAX(0,(TRUNC((P41*0.8)-Q41))) -> 0 | S41: 0.79 | T41: 0 | U41: =MAX(0,(TRUNC((S41*0.8)-T41))) -> 0 | V41: =VLOOKUP(A41:A129,'120326'!A41:T129,20,FALSE) -> 0 | W41: 0 | X41: 1180.71 | Y41: 0 | Z41: 0 | AA41: 0 | AB41: 0 | AC41: 0 | AD41: 0 | AE41: 0 | AF41: 0 | AG41: 0 | AH41: 0 | AI41: 0 | AJ41: 0 | AK41: 0 | AL41: 0 | AM41: 0 | AN41: 0 | AO41: 0 | AP41: 0 | AQ41: 0 | AR41: 0 | AS41: 0 | AT41: 0 | AU41: 0 | AV41: 9 | AW41: 6 | AX41: 0 | AY41: 0 | AZ41: 0 | BA41: 0 | BB41: 0 | BC41: 0 | BD41: 0 | BE41: 0 | BF41: 0 | BG41: 19 | BH41: 0 | BI41: 0 | BJ41: 0 | BK41: 0 | BL41: 0 | BM41: 0
